TotalSales,ItemCount,UniqueCategories,ShippingDays,OrderYear,OrderMonth,OrderDay,OrderDayOfWeek,OrderQuarter,IsWeekend,IsHolidaySeason,AvgItemPrice,LogTotalSales,Segment_Consumer,Segment_Corporate,Segment_Home Office,Region_Central,Region_East,Region_South,Region_West,ShipMode_First Class,ShipMode_Same Day,ShipMode_Second Class,ShipMode_Standard Class
377.97,1,1,6,2022,9,7,2,3,0,0,377.97,5.937457046276627,1,0,0,0,1,0,0,0,0,0,1
699.192,2,2,4,2022,7,8,4,3,0,0,349.596,6.551354583148241,0,1,0,0,0,0,1,0,0,0,1
91.056,1,1,4,2022,3,14,0,1,0,0,91.056,4.522397087521157,0,0,1,0,0,1,0,0,0,0,1
3.928,1,1,6,2022,1,28,4,1,0,0,3.928,1.5949332262312186,1,0,0,0,1,0,0,0,0,0,1
21.375999999999998,2,1,7,2022,4,8,4,2,0,0,10.687999999999999,3.1079889558996587,0,1,0,0,0,0,1,0,0,0,1
14.62,1,1,4,2022,5,25,2,2,0,0,14.62,2.7485521444115397,1,0,0,0,1,0,0,0,0,0,1
697.074,4,3,4,2022,4,18,0,2,0,0,174.2685,6.548325114334924,1,0,0,1,0,0,0,0,0,0,1
129.44,2,2,2,2022,12,16,4,4,0,1,64.72,4.870913350921119,1,0,0,0,0,1,0,0,0,1,0
508.62,4,1,5,2022,11,24,3,4,0,1,127.155,6.233665349955649,0,1,0,1,0,0,0,0,0,0,1
18.75,1,1,4,2022,3,26,5,1,1,0,18.75,2.9831534913471307,1,0,0,0,0,0,1,0,0,1,0
321.552,1,1,5,2022,10,19,2,4,0,0,321.552,5.7762643635480835,0,0,1,0,0,0,1,0,0,0,1
302.376,1,1,4,2022,3,28,0,1,0,0,302.376,5.714972960291848,0,0,1,0,0,0,1,0,0,0,1
605.47,3,2,4,2022,6,2,3,2,0,0,201.82333333333335,6.407655263022215,1,0,0,0,0,1,0,0,0,0,1
788.8600000000001,3,2,5,2022,10,21,4,4,0,0,262.9533333333334,6.6718557145667265,0,1,0,0,0,1,0,0,0,0,1
166.44,1,1,5,2022,11,19,5,4,1,1,166.44,5.120625078137744,0,0,1,0,0,0,1,0,0,1,0
2.394,1,1,2,2022,12,2,4,4,0,1,2.394,1.2220091668120345,1,0,0,1,0,0,0,1,0,0,0
100.704,1,1,5,2022,12,9,4,4,0,1,100.704,4.6220666336478216,0,1,0,0,0,0,1,0,0,0,1
13.36,1,1,3,2022,8,27,5,3,1,0,13.36,2.664446563620078,1,0,0,0,0,1,0,0,0,1,0
296.712,1,1,4,2022,12,22,3,4,0,1,296.712,5.696126576245286,0,0,1,0,1,0,0,0,0,0,1
269.36,1,1,6,2022,12,7,2,4,0,1,269.36,5.599754404232153,0,0,1,0,0,0,1,0,0,0,1
8.016,1,1,4,2022,12,26,0,4,0,1,8.016,2.199000776737475,0,1,0,0,1,0,0,0,0,0,1
59.92,1,1,5,2022,4,20,2,2,0,0,59.92,4.109561528026961,1,0,0,0,0,0,1,0,0,0,1
69.99,1,1,1,2022,9,12,0,3,0,0,69.99,4.262539022051294,0,0,1,0,1,0,0,1,0,0,0
542.34,4,2,3,2022,11,28,0,4,0,1,135.585,6.297735274996073,0,1,0,0,0,1,0,0,0,1,0
803.9599999999999,2,2,3,2022,12,15,3,4,0,1,401.97999999999996,6.690792586743008,1,0,0,1,0,0,0,1,0,0,0
1.869,1,1,4,2022,3,31,3,1,0,0,1.869,1.0539635369992277,0,1,0,0,0,1,0,0,0,0,1
34.44,1,1,5,2022,11,17,3,4,0,1,34.44,3.56784112573688,0,0,1,0,1,0,0,0,0,1,0
1252.602,5,2,3,2022,10,28,4,4,0,0,250.52040000000002,7.133776286445771,0,1,0,0,0,0,1,1,0,0,0
48.94,1,1,4,2022,9,30,4,3,0,0,48.94,3.910822284851627,1,0,0,0,1,0,0,0,0,0,1
29.24,1,1,5,2022,10,4,1,4,0,0,29.24,3.4091655513113324,1,0,0,0,0,0,1,0,0,0,1
865.5,4,2,5,2022,11,21,0,4,0,1,216.375,6.7644621091556605,0,1,0,0,0,1,0,0,0,0,1
120.712,1,1,2,2022,11,24,3,4,0,1,120.712,4.801657598254946,1,0,0,0,0,0,1,0,0,1,0
408.76800000000003,2,2,5,2022,12,29,3,4,0,1,204.38400000000001,6.015591145884216,1,0,0,0,0,0,1,0,0,0,1
40.08,1,1,5,2022,1,23,6,1,1,0,40.08,3.7155213850603577,1,0,0,0,0,0,1,0,0,0,1
199.99,4,2,6,2022,4,6,2,2,0,0,49.9975,5.30325515557766,0,1,0,0,0,0,1,0,0,0,1
1044.44,4,2,4,2022,11,1,1,4,0,1,261.11,6.952193128412706,0,1,0,0,0,1,0,0,0,0,1
233.24399999999997,4,3,5,2022,9,9,4,3,0,0,58.31099999999999,5.456363307129877,1,0,0,0,1,0,0,0,0,1,0
4251.92,5,2,4,2022,4,5,1,2,0,0,850.384,8.355361084825132,0,1,0,0,0,1,0,0,0,1,0
99.98,1,1,1,2022,7,23,5,3,1,0,99.98,4.6149224774307696,1,0,0,0,1,0,0,1,0,0,0
5.312,1,1,2,2022,10,17,0,4,0,0,5.312,1.8424525835435732,1,0,0,1,0,0,0,0,0,1,0
1107.66,2,1,3,2022,12,20,1,4,0,1,553.83,7.01090735783758,1,0,0,1,0,0,0,1,0,0,0
331.536,1,1,5,2022,9,22,3,3,0,0,331.536,5.806748124911754,0,1,0,1,0,0,0,0,0,0,1
56.52,1,1,4,2022,11,9,2,4,0,1,56.52,4.052132713412791,0,0,1,0,1,0,0,0,0,0,1
1769.784,4,3,5,2022,5,10,1,2,0,0,442.446,7.479177665352969,1,0,0,0,0,0,1,0,0,0,1
242.546,3,2,3,2022,7,5,1,3,0,0,80.84866666666666,5.495305836385388,0,1,0,0,0,1,0,1,0,0,0
31.4,3,2,6,2022,8,26,4,3,0,0,10.466666666666667,3.4781584227982836,1,0,0,0,1,0,0,0,0,0,1
149.95,1,1,2,2022,1,15,5,1,1,0,149.95,5.016948656152848,1,0,0,0,0,1,0,1,0,0,0
779.796,1,1,6,2022,5,18,2,2,0,0,779.796,6.66031391213494,1,0,0,0,1,0,0,0,0,0,1
12.96,1,1,5,2022,11,21,0,4,0,1,12.96,2.6361960973342264,0,1,0,0,0,0,1,0,0,0,1
765.494,4,2,2,2022,5,30,0,2,0,0,191.3735,6.641826870492582,0,1,0,0,1,0,0,1,0,0,0
1488.774,4,2,5,2022,10,10,0,4,0,0,372.1935,7.306379709582907,0,1,0,1,0,0,0,0,0,0,1
10.896,1,1,5,2022,9,9,4,3,0,0,10.896,2.476202209157854,1,0,0,1,0,0,0,0,0,1,0
62.28,1,1,4,2022,11,30,2,4,0,1,62.28,4.147569323459399,1,0,0,0,1,0,0,0,0,0,1
1007.944,1,1,5,2022,8,25,3,3,0,0,1007.944,6.916659518317859,1,0,0,0,0,0,1,0,0,0,1
63.924,1,1,5,2022,9,12,0,3,0,0,63.924,4.173217355042824,1,0,0,0,1,0,0,0,0,0,1
11.364,2,1,4,2022,2,23,2,1,0,0,5.682,2.51478902426987,0,0,1,1,0,0,0,0,0,0,1
16.448,1,1,4,2022,1,3,0,1,0,0,16.448,2.859225028899328,1,0,0,1,0,0,0,0,0,0,1
21.19,2,2,7,2022,12,2,4,4,0,1,10.595,3.099641736944503,0,1,0,0,0,1,0,0,0,0,1
225.016,3,2,5,2022,5,11,2,2,0,0,75.00533333333333,5.420605793226512,1,0,0,1,0,0,0,0,0,0,1
260.79,4,2,4,2022,9,17,5,3,1,0,65.1975,5.567542655649251,1,0,0,0,0,0,1,0,0,0,1
590.762,7,3,2,2022,3,19,5,1,1,0,84.39457142857142,6.383104527022447,0,1,0,0,0,1,0,1,0,0,0
176.14,4,3,4,2022,8,25,3,3,0,0,44.035,5.176940380381437,0,1,0,0,0,0,1,0,0,0,1
457.568,1,1,5,2022,3,1,1,1,0,0,457.568,6.128108590405284,1,0,0,0,0,0,1,0,0,1,0
616.14,3,3,4,2022,6,27,0,2,0,0,205.38,6.4250959025424965,1,0,0,0,0,1,0,0,0,0,1
65.97,1,1,6,2022,6,17,4,2,0,0,65.97,4.204244757921959,1,0,0,0,1,0,0,0,0,0,1
133.128,2,2,5,2022,6,2,3,2,0,0,66.564,4.898794567895502,0,0,1,0,0,0,1,0,0,0,1
1143.8220000000001,4,2,5,2022,3,7,0,1,0,0,285.95550000000003,7.043004445388129,0,1,0,0,0,0,1,0,0,0,1
609.614,5,2,2,2022,12,30,4,4,0,1,121.92280000000001,6.414465008305207,0,1,0,1,0,0,0,0,0,1,0
60.416,1,1,5,2022,12,8,3,4,0,1,60.416,4.117670387525597,0,1,0,1,0,0,0,0,0,0,1
31.84,1,1,4,2022,5,21,5,2,1,0,31.84,3.4916472845842277,0,0,1,0,0,0,1,0,0,0,1
17.248,1,1,4,2022,2,4,4,1,0,0,17.248,2.904055484982087,0,1,0,0,0,0,1,0,0,1,0
21.98,1,1,3,2022,11,18,4,4,0,1,21.98,3.1346242724206097,0,1,0,0,0,0,1,0,0,1,0
34.68,1,1,7,2022,12,9,4,4,0,1,34.68,3.5745903077118086,0,1,0,0,0,0,1,0,0,0,1
469.043,5,3,3,2022,9,7,2,3,0,0,93.8086,6.15282417988091,0,0,1,1,0,0,0,1,0,0,0
18.9,1,1,5,2022,4,4,0,2,0,0,18.9,2.990719731730447,0,0,1,0,0,0,1,0,0,0,1
460.092,3,2,0,2022,11,28,0,4,0,1,153.364,6.133597589246492,0,0,1,0,0,0,1,0,1,0,0
143.128,2,2,7,2022,11,11,4,4,0,1,71.564,4.970701793637116,1,0,0,0,0,0,1,0,0,0,1
6.928,1,1,3,2022,11,22,1,4,0,1,6.928,2.0704007970276868,1,0,0,1,0,0,0,1,0,0,0
87.15799999999999,2,2,5,2022,1,7,4,1,0,0,43.57899999999999,4.479130659121864,1,0,0,1,0,0,0,0,0,0,1
626.352,1,1,4,2022,3,3,3,1,0,0,626.352,6.441507786613698,1,0,0,0,0,0,1,0,0,0,1
70.368,1,1,7,2022,5,30,0,2,0,0,70.368,4.267849589611482,1,0,0,0,1,0,0,0,0,0,1
665.88,1,1,7,2022,11,11,4,4,0,1,665.88,6.502610119684893,1,0,0,1,0,0,0,0,0,0,1
1661.028,2,2,0,2022,11,24,3,4,0,1,830.514,7.415793822445563,0,1,0,0,1,0,0,0,1,0,0
12.78,1,1,1,2022,1,6,3,1,0,0,12.78,2.6232182655855123,0,1,0,0,0,1,0,1,0,0,0
268.935,1,1,4,2022,6,7,1,2,0,0,268.935,5.59818118927493,1,0,0,1,0,0,0,0,0,1,0
15.39,2,2,4,2022,12,26,0,4,0,1,7.695,2.7966713927557385,1,0,0,0,0,0,1,0,0,0,1
1280.992,2,2,5,2022,12,5,0,4,0,1,640.496,7.156170397211535,0,1,0,0,0,0,1,0,0,0,1
1007.936,9,3,4,2022,10,31,0,4,0,0,111.9928888888889,6.916651589204136,0,1,0,0,0,0,1,0,0,0,1
264.32,1,1,5,2022,9,5,0,3,0,0,264.32,5.580936644657355,1,0,0,0,1,0,0,0,0,0,1
8.288,1,1,0,2022,8,24,2,3,0,0,8.288,2.2287232443955904,0,1,0,0,0,0,1,0,1,0,0
1261.33,1,1,2,2022,12,6,1,4,0,1,1261.33,7.140714498617577,0,1,0,0,0,0,1,1,0,0,0
144.35999999999999,2,2,4,2022,12,29,3,4,0,1,72.17999999999999,4.979213424087916,1,0,0,1,0,0,0,0,0,0,1
310.88,1,1,6,2022,5,14,5,2,1,0,310.88,5.7426184984413995,0,1,0,0,0,1,0,0,0,0,1
475.944,1,1,6,2022,9,2,4,3,0,0,475.944,6.167399083577085,1,0,0,1,0,0,0,0,0,0,1
180.96,1,1,6,2022,7,5,1,3,0,0,180.96,5.203786882701803,0,0,1,0,0,0,1,0,0,0,1
46.26,1,1,5,2022,9,28,2,3,0,0,46.26,3.8556642717587617,0,1,0,0,1,0,0,0,0,0,1
117.136,2,1,4,2022,2,4,4,1,0,0,58.568,4.771836503171473,0,0,1,0,0,0,1,0,0,0,1
30.246000000000002,3,1,5,2022,8,25,3,3,0,0,10.082,3.4418913679897116,0,1,0,0,1,0,0,0,0,0,1
124.2,2,2,4,2022,11,2,2,4,0,1,62.1,4.829912458665998,1,0,0,0,1,0,0,0,0,0,1
47.76,2,1,6,2022,3,2,2,1,0,0,23.88,3.8869103046130706,0,0,1,0,1,0,0,0,0,0,1
23.472,1,1,5,2022,12,12,0,4,0,1,23.472,3.1975296068486023,1,0,0,0,0,1,0,0,0,0,1
79.56,2,2,4,2022,7,2,5,3,1,0,39.78,4.389002248410307,1,0,0,0,1,0,0,0,0,0,1
16.176,1,1,5,2022,2,14,0,1,0,0,16.176,2.84351306057648,1,0,0,1,0,0,0,0,0,1,0
115.36,1,1,5,2022,2,7,0,1,0,0,115.36,4.756688833627001,0,1,0,0,1,0,0,0,0,0,1
257.98,1,1,4,2022,10,28,4,4,0,0,257.98,5.556750838640694,0,1,0,1,0,0,0,0,0,0,1
661.5039999999999,2,2,4,2022,4,29,4,2,0,0,330.75199999999995,6.496026595577999,0,1,0,0,0,1,0,0,0,0,1
1771.52,4,2,6,2022,9,8,3,3,0,0,442.88,7.480157541840509,1,0,0,0,0,0,1,0,0,0,1
25.951999999999998,2,2,2,2022,8,24,2,3,0,0,12.975999999999999,3.294057506104252,0,1,0,0,1,0,0,1,0,0,0
1745.3600000000001,2,1,5,2022,6,8,2,2,0,0,872.6800000000001,7.465288900713235,1,0,0,0,1,0,0,0,0,0,1
8.952,1,1,4,2022,2,6,6,1,1,0,8.952,2.2977735359968237,1,0,0,1,0,0,0,0,0,1,0
598.144,7,2,3,2022,10,2,6,4,1,0,85.44914285714286,6.395501969891619,0,1,0,0,0,0,1,1,0,0,0
92.856,2,2,5,2022,12,16,4,4,0,1,46.428,4.54176169279504,1,0,0,1,0,0,0,0,0,0,1
1421.664,1,1,2,2022,10,31,0,4,0,0,1421.664,7.260286449337532,0,1,0,0,1,0,0,0,0,1,0
10.368,1,1,5,2022,10,24,0,4,0,0,10.368,2.4308023907947995,0,0,1,0,0,1,0,0,0,0,1
136.96,1,1,4,2022,5,28,5,2,1,0,136.96,4.92696378806864,1,0,0,0,0,0,1,0,0,0,1
212.952,3,2,0,2022,10,3,0,4,0,0,70.984,5.365751690797634,1,0,0,0,1,0,0,0,1,0,0
243.60000000000002,2,1,2,2022,8,15,0,3,0,0,121.80000000000001,5.499624223253072,1,0,0,0,0,1,0,1,0,0,0
17.28,1,1,4,2022,12,21,2,4,0,1,17.28,2.905807566026004,1,0,0,0,1,0,0,0,0,0,1
20.04,1,1,5,2022,11,5,5,4,1,1,20.04,3.046425387869509,0,0,1,0,0,0,1,0,0,0,1
32.4,1,1,3,2022,6,30,3,2,0,0,32.4,3.5085558999826545,0,1,0,0,0,0,1,0,0,1,0
545.94,1,1,3,2022,1,13,3,1,0,0,545.94,6.304339107191786,1,0,0,0,0,1,0,0,0,1,0
196.21,1,1,4,2022,8,12,4,3,0,0,196.21,5.284269150821977,0,1,0,0,1,0,0,0,0,0,1
82.63,2,2,6,2022,2,20,6,1,1,0,41.315,4.426402307393435,0,1,0,1,0,0,0,0,0,0,1
386.34,1,1,3,2022,10,6,3,4,0,0,386.34,5.9593028602995854,0,1,0,1,0,0,0,1,0,0,0
380.744,2,2,4,2022,9,1,3,3,0,0,190.372,5.944750226882889,1,0,0,0,1,0,0,0,0,0,1
35.98,1,1,6,2022,7,21,3,3,0,0,35.98,3.610377225958979,1,0,0,1,0,0,0,0,0,0,1
891.7760000000001,2,2,4,2022,8,12,4,3,0,0,445.88800000000003,6.7943357095452965,1,0,0,0,0,0,1,0,0,0,1
17.94,1,1,3,2022,7,14,3,3,0,0,17.94,2.9412760877579323,0,1,0,0,1,0,0,0,0,1,0
131.84,3,1,5,2022,9,7,2,3,0,0,43.946666666666665,4.889145396508546,0,1,0,0,0,0,1,0,0,1,0
247.784,2,1,2,2022,12,9,4,4,0,1,123.892,5.51658505011546,0,1,0,1,0,0,0,1,0,0,0
23.976,1,1,2,2022,12,6,1,4,0,1,23.976,3.217915363773076,1,0,0,1,0,0,0,0,0,1,0
151.95000000000002,2,2,6,2022,8,5,4,3,0,0,75.97500000000001,5.030111070596913,0,1,0,0,1,0,0,0,0,0,1
93.888,1,1,6,2022,10,22,5,4,1,0,93.888,4.552697248726974,0,0,1,0,1,0,0,0,0,0,1
302.376,1,1,4,2022,4,25,0,2,0,0,302.376,5.714972960291848,1,0,0,0,0,1,0,0,0,0,1
505.68600000000004,2,2,4,2022,7,12,1,3,0,0,252.84300000000002,6.227891482338955,0,0,1,0,0,0,1,0,0,0,1
127.869,1,1,3,2022,5,5,3,2,0,0,127.869,4.8587963845122975,1,0,0,1,0,0,0,1,0,0,0
23.68,1,1,6,2022,11,23,2,4,0,1,23.68,3.205993199037187,0,0,1,1,0,0,0,0,0,0,1
2216.8,3,3,2,2022,10,18,1,4,0,0,738.9333333333334,7.704270992519116,0,1,0,0,0,1,0,0,0,1,0
20.88,1,1,7,2022,8,9,1,3,0,0,20.88,3.0855729775537806,0,0,1,0,0,0,1,0,0,0,1
410.104,3,2,7,2022,4,11,0,2,0,0,136.70133333333334,6.0188462238491995,1,0,0,0,0,0,1,0,0,0,1
83.92,1,1,7,2022,10,6,3,4,0,0,83.92,4.441709636835055,1,0,0,0,1,0,0,0,0,0,1
71.84,2,1,0,2022,8,23,1,3,0,0,35.92,4.288265254859407,1,0,0,0,1,0,0,0,1,0,0
1365.6299999999999,7,3,4,2022,12,29,3,4,0,1,195.08999999999997,7.220103134396085,0,1,0,0,0,0,1,0,0,0,1
323.458,4,2,5,2022,4,18,0,2,0,0,80.8645,5.782156097875232,1,0,0,0,0,0,1,0,0,0,1
334.68,2,1,5,2022,6,1,2,2,0,0,167.34,5.816158325207932,0,0,1,0,1,0,0,0,0,0,1
97.11200000000001,2,1,3,2022,2,3,3,1,0,0,48.556000000000004,4.586109683249349,1,0,0,0,0,0,1,0,0,1,0
77.21000000000001,2,2,4,2022,12,31,5,4,1,1,38.605000000000004,4.35939751661352,0,1,0,1,0,0,0,0,0,0,1
1367.84,1,1,6,2022,7,30,5,3,1,0,1367.84,7.221718944827806,0,1,0,0,0,0,1,0,0,0,1
855.272,5,2,2,2022,12,26,0,4,0,1,171.05440000000002,6.752588082677022,0,1,0,0,0,0,1,1,0,0,0
484.78999999999996,4,2,4,2022,8,17,2,3,0,0,121.19749999999999,6.185776431753489,0,1,0,0,0,1,0,0,0,0,1
13.92,1,1,4,2022,6,29,2,2,0,0,13.92,2.702702594775615,1,0,0,0,1,0,0,0,0,0,1
48.91,1,1,3,2022,4,23,5,2,1,0,48.91,3.9102213834815176,0,0,1,0,0,0,1,0,0,1,0
1198.33,1,1,3,2022,3,18,4,1,0,0,1198.33,7.089518346516661,0,0,1,0,0,0,1,0,0,1,0
43.312000000000005,2,1,1,2022,5,4,2,2,0,0,21.656000000000002,3.791255520730803,1,0,0,1,0,0,0,1,0,0,0
47.32,2,1,2,2022,5,5,3,2,0,0,23.66,3.8778455536265595,0,1,0,0,0,1,0,1,0,0,0
817.798,2,1,5,2022,9,29,3,3,0,0,408.899,6.707837411185226,1,0,0,0,0,0,1,0,0,0,1
1050.6,3,3,2,2022,12,2,4,4,0,1,350.2,6.958068092855726,1,0,0,0,1,0,0,1,0,0,0
288.06,3,1,4,2022,1,4,1,1,0,0,96.02,5.666634279020696,0,0,1,1,0,0,0,0,0,0,1
0.852,1,1,0,2022,3,31,3,1,0,0,0.852,0.6162661362239876,1,0,0,0,1,0,0,0,1,0,0
1.167,1,1,5,2022,12,16,4,4,0,1,1.167,0.773343722554222,0,1,0,0,0,1,0,0,0,0,1
127.95,1,1,5,2022,9,11,6,3,1,0,127.95,4.859424732327354,1,0,0,0,0,0,1,0,0,0,1
182.94,1,1,4,2022,9,17,5,3,1,0,182.94,5.214609617474552,1,0,0,0,0,0,1,0,0,0,1
11.85,1,1,0,2022,10,24,0,4,0,0,11.85,2.553343811341229,1,0,0,0,0,1,0,0,1,0,0
9.568,1,1,2,2022,12,24,5,4,1,1,9.568,2.357830567220024,1,0,0,0,0,1,0,1,0,0,0
172.097,4,2,5,2022,7,9,5,3,1,0,43.02425,5.153852131009449,0,0,1,0,0,0,1,0,0,0,1
30.72,3,2,3,2022,12,12,0,4,0,1,10.24,3.456947396766647,1,0,0,0,0,0,1,0,0,1,0
460.21999999999997,2,1,5,2022,9,14,2,3,0,0,230.10999999999999,6.133875152589096,1,0,0,0,1,0,0,0,0,0,1
336.82,2,2,3,2022,9,10,5,3,1,0,168.41,5.8225132092521985,1,0,0,0,1,0,0,1,0,0,0
90.24,1,1,2,2022,12,13,1,4,0,1,90.24,4.5134933974161875,1,0,0,0,0,0,1,0,0,1,0
287.456,2,2,6,2022,5,13,4,2,0,0,143.728,5.664542561318598,0,1,0,0,0,0,1,0,0,0,1
340.116,1,1,4,2022,9,13,1,3,0,0,340.116,5.832222595389875,0,0,1,1,0,0,0,0,0,0,1
651.588,2,2,4,2022,3,1,1,1,0,0,325.794,6.480945996003643,0,0,1,1,0,0,0,0,0,0,1
55.48,1,1,2,2022,4,5,1,2,0,0,55.48,4.033886593184986,0,0,1,0,1,0,0,1,0,0,0
115.952,3,1,5,2022,6,16,3,2,0,0,38.650666666666666,4.761763594209315,1,0,0,0,1,0,0,0,0,0,1
18.464,1,1,7,2022,9,23,4,3,0,0,18.464,2.9685666054812216,0,0,1,0,1,0,0,0,0,0,1
68.70400000000001,3,1,4,2022,7,9,5,3,1,0,22.901333333333337,4.244257704928986,0,0,1,0,0,0,1,0,0,0,1
372.28499999999997,2,2,4,2022,5,10,1,2,0,0,186.14249999999998,5.922342202954092,1,0,0,0,1,0,0,0,0,1,0
1476.8339999999998,5,3,5,2022,11,5,5,4,1,1,295.36679999999996,7.298332781262711,1,0,0,0,1,0,0,0,0,0,1
16.23,2,2,4,2022,10,11,1,4,0,0,8.115,2.8466520505398383,0,1,0,0,0,1,0,0,0,0,1
1417.35,3,2,5,2022,8,20,5,3,1,0,472.45,7.25724950315164,0,1,0,0,0,1,0,0,0,0,1
337.088,1,1,5,2022,9,28,2,3,0,0,337.088,5.823306216626116,1,0,0,0,0,1,0,0,0,0,1
149.97,1,1,4,2022,5,13,4,2,0,0,149.97,5.017081141579645,1,0,0,0,0,0,1,0,0,0,1
280.276,5,2,5,2022,3,14,0,1,0,0,56.0552,5.63933639369035,1,0,0,0,0,0,1,0,0,0,1
109.83600000000001,2,2,4,2022,12,23,4,4,0,1,54.918000000000006,4.708051631288734,0,1,0,0,1,0,0,0,0,0,1
14.52,1,1,4,2022,6,13,0,2,0,0,14.52,2.7421295147550726,0,1,0,0,0,0,1,0,0,0,1
782.6300000000001,4,2,2,2022,3,11,4,1,0,0,195.65750000000003,6.663936970176744,0,1,0,0,0,1,0,0,0,1,0
26.136,1,1,0,2022,5,2,0,2,0,0,26.136,3.3008612596094924,1,0,0,0,1,0,0,0,1,0,0
605.34,1,1,4,2022,10,18,1,4,0,0,605.34,6.407440884841794,0,1,0,0,0,1,0,0,0,0,1
52.752,3,2,4,2022,9,26,0,3,0,0,17.584,3.9843808756178487,0,0,1,0,1,0,0,0,0,0,1
290.666,1,1,2,2022,1,31,0,1,0,0,290.666,5.6756093119726065,1,0,0,0,0,0,1,1,0,0,0
199.256,4,1,2,2022,8,25,3,3,0,0,49.814,5.299596548046417,1,0,0,0,1,0,0,0,0,1,0
14.48,1,1,7,2022,11,18,4,4,0,1,14.48,2.739548868161581,0,1,0,1,0,0,0,0,0,0,1
62.91,1,1,5,2022,8,6,5,3,1,0,62.91,4.157475843662191,1,0,0,0,0,1,0,0,0,1,0
299.964,4,3,2,2022,1,16,6,1,1,0,74.991,5.706990656267163,1,0,0,0,1,0,0,0,0,1,0
3714.304,7,3,5,2022,6,9,3,2,0,0,530.6148571428572,8.22021578422116,1,0,0,0,0,0,1,0,0,0,1
409.30400000000003,2,2,4,2022,11,2,2,4,0,1,204.65200000000002,6.016898348364792,1,0,0,0,0,0,1,0,0,0,1
2.624,1,1,2,2022,11,24,3,4,0,1,2.624,1.287578388180733,1,0,0,0,1,0,0,1,0,0,0
9.51,2,2,4,2022,7,15,4,3,0,0,4.755,2.3523271848888596,0,1,0,1,0,0,0,0,0,0,1
256.47999999999996,3,2,6,2022,7,26,1,3,0,0,85.49333333333333,5.550942047184415,1,0,0,0,0,1,0,0,0,0,1
354.9,1,1,0,2022,3,4,4,1,0,0,354.9,5.874649792516147,1,0,0,0,0,1,0,0,1,0,0
3785.292,1,1,5,2022,9,12,0,3,0,0,3785.292,8.239142455049814,1,0,0,0,1,0,0,0,0,1,0
362.176,3,1,6,2022,11,15,1,4,0,1,120.72533333333332,5.894887565248651,1,0,0,0,0,1,0,0,0,0,1
186.304,1,1,6,2022,12,14,2,4,0,1,186.304,5.232732965335192,1,0,0,0,0,1,0,0,0,0,1
1799.97,1,1,2,2022,5,8,6,2,1,0,1799.97,7.496080687624671,1,0,0,0,1,0,0,1,0,0,0
6.16,1,1,4,2022,12,15,3,4,0,1,6.16,1.9685099809725544,1,0,0,0,0,0,1,0,0,1,0
47.232,2,1,4,2022,6,30,3,2,0,0,23.616,3.8760227011871047,0,1,0,1,0,0,0,0,0,0,1
34.0,2,1,4,2022,4,26,1,2,0,0,17.0,3.5553480614894135,0,0,1,0,0,0,1,0,0,0,1
408.47,2,2,5,2022,10,11,1,4,0,0,204.235,6.0148636405362135,0,0,1,0,0,0,1,0,0,0,1
9900.19,4,1,5,2022,9,23,4,3,0,0,2475.0475,9.2004102309192,1,0,0,1,0,0,0,0,0,0,1
1173.616,3,2,4,2022,7,21,3,3,0,0,391.20533333333333,7.068696564654082,0,1,0,0,0,0,1,0,0,0,1
15.552,1,1,5,2022,3,4,4,1,0,0,15.552,2.8065069404432417,1,0,0,0,0,1,0,0,0,0,1
13.44,1,1,0,2022,10,19,2,4,0,0,13.44,2.67000213346468,1,0,0,0,0,0,1,0,1,0,0
202.89600000000002,4,2,4,2022,8,1,0,3,0,0,50.724000000000004,5.3176100599284455,0,1,0,0,0,1,0,0,0,0,1
129.92,1,1,6,2022,10,7,4,4,0,0,129.92,4.87458644963298,0,0,1,0,1,0,0,0,0,0,1
1136.092,4,2,2,2022,7,22,4,3,0,0,284.023,7.036229405164894,1,0,0,0,0,0,1,0,0,1,0
6.57,1,1,3,2022,9,21,2,3,0,0,6.57,2.0241930674493576,1,0,0,0,1,0,0,1,0,0,0
3333.8999999999996,2,2,4,2022,5,21,5,2,1,0,1666.9499999999998,8.112197972892668,0,1,0,0,0,1,0,0,0,0,1
46.8,1,1,4,2022,5,4,2,2,0,0,46.8,3.86702563949741,1,0,0,1,0,0,0,0,0,0,1
643.78,4,2,6,2022,9,7,2,3,0,0,160.945,6.468909173341643,0,0,1,1,0,0,0,0,0,0,1
40.846000000000004,2,1,5,2022,1,13,3,1,0,0,20.423000000000002,3.7339962129170594,1,0,0,0,1,0,0,0,0,0,1
8.736,1,1,4,2022,12,29,3,4,0,1,8.736,2.275830355685226,0,0,1,1,0,0,0,0,0,0,1
19.98,1,1,5,2022,4,29,4,2,0,0,19.98,3.043569602968151,1,0,0,0,1,0,0,0,0,0,1
249.92000000000002,5,1,7,2022,3,17,3,1,0,0,49.984,5.525134163228542,1,0,0,1,0,0,0,0,0,0,1
472.044,3,2,4,2022,8,5,4,3,0,0,157.34799999999998,6.159188407421352,1,0,0,0,0,0,1,0,0,0,1
526.96,4,1,5,2022,4,28,3,2,0,0,131.74,6.269020523260754,0,1,0,0,1,0,0,0,0,0,1
3.76,1,1,6,2022,11,27,6,4,1,1,3.76,1.5602476682433286,1,0,0,0,1,0,0,0,0,0,1
730.8525,3,3,2,2022,11,16,2,4,0,1,243.61749999999998,6.595578990924668,0,1,0,0,0,0,1,1,0,0,0
1393.872,2,2,4,2022,11,25,4,4,0,1,696.936,7.2405579337732,0,0,1,0,1,0,0,0,0,1,0
122.05199999999999,2,1,4,2022,5,11,2,2,0,0,61.025999999999996,4.812607030260443,0,0,1,1,0,0,0,0,0,0,1
3116.49,3,2,5,2022,11,17,3,4,0,1,1038.83,8.04478346985057,0,1,0,0,1,0,0,0,0,0,1
8.544,1,1,6,2022,12,15,3,4,0,1,8.544,2.2559126847956152,0,1,0,1,0,0,0,0,0,0,1
5.76,1,1,2,2022,11,3,3,4,0,1,5.76,1.9110228900548727,0,1,0,0,1,0,0,0,0,1,0
123.92,1,1,5,2022,10,8,5,4,1,0,123.92,4.827673532414877,1,0,0,0,1,0,0,0,0,1,0
209.96800000000002,2,1,3,2022,7,4,0,3,0,0,104.98400000000001,5.35170646320694,0,1,0,0,0,0,1,1,0,0,0
11.56,1,1,3,2022,12,27,1,4,0,1,11.56,2.5305171610400525,0,0,1,0,0,0,1,0,0,1,0
317.48,4,1,5,2022,11,7,0,4,0,1,79.37,5.7635596786920615,1,0,0,1,0,0,0,0,0,0,1
504.55,2,2,3,2022,9,20,1,3,0,0,252.275,6.225646945537408,1,0,0,1,0,0,0,1,0,0,0
25.5,1,1,2,2022,8,24,2,3,0,0,25.5,3.2771447329921766,0,1,0,0,0,1,0,0,0,1,0
2854.48,2,2,2,2022,12,1,3,4,0,1,1427.24,7.956995234053074,1,0,0,1,0,0,0,1,0,0,0
46.088,3,3,4,2022,11,23,2,4,0,1,15.362666666666668,3.852018191491117,0,1,0,1,0,0,0,0,0,0,1
799.92,1,1,4,2022,11,2,2,4,0,1,799.92,6.6857610669244485,0,0,1,0,0,1,0,0,0,0,1
1979.8899999999999,3,2,2,2022,12,19,0,4,0,1,659.9633333333333,7.591301517645483,1,0,0,0,0,1,0,0,0,1,0
57.908,5,2,4,2022,10,3,0,4,0,0,11.5816,4.075976904863916,1,0,0,1,0,0,0,0,0,0,1
935.1519999999999,2,2,3,2022,3,23,2,1,0,0,467.57599999999996,6.841777856455643,1,0,0,0,0,0,1,0,0,1,0
84.872,2,2,5,2022,12,20,1,4,0,1,42.436,4.452857815434473,1,0,0,1,0,0,0,0,0,0,1
87.54,1,1,6,2022,9,27,1,3,0,0,87.54,4.483454427303995,0,1,0,0,1,0,0,0,0,0,1
1194.8700000000001,6,2,6,2022,11,10,3,4,0,1,199.145,7.086629232950603,1,0,0,1,0,0,0,0,0,0,1
17.248,1,1,2,2022,11,28,0,4,0,1,17.248,2.904055484982087,1,0,0,0,1,0,0,0,0,1,0
66.616,2,1,4,2022,11,4,4,4,0,1,33.308,4.213844641433647,0,1,0,0,0,1,0,0,0,1,0
840.712,3,2,4,2022,11,3,3,4,0,1,280.2373333333333,6.735437912977017,1,0,0,0,1,0,0,0,0,0,1
998.85,1,1,4,2022,11,28,0,4,0,1,998.85,6.907605267731012,1,0,0,1,0,0,0,0,0,0,1
140.736,1,1,4,2022,5,6,4,2,0,0,140.736,4.953966172298136,0,0,1,0,0,0,1,0,0,0,1
10.72,1,1,5,2022,8,19,4,3,0,0,10.72,2.4612967841488667,1,0,0,0,1,0,0,0,0,0,1
560.55,3,2,4,2022,2,14,0,1,0,0,186.85,6.330700817409045,0,1,0,0,0,0,1,0,0,0,1
172.11,1,1,4,2022,4,8,4,2,0,0,172.11,5.153927230588638,1,0,0,0,1,0,0,0,0,0,1
257.752,2,1,2,2022,4,22,4,2,0,0,128.876,5.555870074018306,0,1,0,0,1,0,0,0,0,1,0
111.15,1,1,5,2022,11,24,3,4,0,1,111.15,4.719837260966218,0,0,1,0,0,1,0,0,0,0,1
630.746,4,2,4,2022,4,13,2,2,0,0,157.6865,6.448487414629739,0,1,0,0,1,0,0,0,0,1,0
9.04,2,1,5,2022,2,16,2,1,0,0,4.52,2.306577114263583,1,0,0,1,0,0,0,0,0,0,1
52.96,1,1,2,2022,11,25,4,4,0,1,52.96,3.988243031339555,1,0,0,0,1,0,0,0,0,1,0
19.68,1,1,6,2022,7,22,4,3,0,0,19.68,3.0291670496402285,0,0,1,0,0,0,1,0,0,0,1
479.96,1,1,6,2022,12,3,5,4,1,1,479.96,6.17578410656461,1,0,0,1,0,0,0,0,0,0,1
539.0740000000001,4,3,6,2022,9,7,2,3,0,0,134.76850000000002,6.29170616720664,0,1,0,0,1,0,0,0,0,0,1
2358.672,6,2,4,2022,9,29,3,3,0,0,393.112,7.766277905309769,0,1,0,0,1,0,0,0,0,0,1
5.248,1,1,2,2022,6,30,3,2,0,0,5.248,1.8322614125373848,1,0,0,1,0,0,0,1,0,0,0
16.78,1,1,4,2022,9,8,3,3,0,0,16.78,2.8780742300857587,0,1,0,0,1,0,0,0,0,0,1
586.336,2,2,3,2022,7,11,0,3,0,0,293.168,6.375597058112827,1,0,0,1,0,0,0,1,0,0,0
3.912,1,1,3,2022,8,22,0,3,0,0,3.912,1.5916811908448414,0,0,1,0,1,0,0,0,0,1,0
176.8,1,1,4,2022,8,26,4,3,0,0,176.8,5.180659323079804,0,0,1,0,0,0,1,0,0,0,1
259.136,1,1,0,2022,7,18,0,3,0,0,259.136,5.561204571181559,0,0,1,0,0,0,1,0,1,0,0
7.752,1,1,4,2022,10,13,3,4,0,0,7.752,2.1692822456796255,0,1,0,0,1,0,0,0,0,0,1
123.144,1,1,5,2022,11,7,0,4,0,1,123.144,4.821442182151594,1,0,0,0,0,0,1,0,0,0,1
211.96,1,1,5,2022,9,24,5,3,1,0,211.96,5.361104354646802,1,0,0,0,0,0,1,0,0,0,1
199.296,2,2,7,2022,2,2,2,1,0,0,99.648,5.299796272427436,1,0,0,0,0,1,0,0,0,0,1
64.864,1,1,3,2022,1,18,1,1,0,0,64.864,4.187592009996125,0,1,0,0,0,0,1,0,0,1,0
100.398,2,1,2,2022,11,7,0,4,0,1,50.199,4.619053367096687,0,1,0,1,0,0,0,1,0,0,0
139.8,1,1,5,2022,6,18,5,2,1,0,139.8,4.947340443723942,1,0,0,0,0,0,1,0,0,0,1
40.05,1,1,2,2022,12,17,5,4,1,1,40.05,3.7147908358984374,1,0,0,0,0,1,0,0,0,1,0
8.96,1,1,3,2022,4,7,3,2,0,0,8.96,2.298577071596507,1,0,0,0,0,1,0,1,0,0,0
93.17399999999999,2,2,4,2022,12,13,1,4,0,1,46.586999999999996,4.545144134992394,0,1,0,0,0,0,1,0,0,0,1
1403.92,1,1,5,2022,12,16,4,4,0,1,1403.92,7.247735640644952,0,1,0,0,0,0,1,0,0,0,1
130.756,2,2,5,2022,10,17,0,4,0,0,65.378,4.880951727181485,1,0,0,1,0,0,0,0,0,1,0
926.44,2,2,0,2022,5,27,4,2,0,0,463.22,6.8324281023621465,0,1,0,0,0,0,1,0,1,0,0
39.48,1,1,6,2022,7,14,3,3,0,0,39.48,3.70080802497921,0,0,1,0,1,0,0,0,0,0,1
1109.725,5,3,4,2022,8,8,0,3,0,0,221.945,7.012768234247847,0,0,1,1,0,0,0,0,0,0,1
66.03,1,1,4,2022,9,21,2,3,0,0,66.03,4.205140280369866,0,0,1,0,1,0,0,0,0,0,1
479.984,1,1,2,2022,5,2,0,2,0,0,479.984,6.175834005519237,1,0,0,0,0,1,0,0,0,1,0
663.75,2,1,2,2022,6,22,2,2,0,0,331.875,6.499411030123129,1,0,0,1,0,0,0,1,0,0,0
1812.0100000000002,3,2,2,2022,8,27,5,3,1,0,604.0033333333334,7.502743726459441,0,1,0,0,0,1,0,1,0,0,0
867.74,2,1,7,2022,11,18,4,4,0,1,433.87,6.767043886021385,0,1,0,0,0,0,1,0,0,0,1
238.0,1,1,2,2022,7,27,2,3,0,0,238.0,5.476463551931511,1,0,0,0,0,0,1,0,0,1,0
489.23,1,1,7,2022,8,5,4,3,0,0,489.23,6.194874668731803,1,0,0,1,0,0,0,0,0,0,1
414.63,5,2,0,2022,11,26,5,4,1,1,82.926,6.029795441412945,1,0,0,0,1,0,0,0,1,0,0
424.376,6,3,4,2022,8,23,1,3,0,0,70.72933333333333,6.0529734836851885,1,0,0,0,0,0,1,0,0,0,1
59.696,2,2,3,2022,7,12,1,3,0,0,29.848,4.105877798035774,1,0,0,1,0,0,0,0,0,1,0
1609.32,4,2,4,2022,9,29,3,3,0,0,402.33,7.384188195992777,1,0,0,0,1,0,0,0,0,1,0
106.944,2,1,5,2022,9,28,2,3,0,0,53.472,4.681612574128486,0,1,0,0,0,1,0,0,0,0,1
232.88,1,1,7,2022,5,16,0,2,0,0,232.88,5.45480816330747,0,1,0,0,0,0,1,0,0,0,1
14.4,1,1,0,2022,9,3,5,3,1,0,14.4,2.7343675094195836,1,0,0,0,1,0,0,0,1,0,0
68.71000000000001,3,1,1,2022,9,21,2,3,0,0,22.903333333333336,4.244343779498307,0,1,0,1,0,0,0,1,0,0,0
521.2239999999999,2,1,2,2022,12,5,0,4,0,1,260.61199999999997,6.258096614611455,0,1,0,0,1,0,0,1,0,0,0
876.7299999999999,2,2,2,2022,11,14,0,4,0,1,438.36499999999995,6.777339029257759,1,0,0,0,1,0,0,0,0,1,0
163.62,3,1,5,2022,8,3,2,3,0,0,54.54,5.103639787544498,1,0,0,0,1,0,0,0,0,0,1
9.96,1,1,3,2022,11,22,1,4,0,1,9.96,2.3942522815198695,0,1,0,0,0,1,0,1,0,0,0
1508.768,2,2,6,2022,9,10,5,3,1,0,754.384,7.319711275620664,1,0,0,0,0,0,1,0,0,0,1
14.56,1,1,1,2022,2,8,1,1,0,0,14.56,2.7447035187502458,0,0,1,0,0,0,1,1,0,0,0
1729.416,5,3,7,2022,11,4,4,4,0,1,345.8832,7.456117121013115,1,0,0,0,0,0,1,0,0,0,1
3519.37,6,3,3,2022,9,20,1,3,0,0,586.5616666666666,8.166321376704456,1,0,0,0,1,0,0,1,0,0,0
86.376,1,1,5,2022,6,23,3,2,0,0,86.376,4.470220645409798,1,0,0,0,1,0,0,0,0,0,1
321.978,3,1,7,2022,9,7,2,3,0,0,107.32600000000001,5.777584209447857,1,0,0,1,0,0,0,0,0,0,1
38.064,2,1,4,2022,8,25,3,3,0,0,19.032,3.6652013267593593,1,0,0,1,0,0,0,0,0,0,1
2.502,1,1,5,2022,9,13,1,3,0,0,2.502,1.2533342338636602,1,0,0,0,1,0,0,0,0,1,0
5.184,1,1,5,2022,12,23,4,4,0,1,5.184,1.8219653112851208,0,1,0,1,0,0,0,0,0,0,1
2126.034,6,2,5,2022,8,4,3,3,0,0,354.339,7.6624838000278155,1,0,0,0,0,0,1,0,0,1,0
2304.37,4,2,3,2022,9,9,4,3,0,0,576.0925,7.74299646315607,0,1,0,0,1,0,0,0,0,1,0
8.56,1,1,4,2022,9,20,1,3,0,0,8.56,2.25758772706331,0,1,0,0,0,0,1,0,0,0,1
53.94,1,1,4,2022,9,1,3,3,0,0,53.94,4.006241680667128,1,0,0,0,0,0,1,0,0,1,0
2354.98,2,1,2,2022,9,29,3,3,0,0,1177.49,7.764712055771099,0,0,1,0,0,0,1,0,0,1,0
1891.316,4,2,7,2022,7,26,1,3,0,0,472.829,7.545556754693183,1,0,0,0,0,0,1,0,0,0,1
38.976,1,1,7,2022,12,29,3,4,0,1,38.976,3.688279274041904,1,0,0,1,0,0,0,0,0,0,1
15.696,1,1,7,2022,11,1,1,4,0,1,15.696,2.8151691697748995,0,1,0,1,0,0,0,0,0,0,1
36.544,1,1,0,2022,6,15,2,2,0,0,36.544,3.6255135784921166,1,0,0,1,0,0,0,0,1,0,0
76.28,3,2,4,2022,8,11,3,3,0,0,25.426666666666666,4.347435189904263,1,0,0,0,0,0,1,0,0,0,1
721.476,4,1,6,2022,11,24,3,4,0,1,180.369,6.5826842014417775,0,1,0,0,0,0,1,0,0,0,1
34.79,1,1,3,2022,5,12,3,2,0,0,34.79,3.5776685247779345,1,0,0,1,0,0,0,1,0,0,0
186.908,4,2,2,2022,5,21,5,2,1,0,46.727,5.2359524813513065,1,0,0,1,0,0,0,0,0,1,0
129.98,1,1,4,2022,12,4,6,4,1,1,129.98,4.875044639789907,0,1,0,0,1,0,0,0,0,0,1
2692.329,2,2,5,2022,9,19,0,3,0,0,1346.1645,7.898533253934846,1,0,0,0,0,1,0,0,0,0,1
49.568,1,1,5,2022,12,31,5,4,1,1,49.568,3.9233189651699973,0,1,0,1,0,0,0,0,0,0,1
1273.6229999999998,6,3,5,2022,11,25,4,4,0,1,212.27049999999997,7.150405727594211,0,1,0,1,0,0,0,0,0,0,1
4.608,1,1,2,2022,9,22,3,3,0,0,4.608,1.724194149732289,1,0,0,0,0,1,0,0,0,1,0
35.91,1,1,7,2022,5,11,2,2,0,0,35.91,3.608482517041907,0,1,0,0,1,0,0,0,0,0,1
803.0400000000001,3,3,3,2022,11,15,1,4,0,1,267.68,6.689649019185196,1,0,0,0,0,0,1,1,0,0,0
310.12,1,1,4,2022,9,26,0,3,0,0,310.12,5.740178689847492,0,0,1,0,0,0,1,0,0,0,1
1508.13,3,3,4,2022,2,11,4,1,0,0,502.71000000000004,7.319288604825229,1,0,0,0,0,1,0,0,0,0,1
165.94,2,2,5,2022,7,22,4,3,0,0,82.97,5.11763446642259,1,0,0,0,1,0,0,0,0,0,1
126.624,1,1,3,2022,3,17,3,1,0,0,126.624,4.849088440998696,0,1,0,0,1,0,0,0,0,1,0
602.43,4,2,3,2022,7,20,2,3,0,0,150.6075,6.402630043752224,0,1,0,0,0,0,1,1,0,0,0
21.24,1,1,2,2022,9,2,4,3,0,0,21.24,3.1018924693823817,1,0,0,0,1,0,0,1,0,0,0
161.07,3,2,5,2022,3,3,3,1,0,0,53.69,5.088028340670029,0,0,1,0,1,0,0,0,0,0,1
726.548,2,1,5,2022,3,31,3,1,0,0,363.274,6.589679976250547,1,0,0,0,0,0,1,0,0,0,1
5.88,1,1,3,2022,11,19,5,4,1,1,5.88,1.9286186519452522,0,0,1,0,1,0,0,0,0,1,0
1326.69,2,2,4,2022,6,21,1,2,0,0,663.345,7.191195869051544,1,0,0,0,1,0,0,0,0,0,1
6160.616,2,2,5,2022,11,17,3,4,0,1,3080.308,8.726094359785396,1,0,0,0,1,0,0,0,0,0,1
92.36,4,2,5,2022,3,25,4,1,0,0,23.09,4.5364629879783,1,0,0,0,0,0,1,0,0,0,1
2158.694,3,2,2,2022,11,11,4,4,0,1,719.5646666666667,7.677721823975874,0,1,0,0,0,0,1,1,0,0,0
7.64,1,1,4,2022,10,11,1,4,0,0,7.64,2.1564025828159643,1,0,0,0,0,0,1,0,0,0,1
10.95,1,1,2,2022,11,15,1,4,0,1,10.95,2.4807312783775197,0,1,0,0,0,0,1,0,0,1,0
254.97,2,2,5,2022,9,8,3,3,0,0,127.485,5.545060250112571,1,0,0,0,0,1,0,0,0,0,1
752.9200000000001,2,2,5,2022,4,7,3,2,0,0,376.46000000000004,6.6252862615831125,0,1,0,0,0,1,0,0,0,0,1
604.656,1,1,7,2022,11,15,1,4,0,1,604.656,6.406312168125537,1,0,0,1,0,0,0,0,0,0,1
93.024,1,1,2,2022,8,3,2,3,0,0,93.024,4.5435500688305535,0,0,1,0,0,0,1,0,0,1,0
1022.61,4,1,5,2022,11,22,1,4,0,1,255.6525,6.931090873679101,0,1,0,0,0,1,0,0,0,0,1
609.4380000000001,3,2,4,2022,11,2,2,4,0,1,203.14600000000004,6.4141767322920336,1,0,0,0,1,0,0,0,0,0,1
15.552,1,1,6,2022,8,17,2,3,0,0,15.552,2.8065069404432417,0,1,0,1,0,0,0,0,0,0,1
751.886,4,2,4,2022,7,21,3,3,0,0,187.9715,6.6239138219162905,0,1,0,1,0,0,0,0,0,0,1
265.784,8,2,5,2022,12,8,3,4,0,1,33.223,5.586439342228203,1,0,0,0,0,0,1,0,0,0,1
48.4,1,1,3,2022,5,26,3,2,0,0,48.4,3.899950424193877,0,0,1,0,0,0,1,1,0,0,0
12.39,1,1,2,2022,12,13,1,4,0,1,12.39,2.5945081597030812,0,1,0,0,0,1,0,0,0,1,0
706.064,2,2,5,2022,7,12,1,3,0,0,353.032,6.5611211851376305,0,1,0,0,0,0,1,0,0,0,1
445.802,1,1,2,2022,12,15,3,4,0,1,445.802,6.102115543460766,0,1,0,0,1,0,0,0,0,1,0
9.94,1,1,3,2022,1,11,1,1,0,0,9.94,2.392425796993835,1,0,0,0,1,0,0,1,0,0,0
34.2,1,1,3,2022,5,19,3,2,0,0,34.2,3.5610460826040513,1,0,0,0,0,1,0,1,0,0,0
21.56,1,1,2,2022,5,3,1,2,0,0,21.56,3.1161784266298582,0,0,1,1,0,0,0,1,0,0,0
176.772,1,1,4,2022,3,3,3,1,0,0,176.772,5.180501830363517,1,0,0,1,0,0,0,0,0,0,1
1142.165,3,2,0,2022,3,31,3,1,0,0,380.72166666666664,7.041556010331728,1,0,0,0,0,1,0,0,1,0,0
100.36,2,2,3,2022,9,6,1,3,0,0,50.18,4.618678536012884,0,1,0,0,0,0,1,1,0,0,0
9.264,1,1,2,2022,12,14,2,4,0,1,9.264,2.3286426273133354,0,1,0,1,0,0,0,1,0,0,0
697.32,3,2,3,2022,6,21,1,2,0,0,232.44000000000003,6.548677450427094,1,0,0,0,1,0,0,1,0,0,0
108.44399999999999,4,3,2,2022,5,20,4,2,0,0,27.110999999999997,4.695413002913918,0,1,0,1,0,0,0,0,0,1,0
34.272,1,1,5,2022,10,24,0,4,0,0,34.272,3.5630894480556363,1,0,0,0,0,0,1,0,0,0,1
19.44,1,1,2,2022,1,6,3,1,0,0,19.44,3.017493765335504,1,0,0,0,0,0,1,0,0,1,0
7.08,1,1,4,2022,11,17,3,4,0,1,7.08,2.089391872533004,1,0,0,1,0,0,0,0,0,0,1
7.632,1,1,2,2022,8,22,0,3,0,0,7.632,2.1554762279558335,1,0,0,0,0,1,0,0,0,1,0
9.84,1,1,5,2022,12,30,4,4,0,1,9.84,2.3832429960115,0,1,0,1,0,0,0,0,0,0,1
1040.19,5,3,5,2022,9,7,2,3,0,0,208.038,6.948119568771562,1,0,0,1,0,0,0,0,0,1,0
574.194,4,2,4,2022,3,1,1,1,0,0,143.5485,6.354707375198051,1,0,0,1,0,0,0,0,0,0,1
58.2,1,1,4,2022,12,1,3,4,0,1,58.2,4.0809215418899605,1,0,0,0,0,0,1,0,0,0,1
205.666,1,1,5,2022,3,30,2,1,0,0,205.666,5.331103963559373,1,0,0,0,0,0,1,0,0,0,1
134.4,2,2,6,2022,7,12,1,3,0,0,67.2,4.9082333604781745,1,0,0,0,0,0,1,0,0,0,1
1679.96,1,1,2,2022,4,28,3,2,0,0,1679.96,7.427120337765596,1,0,0,0,0,0,1,1,0,0,0
2049.816,4,3,7,2022,8,8,0,3,0,0,512.454,7.625993041712542,1,0,0,0,0,0,1,0,0,0,1
95.968,1,1,6,2022,12,1,3,4,0,1,95.968,4.574381027168211,1,0,0,0,0,1,0,0,0,0,1
193.152,3,2,0,2022,7,28,3,3,0,0,64.384,5.268641357438035,1,0,0,0,0,1,0,0,1,0,0
158.388,2,1,5,2022,12,30,4,4,0,1,79.194,5.071341481213602,1,0,0,0,1,0,0,0,0,0,1
321.56,3,2,3,2022,2,6,6,1,1,0,107.18666666666667,5.776289165442949,0,1,0,0,0,1,0,1,0,0,0
3745.6299999999997,5,2,5,2022,6,1,2,2,0,0,749.126,8.228612048254815,0,0,1,1,0,0,0,0,0,1,0
318.293,6,2,5,2022,9,17,5,3,1,0,53.048833333333334,5.766109176523957,1,0,0,0,0,0,1,0,0,0,1
389.74,4,2,2,2022,10,13,3,4,0,0,97.435,5.968042377163489,0,0,1,0,0,1,0,1,0,0,0
52.064,1,1,6,2022,11,4,4,4,0,1,52.064,3.971498732223255,0,0,1,0,1,0,0,0,0,0,1
604.9920000000001,2,2,1,2022,9,26,0,3,0,0,302.49600000000004,6.406866784662045,0,0,1,0,0,0,1,1,0,0,0
49.98,1,1,4,2022,9,8,3,3,0,0,49.98,3.9314333989479695,1,0,0,0,0,0,1,0,0,0,1
15.36,1,1,2,2022,10,6,3,4,0,0,15.36,2.794839331174601,0,1,0,1,0,0,0,0,0,1,0
1441.3,1,1,2,2022,6,9,3,2,0,0,1441.3,7.273994340589464,1,0,0,0,0,1,0,0,0,1,0
92.52,1,1,4,2022,9,19,0,3,0,0,92.52,4.538175317163813,0,1,0,0,0,0,1,0,0,0,1
107.44,1,1,5,2022,10,7,4,4,0,0,107.44,4.686197024630465,0,1,0,1,0,0,0,0,0,0,1
119.8,1,1,5,2022,12,2,4,4,0,1,119.8,4.794136285500715,0,1,0,0,1,0,0,0,0,0,1
13.97,1,1,2,2022,12,24,5,4,1,1,13.97,2.706048198431537,1,0,0,0,0,0,1,1,0,0,0
267.552,2,2,3,2022,9,13,1,3,0,0,133.776,5.593044563726455,1,0,0,0,1,0,0,1,0,0,0
159.98,1,1,5,2022,4,28,3,2,0,0,159.98,5.0812801336655875,0,1,0,0,1,0,0,0,0,0,1
358.696,2,2,2,2022,8,19,4,3,0,0,179.348,5.885259230261654,0,1,0,0,0,0,1,0,0,1,0
84.83,2,2,5,2022,4,4,0,2,0,0,42.415,4.452368595730128,1,0,0,1,0,0,0,0,0,0,1
13.36,1,1,3,2022,6,6,0,2,0,0,13.36,2.664446563620078,1,0,0,0,1,0,0,1,0,0,0
67.4,2,1,4,2022,7,11,0,3,0,0,33.7,4.225372824628505,1,0,0,0,1,0,0,0,0,0,1
19.44,1,1,2,2022,2,22,1,1,0,0,19.44,3.017493765335504,1,0,0,0,0,0,1,1,0,0,0
8.226,1,1,0,2022,6,22,2,2,0,0,8.226,2.2220255851356288,1,0,0,0,0,0,1,0,1,0,0
60.239999999999995,2,1,5,2022,3,30,2,1,0,0,30.119999999999997,4.114800570789483,0,1,0,0,0,0,1,0,0,0,1
11.76,1,1,4,2022,12,22,3,4,0,1,11.76,2.546315277916644,1,0,0,0,0,0,1,0,0,0,1
2846.22,5,3,7,2022,12,31,5,4,1,1,569.2439999999999,7.95409835861638,0,0,1,0,1,0,0,0,0,0,1
47.79,1,1,5,2022,11,5,5,4,1,1,47.79,3.8875253738277458,0,0,1,0,0,1,0,0,0,0,1
221.35,2,2,2,2022,8,3,2,3,0,0,110.675,5.404252716956705,1,0,0,0,0,0,1,1,0,0,0
64.152,2,1,6,2022,9,20,1,3,0,0,32.076,4.176723001488003,0,0,1,0,0,0,1,0,0,0,1
142.344,3,2,4,2022,6,9,3,2,0,0,47.448,4.9652473358552225,0,0,1,1,0,0,0,0,0,1,0
21.396,2,2,5,2022,11,18,4,4,0,1,10.698,3.108882371486647,1,0,0,0,1,0,0,0,0,1,0
90.58,3,1,5,2022,12,5,0,4,0,1,30.19333333333333,4.5172129072289495,1,0,0,0,0,0,1,0,0,0,1
30.46,2,1,7,2022,6,9,3,2,0,0,15.23,3.4487168976301317,1,0,0,0,0,0,1,0,0,0,1
17.46,1,1,5,2022,4,29,4,2,0,0,17.46,2.9156062290747062,1,0,0,0,1,0,0,0,0,0,1
240.5,2,1,5,2022,1,30,6,1,1,0,120.25,5.486869473092628,1,0,0,1,0,0,0,0,0,0,1
617.12,3,2,4,2022,8,4,3,3,0,0,205.70666666666668,6.426682613365494,0,1,0,0,1,0,0,0,0,0,1
559.992,1,1,2,2022,7,6,2,3,0,0,559.992,6.329706645171464,1,0,0,0,1,0,0,1,0,0,0
2027.144,2,2,6,2022,11,1,1,4,0,1,1013.572,7.614876368107433,1,0,0,0,0,0,1,0,0,0,1
732.3119999999999,3,2,5,2022,12,20,1,4,0,1,244.10399999999996,6.597571259346058,1,0,0,0,0,1,0,0,0,0,1
1190.53,3,2,2,2022,4,20,2,2,0,0,396.8433333333333,7.0829934745684495,1,0,0,1,0,0,0,0,0,1,0
18.24,1,1,7,2022,12,21,2,4,0,1,18.24,2.9569914452375605,0,0,1,0,0,1,0,0,0,0,1
9.09,1,1,4,2022,10,6,3,4,0,0,9.09,2.3115448343655176,1,0,0,0,0,0,1,0,0,0,1
94.732,2,1,5,2022,11,2,2,4,0,1,47.366,4.5615526208323685,0,1,0,0,0,0,1,0,0,1,0
53.82,1,1,4,2022,11,22,1,4,0,1,53.82,4.0040550908746395,1,0,0,0,0,0,1,0,0,0,1
40.544,2,2,4,2022,1,9,6,1,1,0,20.272,3.726753106542018,1,0,0,1,0,0,0,0,0,0,1
649.5999999999999,2,2,2,2022,12,8,3,4,0,1,324.79999999999995,6.477895014039251,1,0,0,0,0,0,1,0,0,1,0
515.88,1,1,4,2022,6,3,4,2,0,0,515.88,6.24781073924991,1,0,0,0,0,0,1,0,0,1,0
123.28,2,1,0,2022,8,29,0,3,0,0,61.64,4.822537084524846,0,1,0,0,0,0,1,0,1,0,0
51.072,2,1,7,2022,5,3,1,2,0,0,25.536,3.9526273762700863,1,0,0,0,1,0,0,0,0,0,1
85.00800000000001,2,1,5,2022,5,28,5,2,1,0,42.504000000000005,4.454440315182927,0,1,0,0,0,0,1,0,0,0,1
5.04,1,1,7,2022,11,29,1,4,0,1,5.04,1.7984040119467237,1,0,0,0,1,0,0,0,0,0,1
828.84,1,1,5,2022,4,21,3,2,0,0,828.84,6.721232911123573,0,1,0,0,0,1,0,0,0,0,1
1308.196,4,2,1,2022,12,16,4,4,0,1,327.049,7.177168487321411,0,0,1,0,0,0,1,1,0,0,0
2884.37,4,2,1,2022,12,20,1,4,0,1,721.0925,7.967408420285651,0,0,1,0,0,1,0,1,0,0,0
647.84,1,1,6,2022,6,16,3,2,0,0,647.84,6.475186153181914,1,0,0,1,0,0,0,0,0,0,1
44.91,1,1,4,2022,4,6,2,2,0,0,44.91,3.826682958261131,0,1,0,0,1,0,0,0,0,0,1
31.984,1,1,2,2022,9,5,0,3,0,0,31.984,3.496022595404599,1,0,0,0,0,1,0,1,0,0,0
862.202,5,2,2,2022,10,20,3,4,0,0,172.4404,6.760648730901389,0,0,1,1,0,0,0,0,0,1,0
890.841,1,1,4,2022,3,29,1,1,0,0,890.841,6.7932878655703135,1,0,0,1,0,0,0,0,0,0,1
43.176,1,1,4,2022,9,30,4,3,0,0,43.176,3.7881816551877985,1,0,0,0,0,0,1,0,0,0,1
199.98,1,1,5,2022,8,6,5,3,1,0,199.98,5.303205400620812,1,0,0,0,1,0,0,0,0,0,1
286.344,1,1,5,2022,11,3,3,4,0,1,286.344,5.660680104276381,1,0,0,0,1,0,0,0,0,0,1
88.768,1,1,6,2022,10,9,6,4,1,0,88.768,4.497228564362565,0,1,0,0,0,1,0,0,0,0,1
30.96,1,1,3,2022,8,15,0,3,0,0,30.96,3.464485120898074,1,0,0,1,0,0,0,1,0,0,0
27.968,1,1,4,2022,12,30,4,4,0,1,27.968,3.36619177246334,1,0,0,0,1,0,0,0,0,0,1
29.5,2,2,5,2022,9,15,3,3,0,0,14.75,3.417726683613366,1,0,0,0,1,0,0,0,0,0,1
1110.6480000000001,2,2,6,2022,12,9,4,4,0,1,555.3240000000001,7.013598877936436,1,0,0,0,1,0,0,0,0,0,1
73.915,1,1,5,2022,9,19,0,3,0,0,73.915,4.316354137495107,0,1,0,0,0,0,1,0,0,0,1
13.904,1,1,5,2022,7,18,0,3,0,0,13.904,2.7016296332992873,1,0,0,0,1,0,0,0,0,0,1
160.59199999999998,2,2,5,2022,10,9,6,4,1,0,80.29599999999999,5.085074639911089,1,0,0,0,0,0,1,0,0,0,1
24.56,1,1,7,2022,12,5,0,4,0,1,24.56,3.241028629509334,1,0,0,0,0,1,0,0,0,0,1
385.26099999999997,6,3,4,2022,6,21,1,2,0,0,64.21016666666667,5.956513306770838,1,0,0,0,1,0,0,0,0,0,1
73.19999999999999,2,1,5,2022,4,1,4,2,0,0,36.599999999999994,4.3067641501733345,0,1,0,0,1,0,0,0,0,0,1
66.3,1,1,4,2022,3,26,5,1,1,0,66.3,4.209160236650682,0,1,0,0,0,0,1,0,0,0,1
249.472,3,1,4,2022,10,18,1,4,0,0,83.15733333333334,5.523347137830361,0,1,0,0,1,0,0,0,0,0,1
12.96,1,1,4,2022,5,23,0,2,0,0,12.96,2.6361960973342264,1,0,0,0,0,0,1,0,0,0,1
192.424,3,2,5,2022,9,12,0,3,0,0,64.14133333333334,5.264884670459637,0,1,0,0,0,1,0,0,0,0,1
596.664,5,3,2,2022,12,20,1,4,0,1,119.33279999999999,6.393028723131197,1,0,0,0,0,0,1,1,0,0,0
37.44,2,1,5,2022,7,4,0,3,0,0,18.72,3.6490985841020915,1,0,0,0,0,1,0,0,0,0,1
8.64,1,1,3,2022,12,7,2,4,0,1,8.64,2.265921108622454,1,0,0,0,0,0,1,1,0,0,0
758.352,1,1,5,2022,4,11,0,2,0,0,758.352,6.632465438004377,0,0,1,1,0,0,0,0,0,1,0
46.864,1,1,6,2022,5,11,2,2,0,0,46.864,3.8683636560877304,1,0,0,1,0,0,0,0,0,0,1
1213.494,2,1,5,2022,5,27,4,2,0,0,606.747,7.102082808125371,1,0,0,0,0,0,1,0,0,1,0
14.67,1,1,4,2022,11,23,2,4,0,1,14.67,2.7517480563679295,1,0,0,1,0,0,0,0,0,0,1
76.12,1,1,4,2022,11,1,1,4,0,1,76.12,4.34536265030229,0,1,0,0,1,0,0,0,0,0,1
36.29,2,1,4,2022,10,12,2,4,0,0,18.145,3.6187251941907292,1,0,0,0,0,0,1,0,0,0,1
54.474000000000004,2,2,4,2022,10,25,1,4,0,0,27.237000000000002,4.015914442518285,1,0,0,0,1,0,0,0,0,0,1
361.608,4,1,5,2022,12,26,0,4,0,1,90.402,5.893322360956574,1,0,0,0,1,0,0,0,0,0,1
5.484,1,1,7,2022,12,17,5,4,1,1,5.484,1.8693376038734297,1,0,0,0,1,0,0,0,0,0,1
12.35,1,1,4,2022,2,2,2,1,0,0,12.35,2.5915163848462583,0,0,1,0,0,0,1,0,0,0,1
10539.896,7,3,4,2022,9,8,3,3,0,0,1505.6994285714286,9.263017827969918,1,0,0,1,0,0,0,0,0,0,1
13.456,2,1,4,2022,3,21,0,1,0,0,6.728,2.671109553289927,1,0,0,0,1,0,0,0,0,0,1
8.608,1,1,5,2022,9,8,3,3,0,0,8.608,2.2625960847776825,1,0,0,0,0,0,1,0,0,0,1
79.4,1,1,4,2022,9,13,1,3,0,0,79.4,4.387014176184921,0,1,0,0,0,0,1,0,0,0,1
405.45599999999996,2,1,2,2022,5,13,4,2,0,0,202.72799999999998,6.007475682046966,0,0,1,0,0,1,0,1,0,0,0
211.57600000000002,3,1,5,2022,4,28,3,2,0,0,70.52533333333334,5.359299571482831,0,1,0,0,1,0,0,0,0,0,1
907.5600000000001,4,2,5,2022,11,20,6,4,1,1,226.89000000000001,6.811860928583391,0,1,0,0,1,0,0,0,0,0,1
137.632,2,2,0,2022,10,10,0,4,0,0,68.816,4.931822940337944,0,0,1,0,0,0,1,0,1,0,0
719.976,1,1,4,2022,5,30,0,2,0,0,719.976,6.580605849629673,0,1,0,1,0,0,0,0,0,0,1
212.94,1,1,6,2022,6,14,1,2,0,0,212.94,5.3656956018779844,0,0,1,1,0,0,0,0,0,0,1
1075.3700000000001,3,2,2,2022,11,17,3,4,0,1,358.4566666666667,6.981349547784312,0,1,0,0,0,0,1,1,0,0,0
707.628,3,2,2,2022,11,11,4,4,0,1,235.876,6.563330706186397,0,0,1,0,0,0,1,0,0,1,0
468.9,1,1,2,2022,2,1,1,1,0,0,468.9,6.15251990610877,1,0,0,1,0,0,0,1,0,0,0
447.944,1,1,0,2022,12,20,1,4,0,1,447.944,6.106898158360305,1,0,0,0,0,0,1,0,1,0,0
1639.711,5,2,4,2022,6,28,1,2,0,0,327.9422,7.4028849634537774,1,0,0,0,1,0,0,0,0,0,1
69.216,1,1,4,2022,9,30,4,3,0,0,69.216,4.251576205289816,1,0,0,0,0,1,0,0,0,0,1
62.94,1,1,3,2022,8,15,0,3,0,0,62.94,4.157945143631696,1,0,0,0,1,0,0,1,0,0,0
67.112,4,1,5,2022,11,26,5,4,1,1,16.778,4.2211534090857965,0,1,0,0,0,0,1,0,0,0,1
33.552,1,1,3,2022,9,16,4,3,0,0,33.552,3.5424654356584,0,1,0,0,1,0,0,1,0,0,0
67.15,1,1,2,2022,11,18,4,4,0,1,67.15,4.221711158142542,0,1,0,1,0,0,0,0,0,1,0
21.4,1,1,3,2022,6,21,1,2,0,0,21.4,3.109060958860994,1,0,0,0,1,0,0,1,0,0,0
15.28,1,1,4,2022,6,3,4,2,0,0,15.28,2.789937360574394,0,0,1,1,0,0,0,0,0,1,0
2583.19,3,1,4,2022,12,28,2,4,0,1,861.0633333333334,7.857167391611102,0,1,0,0,1,0,0,0,0,0,1
14.576,1,1,5,2022,9,25,6,3,1,0,14.576,2.7457312680698984,0,0,1,0,0,0,1,0,0,0,1
43.31,1,1,5,2022,12,12,0,4,0,1,43.31,3.7912103852113983,1,0,0,0,0,0,1,0,0,0,1
795.408,1,1,0,2022,9,30,4,3,0,0,795.408,6.6801116173430035,0,1,0,0,1,0,0,0,1,0,0
176.494,4,2,2,2022,7,20,2,3,0,0,44.1235,5.178936805527241,1,0,0,0,0,0,1,1,0,0,0
1214.85,1,1,0,2022,6,21,1,2,0,0,1214.85,7.103198699654068,1,0,0,0,1,0,0,0,1,0,0
19.536,1,1,7,2022,1,5,2,1,0,0,19.536,3.0221794435688394,1,0,0,0,1,0,0,0,0,0,1
60.08,3,2,5,2022,3,26,5,1,1,0,20.026666666666667,4.1121844803504315,0,1,0,0,0,0,1,0,0,1,0
5.98,1,1,5,2022,8,9,1,3,0,0,5.98,1.943048916774281,1,0,0,0,0,0,1,0,0,0,1
196.752,1,1,3,2022,6,22,2,2,0,0,196.752,5.2870137203766445,1,0,0,0,0,0,1,1,0,0,0
207.24,1,1,5,2022,12,23,4,4,0,1,207.24,5.33869126068631,1,0,0,1,0,0,0,0,0,0,1
274.096,3,1,7,2022,12,22,3,4,0,1,91.36533333333334,5.617120127657608,1,0,0,1,0,0,0,0,0,0,1
531.382,2,2,1,2022,10,21,4,4,0,0,265.691,6.277361276783373,1,0,0,0,1,0,0,1,0,0,0
69.9,2,2,2,2022,4,29,4,2,0,0,34.95,4.2612704335380815,1,0,0,0,0,1,0,0,0,1,0
561.73,8,3,0,2022,9,13,1,3,0,0,70.21625,6.332799939395183,1,0,0,0,0,0,1,0,1,0,0
853.092,1,1,4,2022,8,16,1,3,0,0,853.092,6.7500389163235255,1,0,0,0,1,0,0,0,0,0,1
23.472,1,1,0,2022,10,8,5,4,1,0,23.472,3.1975296068486023,1,0,0,0,0,1,0,0,1,0,0
53.344,2,1,0,2022,7,20,2,3,0,0,26.672,3.9953342118890007,1,0,0,0,1,0,0,0,1,0,0
63.304,2,1,5,2022,10,18,1,4,0,0,31.652,4.163621837706845,1,0,0,0,0,0,1,0,0,1,0
15.384,1,1,5,2022,10,15,5,4,1,0,15.384,2.7963052488570974,1,0,0,0,0,1,0,0,0,0,1
327.56,3,2,2,2022,12,1,3,4,0,1,109.18666666666667,5.794719469648303,1,0,0,0,1,0,0,1,0,0,0
244.76,3,2,5,2022,8,27,5,3,1,0,81.58666666666666,5.5043554499593075,1,0,0,0,0,0,1,0,0,1,0
92.52,1,1,5,2022,8,31,2,3,0,0,92.52,4.538175317163813,1,0,0,0,0,0,1,0,0,0,1
116.28,1,1,6,2022,5,24,1,2,0,0,116.28,4.764564238138341,1,0,0,0,1,0,0,0,0,0,1
40.48,1,1,5,2022,3,24,3,1,0,0,40.48,3.7252113833613265,1,0,0,0,0,0,1,0,0,1,0
180.93,2,1,7,2022,5,22,6,2,1,0,90.465,5.203621997708712,1,0,0,0,0,1,0,0,0,0,1
1340.9759999999999,3,2,4,2022,7,20,2,3,0,0,446.99199999999996,7.2018984336161225,0,0,1,1,0,0,0,0,0,0,1
8319.289999999999,3,2,2,2022,7,25,0,3,0,0,2773.0966666666664,9.026452388977036,1,0,0,0,0,0,1,0,0,1,0
475.788,3,2,5,2022,5,26,3,2,0,0,158.596,6.167071947649191,1,0,0,1,0,0,0,0,0,0,1
119.32,2,1,7,2022,12,8,3,4,0,1,59.66,4.79015486020153,0,1,0,0,0,0,1,0,0,0,1
491.55,1,1,5,2022,6,10,4,2,0,0,491.55,6.199595978301688,0,1,0,1,0,0,0,0,0,1,0
103.6,1,1,6,2022,9,9,4,3,0,0,103.6,4.650143551630823,1,0,0,1,0,0,0,0,0,0,1
3290.516,3,2,4,2022,6,17,4,2,0,0,1096.8386666666668,8.099103527901738,1,0,0,0,0,0,1,0,0,0,1
4548.81,1,1,4,2022,11,19,5,4,1,1,4548.81,8.422840752831338,1,0,0,0,1,0,0,0,0,0,1
1517.574,6,3,2,2022,11,9,2,4,0,1,252.929,7.325527015600037,1,0,0,0,0,0,1,0,0,1,0
68.53,3,2,4,2022,9,26,0,3,0,0,22.843333333333334,4.2417583141109265,0,1,0,0,1,0,0,0,0,0,1
5.46,1,1,6,2022,9,13,1,3,0,0,5.46,1.8656293177945105,1,0,0,0,1,0,0,0,0,0,1
992.828,4,2,4,2022,7,23,5,3,1,0,248.207,6.901564153454356,0,1,0,0,0,0,1,0,0,0,1
23661.228,7,3,5,2022,3,18,4,1,0,0,3380.1754285714283,10.07163530047,0,0,1,0,0,1,0,0,0,0,1
2116.5060000000003,7,2,2,2022,10,31,0,4,0,0,302.35800000000006,7.657994260052301,1,0,0,0,1,0,0,0,0,1,0
6999.96,1,1,7,2022,12,14,2,4,0,1,6999.96,8.85380256149137,1,0,0,0,1,0,0,0,0,0,1
26.128,2,2,4,2022,9,14,2,3,0,0,13.064,3.3005664048233374,1,0,0,0,0,1,0,0,0,1,0
355.455,1,1,6,2022,5,30,0,2,0,0,355.455,5.87620800467805,1,0,0,1,0,0,0,0,0,0,1
479.9,1,1,4,2022,11,17,3,4,0,1,479.9,6.175659348283617,0,0,1,1,0,0,0,0,0,0,1
1166.7160000000001,3,2,7,2022,9,8,3,3,0,0,388.9053333333334,7.062804983137321,1,0,0,1,0,0,0,0,0,0,1
121.24,2,1,5,2022,8,30,1,3,0,0,60.62,4.8059863254182105,1,0,0,0,1,0,0,0,0,0,1
22.0,2,1,2,2022,7,25,0,3,0,0,11.0,3.1354942159291497,0,0,1,0,0,0,1,0,0,1,0
378.594,4,2,1,2022,1,19,2,1,0,0,94.6485,5.939102260499158,1,0,0,0,0,0,1,1,0,0,0
334.768,1,1,5,2022,6,30,3,2,0,0,334.768,5.8164204452842565,1,0,0,0,1,0,0,0,0,0,1
211.96,1,1,5,2022,10,20,3,4,0,0,211.96,5.361104354646802,1,0,0,1,0,0,0,0,0,1,0
147.344,2,1,5,2022,11,3,3,4,0,1,73.672,4.999533901025082,1,0,0,0,0,1,0,0,0,0,1
176.28400000000002,2,2,5,2022,9,8,3,3,0,0,88.14200000000001,5.17775296648127,0,0,1,0,1,0,0,0,0,0,1
150.232,2,2,6,2022,11,30,2,4,0,1,75.116,5.018815081564442,1,0,0,0,0,0,1,0,0,0,1
216.4,1,1,4,2022,12,22,3,4,0,1,216.4,5.381738974687109,0,0,1,0,1,0,0,0,0,0,1
13.62,1,1,6,2022,5,30,0,2,0,0,13.62,2.6823904543216326,0,1,0,0,0,1,0,0,0,0,1
968.3,5,3,4,2022,9,29,3,3,0,0,193.66,6.876574161498562,1,0,0,0,0,0,1,0,0,0,1
36.1,2,1,1,2022,11,7,0,4,0,1,18.05,3.6136169696133895,0,1,0,0,1,0,0,1,0,0,0
24.9,1,1,4,2022,3,24,3,1,0,0,24.9,3.254242968705492,1,0,0,0,1,0,0,0,0,0,1
248.568,2,2,7,2022,4,26,1,2,0,0,124.284,5.519731423148087,0,1,0,0,0,0,1,0,0,0,1
478.48,1,1,6,2022,7,6,2,3,0,0,478.48,6.172702183338899,0,0,1,0,0,0,1,0,0,0,1
28.8,1,1,5,2022,9,23,4,3,0,0,28.8,3.3945083935113587,0,0,1,0,1,0,0,0,0,0,1
16.224,1,1,5,2022,6,4,5,2,1,0,16.224,2.846303760062062,0,0,1,0,1,0,0,0,0,0,1
388.70399999999995,2,2,4,2022,3,22,1,1,0,0,194.35199999999998,5.965387476597862,0,1,0,0,0,0,1,0,0,0,1
22.32,2,1,5,2022,10,27,3,4,0,0,11.16,3.1493113614822916,0,0,1,0,0,1,0,0,0,0,1
11.12,1,1,4,2022,9,23,4,3,0,0,11.12,2.4948569806411682,0,1,0,0,1,0,0,0,0,0,1
946.764,1,1,4,2022,12,27,1,4,0,1,946.764,6.854105526115355,1,0,0,0,0,0,1,0,0,0,1
6.642,1,1,4,2022,11,30,2,4,0,1,6.642,2.0336593490247084,0,1,0,0,0,1,0,0,0,0,1
117.704,2,1,5,2022,12,10,5,4,1,1,58.852,4.77663299944717,1,0,0,0,1,0,0,0,0,0,1
366.786,1,1,7,2022,3,25,4,1,0,0,366.786,5.907501247280455,1,0,0,0,1,0,0,0,0,0,1
38.66,2,2,5,2022,1,20,3,1,0,0,19.33,3.68034312309165,1,0,0,0,0,0,1,0,0,0,1
91.68,1,1,4,2022,5,17,1,2,0,0,91.68,4.529152699564175,0,0,1,1,0,0,0,0,0,0,1
88.776,1,1,5,2022,11,2,2,4,0,1,88.776,4.497317679008616,1,0,0,1,0,0,0,0,0,0,1
599.896,2,2,4,2022,11,1,1,4,0,1,299.948,6.398421874636083,1,0,0,0,0,0,1,0,0,0,1
43.016,3,2,5,2022,12,14,2,4,0,1,14.338666666666667,3.7845532041822185,1,0,0,1,0,0,0,0,0,0,1
54.83,2,2,5,2022,1,10,0,1,0,0,27.415,4.022311359322269,0,1,0,0,0,1,0,0,0,0,1
62.808,1,1,5,2022,11,23,2,4,0,1,62.808,4.155878574339373,0,1,0,0,1,0,0,0,0,0,1
770.61,4,1,2,2022,4,5,1,2,0,0,192.6525,6.648479241030538,1,0,0,1,0,0,0,0,0,1,0
35.34,1,1,4,2022,11,4,4,4,0,1,35.34,3.592919062968025,1,0,0,0,0,0,1,0,0,0,1
61.96,1,1,1,2022,1,14,4,1,0,0,61.96,4.1424996041091475,0,1,0,0,1,0,0,1,0,0,0
364.93,4,2,4,2022,4,4,0,2,0,0,91.2325,5.9024420582788455,0,1,0,0,0,1,0,0,0,0,1
103.936,1,1,4,2022,9,15,3,3,0,0,103.936,4.653350640512844,0,1,0,0,1,0,0,0,0,0,1
273.96,1,1,4,2022,11,16,2,4,0,1,273.96,5.616625632541578,0,0,1,1,0,0,0,0,0,0,1
370.78200000000004,5,2,4,2022,3,15,1,1,0,0,74.1564,5.918307660990054,1,0,0,0,0,1,0,0,0,0,1
250.26,1,1,2,2022,12,5,0,4,0,1,250.26,5.526488259576272,1,0,0,0,0,0,1,1,0,0,0
1573.488,1,1,4,2022,12,31,5,4,1,1,1573.488,7.361685419044903,0,1,0,0,1,0,0,0,0,1,0
63.882,1,1,2,2022,7,8,4,3,0,0,63.882,4.172570235472609,1,0,0,0,1,0,0,1,0,0,0
46.872,1,1,4,2022,10,10,0,4,0,0,46.872,3.868530782352012,0,0,1,0,0,0,1,0,0,0,1
78.12,3,2,6,2022,8,5,4,3,0,0,26.040000000000003,4.370965687314457,1,0,0,0,0,0,1,0,0,0,1
503.13,2,2,5,2022,11,19,5,4,1,1,251.565,6.222834171319403,1,0,0,1,0,0,0,0,0,0,1
499.55199999999996,2,2,4,2022,4,8,4,2,0,0,249.77599999999998,6.215711489462345,0,0,1,0,0,0,1,0,0,0,1
1614.124,4,3,2,2022,12,1,3,4,0,1,403.531,7.387167012895068,1,0,0,0,1,0,0,0,0,1,0
101.728,2,1,2,2022,4,5,1,2,0,0,50.864,4.632084718528973,0,1,0,1,0,0,0,1,0,0,0
49.632,1,1,0,2022,11,12,5,4,1,1,49.632,3.9245837874730043,1,0,0,1,0,0,0,0,1,0,0
362.466,5,2,4,2022,12,5,0,4,0,1,72.4932,5.895685757523243,0,1,0,0,1,0,0,0,0,0,1
641.024,2,2,4,2022,11,12,5,4,1,1,320.512,6.464625686168798,1,0,0,0,0,0,1,0,0,0,1
1885.27,3,3,3,2022,10,14,4,4,0,0,628.4233333333333,7.542356613074223,1,0,0,0,1,0,0,1,0,0,0
114.2,1,1,4,2022,12,16,4,4,0,1,114.2,4.746669748261791,0,1,0,1,0,0,0,0,0,0,1
20.736,1,1,1,2022,11,14,0,4,0,1,20.736,3.0789698721240466,0,1,0,1,0,0,0,1,0,0,0
217.352,2,2,6,2022,8,8,0,3,0,0,108.676,5.386108439495758,1,0,0,0,0,0,1,0,0,0,1
239.976,1,1,5,2022,9,2,4,3,0,0,239.976,5.484697343469493,1,0,0,1,0,0,0,0,0,1,0
100.24,1,1,4,2022,6,6,0,2,0,0,100.24,4.617493935676923,0,0,1,1,0,0,0,0,0,0,1
440.04799999999994,4,2,5,2022,6,4,5,2,1,0,110.01199999999999,6.089153713061233,1,0,0,0,1,0,0,0,0,0,1
2.816,1,1,5,2022,9,20,1,3,0,0,2.816,1.33920275358604,0,1,0,0,0,1,0,0,0,0,1
129.92,1,1,4,2022,10,22,5,4,1,0,129.92,4.87458644963298,0,1,0,0,0,1,0,0,0,0,1
1549.77,4,3,2,2022,10,13,3,4,0,0,387.4425,7.346506860755391,1,0,0,0,0,0,1,1,0,0,0
1212.96,1,1,5,2022,5,11,2,2,0,0,1212.96,7.101643022147456,0,1,0,1,0,0,0,0,0,0,1
99.98,1,1,1,2022,10,5,2,4,0,0,99.98,4.6149224774307696,1,0,0,0,0,0,1,1,0,0,0
310.688,1,1,0,2022,6,30,3,2,0,0,310.688,5.742002687475899,1,0,0,0,0,1,0,0,1,0,0
1793.98,1,1,5,2022,9,2,4,3,0,0,1793.98,7.4927491587990245,1,0,0,0,0,1,0,0,0,0,1
19.752,1,1,2,2022,8,1,0,3,0,0,19.752,3.032642627574088,1,0,0,0,0,0,1,1,0,0,0
57.266,2,2,5,2022,12,29,3,4,0,1,28.633,4.065018732840272,1,0,0,0,0,0,1,0,0,1,0
91.92,1,1,5,2022,10,5,2,4,0,0,91.92,4.531738907902208,1,0,0,0,1,0,0,0,0,1,0
711.6800000000001,3,1,5,2022,5,21,5,2,1,0,237.2266666666667,6.569032511815769,0,0,1,0,1,0,0,0,0,0,1
75.16,2,1,7,2022,11,1,1,4,0,1,37.58,4.33283639048311,0,1,0,0,0,1,0,0,0,0,1
583.358,2,2,3,2022,3,14,0,1,0,0,291.679,6.370513808710712,0,0,1,1,0,0,0,1,0,0,0
4.368,1,1,7,2022,7,5,1,3,0,0,4.368,1.6804553996693807,0,1,0,0,0,1,0,0,0,0,1
12.624,1,1,6,2022,2,18,4,1,0,0,12.624,2.6118329433603873,1,0,0,1,0,0,0,0,0,0,1
521.92,2,2,7,2022,12,27,1,4,0,1,260.96,6.2594284886936595,0,1,0,0,0,1,0,0,0,0,1
19.92,1,1,5,2022,7,1,4,3,0,0,19.92,3.040705639196722,0,1,0,0,0,0,1,0,0,1,0
110.098,2,1,4,2022,10,4,1,4,0,0,55.049,4.71041269468337,1,0,0,0,0,0,1,0,0,0,1
6.72,1,1,0,2022,11,3,3,4,0,1,6.72,2.0438143640366846,0,0,1,0,0,0,1,0,1,0,0
436.48800000000006,3,2,4,2022,4,6,2,2,0,0,145.496,6.08104927685007,0,1,0,0,0,0,1,0,0,1,0
1537.5439999999999,2,2,5,2022,11,24,3,4,0,1,768.7719999999999,7.338591793638162,1,0,0,0,1,0,0,0,0,0,1
1015.816,2,2,4,2022,12,16,4,4,0,1,507.908,6.924431455392668,0,1,0,0,0,1,0,0,0,1,0
451.28400000000005,6,2,4,2022,9,21,2,3,0,0,75.21400000000001,6.114310301106825,1,0,0,0,0,0,1,0,0,0,1
258.279,1,1,5,2022,10,3,0,4,0,0,258.279,5.557904701991544,1,0,0,1,0,0,0,0,0,1,0
606.3199999999999,2,2,7,2022,11,29,1,4,0,1,303.15999999999997,6.409055835013987,1,0,0,0,0,0,1,0,0,0,1
463.04,4,2,5,2022,12,2,4,4,0,1,115.76,6.139970755407206,0,1,0,0,1,0,0,0,0,0,1
619.848,5,2,4,2022,12,23,4,4,0,1,123.96959999999999,6.431086285467632,1,0,0,0,0,1,0,0,0,1,0
54.208,1,1,7,2022,2,17,3,1,0,0,54.208,4.011107870318301,1,0,0,1,0,0,0,0,0,0,1
2.92,1,1,2,2022,12,13,1,4,0,1,2.92,1.366091653802371,1,0,0,1,0,0,0,0,0,1,0
164.88,1,1,1,2022,12,7,2,4,0,1,164.88,5.1112646353781805,0,0,1,0,0,0,1,1,0,0,0
1840.0430000000001,4,3,5,2022,4,12,1,2,0,0,460.01075000000003,7.518087537831576,0,1,0,0,0,0,1,0,0,0,1
2735.952,1,1,2,2022,10,29,5,4,1,0,2735.952,7.914600171437134,1,0,0,1,0,0,0,1,0,0,0
375.34,1,1,5,2022,8,11,3,3,0,0,375.34,5.930492990116498,1,0,0,0,1,0,0,0,0,0,1
423.28,1,1,3,2022,8,8,0,3,0,0,423.28,6.05039361463727,1,0,0,0,0,0,1,0,0,1,0
101.57,2,2,5,2022,11,21,0,4,0,1,50.785,4.630545492319319,0,0,1,0,0,0,1,0,0,0,1
49.568,1,1,4,2022,8,23,1,3,0,0,49.568,3.9233189651699973,0,1,0,0,0,0,1,0,0,1,0
1897.92,2,1,6,2022,12,21,2,4,0,1,948.96,7.5490405824894085,1,0,0,0,0,0,1,0,0,0,1
1106.77,3,2,5,2022,6,22,2,2,0,0,368.92333333333335,7.010104264531828,1,0,0,0,1,0,0,0,0,0,1
39.072,1,1,4,2022,4,16,5,2,1,0,39.072,3.6906778360553156,0,1,0,0,0,1,0,0,0,0,1
306.11199999999997,5,2,3,2022,10,19,2,4,0,0,61.22239999999999,5.727212501903158,0,1,0,0,0,0,1,0,0,1,0
27.46,1,1,0,2022,5,4,2,2,0,0,27.46,3.3484995926617063,1,0,0,0,1,0,0,0,1,0,0
42.208,1,1,5,2022,12,6,1,4,0,1,42.208,3.76602566329059,1,0,0,0,0,1,0,0,0,0,1
11.64,1,1,5,2022,11,3,3,4,0,1,11.64,2.5368663887187113,1,0,0,0,1,0,0,0,0,0,1
545.928,2,1,4,2022,11,11,4,4,0,1,272.964,6.304317166701707,0,1,0,0,1,0,0,0,0,1,0
19.456,1,1,4,2022,3,3,3,1,0,0,19.456,3.0182762379888857,1,0,0,0,0,1,0,0,0,1,0
700.056,1,1,5,2022,5,12,3,2,0,0,700.056,6.552587769721201,1,0,0,0,1,0,0,0,0,0,1
47.79,1,1,2,2022,4,30,5,2,1,0,47.79,3.8875253738277458,1,0,0,0,0,1,0,0,0,1,0
693.992,4,2,7,2022,9,22,3,3,0,0,173.498,6.543900334707176,1,0,0,0,1,0,0,0,0,0,1
457.74399999999997,6,2,4,2022,8,12,4,3,0,0,76.29066666666667,6.128492320264176,0,0,1,0,0,1,0,0,0,0,1
30.36,1,1,2,2022,12,24,5,4,1,1,30.36,3.445533195482207,1,0,0,0,1,0,0,1,0,0,0
576.234,3,2,4,2022,5,26,3,2,0,0,192.078,6.358247730223786,0,1,0,0,0,0,1,0,0,0,1
31.68,2,1,6,2022,9,20,1,3,0,0,15.84,3.486763269991802,1,0,0,0,0,0,1,0,0,0,1
19.456,1,1,4,2022,2,27,6,1,1,0,19.456,3.0182762379888857,1,0,0,0,1,0,0,1,0,0,0
309.592,3,2,1,2022,3,7,0,1,0,0,103.19733333333333,5.738480153782751,1,0,0,0,0,0,1,1,0,0,0
694.534,4,1,3,2022,12,20,1,4,0,1,173.6335,6.544679895862377,1,0,0,0,0,0,1,0,0,1,0
7.16,1,1,5,2022,9,19,0,3,0,0,7.16,2.0992441689760155,0,1,0,0,0,0,1,0,0,0,1
155.456,1,1,2,2022,8,8,0,3,0,0,155.456,5.052774820290348,1,0,0,0,0,1,0,0,0,1,0
6.08,1,1,6,2022,6,28,1,2,0,0,6.08,1.9572739077056285,0,1,0,1,0,0,0,0,0,0,1
1679.749,3,2,5,2022,1,13,3,1,0,0,559.9163333333333,7.426994806376486,1,0,0,0,0,0,1,0,0,0,1
112.542,2,1,2,2022,7,20,2,3,0,0,56.271,4.732172812524906,1,0,0,0,0,0,1,1,0,0,0
471.92,1,1,5,2022,3,16,2,1,0,0,471.92,6.158926240994913,0,0,1,0,0,1,0,0,0,1,0
13.940000000000001,2,1,4,2022,3,14,0,1,0,0,6.970000000000001,2.7040421797046714,0,1,0,0,0,0,1,0,0,0,1
53.67,2,2,1,2022,12,31,5,4,1,1,26.835,4.001315112906908,0,1,0,0,1,0,0,1,0,0,0
90.60999999999999,2,2,3,2022,9,2,4,3,0,0,45.30499999999999,4.517540436027117,1,0,0,0,1,0,0,1,0,0,0
514.03,3,2,3,2022,7,5,1,3,0,0,171.34333333333333,6.244225151394314,1,0,0,0,0,1,0,1,0,0,0
265.784,2,1,5,2022,10,3,0,4,0,0,132.892,5.586439342228203,0,1,0,0,0,0,1,0,0,1,0
465.488,2,2,2,2022,10,11,1,4,0,0,232.744,6.145232296483876,1,0,0,0,0,0,1,1,0,0,0
225.296,1,1,4,2022,5,26,3,2,0,0,225.296,5.421843876831486,1,0,0,0,0,0,1,0,0,0,1
16.52,1,1,4,2022,4,21,3,2,0,0,16.52,2.8633430855082453,1,0,0,0,0,0,1,0,0,0,1
210.13,2,1,6,2022,9,22,3,3,0,0,105.065,5.352474057499991,1,0,0,0,0,0,1,0,0,0,1
682.91,3,1,5,2022,11,19,5,4,1,1,227.63666666666666,6.527826330017913,0,0,1,0,0,1,0,0,0,1,0
559.71,1,1,5,2022,9,2,4,3,0,0,559.71,6.329203837819883,0,1,0,1,0,0,0,0,0,0,1
108.92,1,1,3,2022,3,11,4,1,0,0,108.92,4.699752828474039,1,0,0,0,1,0,0,0,0,1,0
807.6859999999999,6,3,6,2022,11,10,3,4,0,1,134.61433333333332,6.695410708217043,1,0,0,0,0,0,1,0,0,0,1
25.184,3,1,0,2022,3,17,3,1,0,0,8.394666666666668,3.2651485371988795,1,0,0,1,0,0,0,0,1,0,0
129.32999999999998,2,1,4,2022,4,19,1,2,0,0,64.66499999999999,4.870069695542628,1,0,0,0,0,1,0,0,0,1,0
151.72,1,1,2,2022,11,24,3,4,0,1,151.72,5.028606179417492,1,0,0,0,0,0,1,1,0,0,0
158.70999999999998,4,1,0,2022,5,9,0,2,0,0,39.677499999999995,5.073359670668218,0,1,0,0,0,1,0,0,1,0,0
111.93,1,1,6,2022,7,26,1,3,0,0,111.93,4.726768157735579,0,1,0,0,0,0,1,0,0,0,1
149.56,2,2,5,2022,9,14,2,3,0,0,74.78,5.01436167583707,1,0,0,0,0,1,0,0,0,0,1
725.332,3,2,5,2022,11,7,0,4,0,1,241.77733333333333,6.588007210570374,1,0,0,1,0,0,0,0,0,0,1
447.84,1,1,3,2022,6,25,5,2,1,0,447.84,6.106666476796666,0,1,0,0,0,0,1,1,0,0,0
15.24,1,1,6,2022,9,30,4,3,0,0,15.24,2.787477334733532,0,1,0,0,1,0,0,0,0,0,1
1158.448,3,2,5,2022,6,6,0,2,0,0,386.14933333333335,7.055699308773159,0,1,0,0,1,0,0,0,0,0,1
23.472,1,1,5,2022,11,23,2,4,0,1,23.472,3.1975296068486023,1,0,0,0,0,0,1,0,0,0,1
105.52,1,1,6,2022,12,7,2,4,0,1,105.52,4.668332760945732,1,0,0,0,0,1,0,0,0,0,1
201.73,2,2,5,2022,5,10,1,2,0,0,100.865,5.311875044480103,1,0,0,0,0,0,1,0,0,0,1
183.61,2,2,3,2022,11,28,0,4,0,1,91.805,5.218245491782478,1,0,0,0,0,0,1,1,0,0,0
4.272,1,1,4,2022,6,24,4,2,0,0,4.272,1.662409797200206,1,0,0,0,0,0,1,0,0,0,1
670.3779999999999,2,2,7,2022,11,17,3,4,0,1,335.18899999999996,6.509332316657271,1,0,0,0,1,0,0,0,0,0,1
5.67,1,1,0,2022,9,19,0,3,0,0,5.67,1.8976198599275325,0,0,1,0,0,0,1,0,1,0,0
5.22,1,1,6,2022,11,16,2,4,0,1,5.22,1.827769906751088,0,1,0,0,0,0,1,0,0,0,1
1000.95,2,1,2,2022,4,30,5,2,1,0,500.475,6.909703380200153,1,0,0,0,0,1,0,1,0,0,0
190.848,1,1,7,2022,12,20,1,4,0,1,190.848,5.256703391827572,1,0,0,0,1,0,0,0,0,0,1
134.6,3,2,4,2022,6,9,3,2,0,0,44.86666666666667,4.909709375506295,0,1,0,0,0,0,1,0,0,1,0
177.68,1,1,6,2022,4,2,5,2,1,0,177.68,5.185596496483918,0,1,0,0,0,1,0,0,0,0,1
45.248,1,1,5,2022,5,5,3,2,0,0,45.248,3.834018219780175,0,1,0,1,0,0,0,0,0,0,1
4283.792,7,3,0,2022,9,14,2,3,0,0,611.9702857142858,8.362827288430136,1,0,0,0,1,0,0,0,1,0,0
581.1039999999999,2,2,4,2022,7,1,4,3,0,0,290.55199999999996,6.366649125925614,0,1,0,0,0,1,0,0,0,0,1
392.94,1,1,5,2022,11,18,4,4,0,1,392.94,5.976198613437549,0,1,0,1,0,0,0,0,0,0,1
13.809000000000001,2,1,4,2022,8,9,1,3,0,0,6.9045000000000005,2.6952351040553664,1,0,0,0,0,0,1,0,0,0,1
554.1659999999999,4,2,4,2022,7,12,1,3,0,0,138.54149999999998,6.319267168124315,0,0,1,1,0,0,0,0,0,0,1
32.4,1,1,6,2022,11,14,0,4,0,1,32.4,3.5085558999826545,1,0,0,0,0,1,0,0,0,0,1
714.966,3,3,2,2022,3,30,2,1,0,0,238.322,6.573632679799629,0,0,1,1,0,0,0,1,0,0,0
447.88,2,2,4,2022,10,26,2,4,0,0,223.94,6.106755591442717,1,0,0,0,0,0,1,0,0,1,0
24.240000000000002,2,1,4,2022,11,14,0,4,0,1,12.120000000000001,3.2284300376730126,1,0,0,1,0,0,0,0,0,0,1
5.68,1,1,5,2022,8,1,0,3,0,0,5.68,1.8991179875485544,0,0,1,0,1,0,0,0,0,0,1
1287.26,5,2,2,2022,1,13,3,1,0,0,257.452,7.161047749646671,0,1,0,0,0,1,0,0,0,1,0
62.967999999999996,2,2,4,2022,12,27,1,4,0,1,31.483999999999998,4.15838295831799,1,0,0,1,0,0,0,0,0,0,1
832.1379999999999,4,2,2,2022,12,19,0,4,0,1,208.03449999999998,6.725199294712208,0,1,0,0,0,0,1,1,0,0,0
14.67,1,1,6,2022,11,28,0,4,0,1,14.67,2.7517480563679295,1,0,0,0,0,1,0,0,0,0,1
646.2,1,1,4,2022,11,24,3,4,0,1,646.2,6.4726553657442825,1,0,0,1,0,0,0,0,0,0,1
3769.56,5,2,4,2022,3,21,0,1,0,0,753.912,8.234978810524975,0,1,0,0,0,1,0,0,0,0,1
116.85,2,1,3,2022,9,8,3,3,0,0,58.425,4.76941262938214,0,1,0,0,0,1,0,1,0,0,0
192.186,1,1,3,2022,12,20,1,4,0,1,192.186,5.263653455384676,0,1,0,0,1,0,0,0,0,1,0
1167.296,3,3,3,2022,11,11,4,4,0,1,389.0986666666667,7.063301555939103,1,0,0,0,0,0,1,0,0,1,0
767.214,1,1,4,2022,12,27,1,4,0,1,767.214,6.6440683401664655,0,0,1,0,1,0,0,0,0,0,1
1109.372,5,2,3,2022,11,18,4,4,0,1,221.8744,7.0124503732962795,1,0,0,1,0,0,0,1,0,0,0
1368.6200000000001,5,3,4,2022,7,11,0,3,0,0,273.72400000000005,7.222288608084596,0,1,0,0,1,0,0,0,0,0,1
139.44,1,1,5,2022,9,23,4,3,0,0,139.44,4.944780351300231,1,0,0,0,1,0,0,0,0,1,0
44.34,2,1,2,2022,9,23,4,3,0,0,22.17,3.814189645079383,1,0,0,0,1,0,0,1,0,0,0
2003.1200000000001,2,2,4,2022,10,14,4,4,0,0,1001.5600000000001,7.602960340651526,1,0,0,1,0,0,0,0,0,0,1
111.05000000000001,4,3,4,2022,7,14,3,3,0,0,27.762500000000003,4.718945200246936,1,0,0,0,1,0,0,0,0,0,1
181.78799999999998,2,2,2,2022,11,18,4,4,0,1,90.89399999999999,5.208327011351066,1,0,0,0,0,0,1,0,0,1,0
165.168,2,2,2,2022,5,18,2,2,0,0,82.584,5.112999324773807,1,0,0,0,1,0,0,0,0,1,0
99.136,1,1,2,2022,12,28,2,4,0,1,99.136,4.606529262025722,0,1,0,0,1,0,0,1,0,0,0
1220.67,3,2,6,2022,4,2,5,2,1,0,406.89000000000004,7.10797405416188,1,0,0,0,0,1,0,0,0,0,1
143.952,1,1,5,2022,9,26,0,3,0,0,143.952,4.976402653133807,0,1,0,0,1,0,0,0,0,1,0
344.91999999999996,3,2,2,2022,6,25,5,2,1,0,114.97333333333331,5.846207534450843,0,1,0,0,0,0,1,0,0,1,0
371.52,3,2,2,2022,11,25,4,4,0,1,123.83999999999999,5.920290727653457,0,1,0,0,0,0,1,0,0,1,0
264.92,2,2,5,2022,10,13,3,4,0,0,132.46,5.583195511667084,0,1,0,0,1,0,0,0,0,1,0
9.912,1,1,3,2022,3,23,2,1,0,0,9.912,2.3898631011011062,1,0,0,0,0,1,0,1,0,0,0
25.92,1,1,3,2022,12,3,5,4,1,1,25.92,3.2928695047765273,0,1,0,1,0,0,0,0,0,1,0
12.96,1,1,4,2022,2,20,6,1,1,0,12.96,2.6361960973342264,0,0,1,0,0,0,1,0,0,0,1
7.872,1,1,5,2022,11,12,5,4,1,1,7.872,2.182900250048066,0,1,0,0,0,1,0,0,0,1,0
4807.372,5,3,5,2022,11,4,4,4,0,1,961.4744000000001,8.478113844270311,0,0,1,0,1,0,0,0,0,0,1
1639.496,7,2,4,2022,11,11,4,4,0,1,234.2137142857143,7.402753914117172,1,0,0,1,0,0,0,0,0,0,1
24.72,2,1,6,2022,7,9,5,3,1,0,12.36,3.2472688993694185,0,1,0,1,0,0,0,0,0,0,1
4.984,1,1,3,2022,12,27,1,4,0,1,4.984,1.7890892406721761,1,0,0,1,0,0,0,1,0,0,0
34.752,2,1,3,2022,9,1,3,3,0,0,17.376,3.5766062116311503,1,0,0,1,0,0,0,1,0,0,0
48.36,1,1,2,2022,12,29,3,4,0,1,48.36,3.8991403795971324,1,0,0,0,1,0,0,0,0,1,0
8.85,1,1,4,2022,2,21,0,1,0,0,8.85,2.2874714551839976,1,0,0,1,0,0,0,0,0,0,1
21.36,1,1,4,2022,2,15,1,1,0,0,21.36,3.1072736482868986,0,1,0,0,0,0,1,0,0,0,1
1395.673,4,2,4,2022,11,3,3,4,0,1,348.91825,7.241848258843998,1,0,0,0,0,1,0,0,0,0,1
259.29,2,2,0,2022,4,7,3,2,0,0,129.645,5.561796394051649,0,0,1,0,0,1,0,0,1,0,0
32.76,1,1,7,2022,6,29,2,2,0,0,32.76,3.5192766697277564,1,0,0,0,1,0,0,0,0,0,1
773.7,2,1,5,2022,5,31,1,2,0,0,386.85,6.652475857637857,1,0,0,0,0,1,0,0,0,0,1
1091.35,4,2,5,2022,5,7,5,2,1,0,272.8375,6.996086617772102,1,0,0,0,1,0,0,0,0,0,1
433.56,2,2,4,2022,12,5,0,4,0,1,216.78,6.074334024930277,0,1,0,1,0,0,0,0,0,1,0
40.54,3,1,4,2022,5,5,3,2,0,0,13.513333333333334,3.7266568184479665,1,0,0,0,0,1,0,0,0,1,0
1310.3359999999998,2,1,4,2022,8,9,1,3,0,0,655.1679999999999,7.178801743832462,0,0,1,0,0,0,1,0,0,0,1
77.86,2,2,4,2022,10,29,5,4,1,0,38.93,4.367674128449481,0,1,0,1,0,0,0,0,0,0,1
421.372,1,1,5,2022,8,20,5,3,1,0,421.372,6.045886442316125,1,0,0,1,0,0,0,0,0,1,0
39.128,1,1,2,2022,12,30,4,4,0,1,39.128,3.6920743450104556,1,0,0,0,0,1,0,1,0,0,0
587.14,3,2,4,2022,9,20,1,3,0,0,195.71333333333334,6.376965014796549,1,0,0,0,1,0,0,0,0,0,1
1353.5296,7,3,4,2022,6,20,0,2,0,0,193.36137142857143,7.211209514368693,1,0,0,1,0,0,0,0,0,0,1
18.784,2,2,5,2022,3,11,4,1,0,0,9.392,2.984873530219115,1,0,0,0,1,0,0,0,0,1,0
589.41,1,1,2,2022,10,4,1,4,0,0,589.41,6.380817210812198,1,0,0,0,1,0,0,1,0,0,0
2061.01,3,2,5,2022,4,25,0,2,0,0,687.0033333333334,7.63143651422567,0,0,1,0,0,0,1,0,0,0,1
107.346,4,1,4,2022,12,27,1,4,0,1,26.8365,4.685329809903581,0,0,1,0,0,0,1,0,0,0,1
80.624,2,2,4,2022,11,14,0,4,0,1,40.312,4.402123336373004,0,0,1,0,1,0,0,0,0,0,1
55.5,1,1,2,2022,5,13,4,2,0,0,55.5,4.034240638152395,1,0,0,0,0,0,1,0,0,1,0
4374.88,7,3,4,2022,1,6,3,1,0,0,624.9828571428571,8.383862921422345,0,0,1,0,0,1,0,0,0,0,1
111.79,1,1,5,2022,11,24,3,4,0,1,111.79,4.725527682651825,1,0,0,1,0,0,0,0,0,1,0
199.9,1,1,4,2022,11,27,6,4,1,1,199.9,5.302807271820889,0,1,0,0,1,0,0,0,0,0,1
7.83,1,1,5,2022,4,13,2,2,0,0,7.83,2.178155014615869,0,0,1,0,1,0,0,0,0,0,1
193.93599999999998,2,2,7,2022,8,9,1,3,0,0,96.96799999999999,5.272671299564451,0,1,0,0,0,1,0,0,0,0,1
708.616,8,2,6,2022,1,20,3,1,0,0,88.577,6.564723978655487,1,0,0,1,0,0,0,0,0,0,1
152.64000000000001,2,2,3,2022,1,26,2,1,0,0,76.32000000000001,5.034612203477704,0,1,0,1,0,0,0,1,0,0,0
887.103,1,1,0,2022,9,19,0,3,0,0,887.103,6.789087727256726,0,1,0,0,1,0,0,0,1,0,0
6.096,1,1,5,2022,7,19,1,3,0,0,6.096,1.9595312450072784,0,0,1,0,0,0,1,0,0,0,1
65.8,2,1,7,2022,11,1,1,4,0,1,32.9,4.2017030805426,0,0,1,0,0,0,1,0,0,0,1
513.861,2,2,6,2022,3,1,1,1,0,0,256.9305,6.243896961320768,1,0,0,1,0,0,0,0,0,0,1
535.27,6,2,4,2022,2,11,4,1,0,0,89.21166666666666,6.284637765584042,1,0,0,1,0,0,0,0,0,1,0
191.88,1,1,6,2022,12,26,0,4,0,1,191.88,5.262068233872916,1,0,0,0,1,0,0,0,0,0,1
4630.5105,3,1,2,2022,12,12,0,4,0,1,1543.5035,8.44063833577561,1,0,0,0,0,0,1,0,0,1,0
75.64,3,1,6,2022,9,8,3,3,0,0,25.213333333333335,4.339119133662605,0,0,1,0,0,0,1,0,0,0,1
32.16,2,1,3,2022,9,21,2,3,0,0,16.08,3.501344330267094,0,0,1,0,1,0,0,1,0,0,0
1122.968,3,2,6,2022,11,26,5,4,1,1,374.3226666666667,7.024620560297476,1,0,0,0,0,0,1,0,0,0,1
2656.716,6,3,4,2022,7,26,1,3,0,0,442.786,7.885222386311042,1,0,0,1,0,0,0,0,0,0,1
49.65,1,1,4,2022,3,30,2,1,0,0,49.65,3.9249392306946924,1,0,0,0,1,0,0,0,0,0,1
705.562,5,2,3,2022,3,5,5,1,1,0,141.1124,6.560410954820557,1,0,0,0,1,0,0,0,0,1,0
63.381,2,1,6,2022,6,6,0,2,0,0,31.6905,4.164818558524184,1,0,0,0,0,1,0,0,0,0,1
372.12,3,2,6,2022,12,19,0,4,0,1,124.04,5.921900083722073,1,0,0,1,0,0,0,0,0,0,1
76.14,1,1,2,2022,4,19,1,2,0,0,76.14,4.345621952780082,0,0,1,0,0,0,1,0,0,1,0
276.28,1,1,3,2022,7,27,2,3,0,0,276.28,5.625027825967296,0,1,0,0,0,0,1,0,0,1,0
28.836000000000002,2,1,6,2022,12,9,4,4,0,1,14.418000000000001,3.3957157180929167,0,1,0,1,0,0,0,0,0,0,1
426.942,2,2,3,2022,10,20,3,4,0,0,213.471,6.058987672380251,0,1,0,0,0,1,0,1,0,0,0
2060.744,1,1,4,2022,8,9,1,3,0,0,2060.744,7.631307505560085,1,0,0,0,0,0,1,0,0,0,1
709.0425,3,2,4,2022,8,29,0,3,0,0,236.3475,6.565324827398803,1,0,0,0,0,1,0,0,0,1,0
687.4499999999999,2,2,6,2022,4,6,2,2,0,0,343.72499999999997,6.534442693890381,0,1,0,0,0,0,1,0,0,0,1
36.36,1,1,5,2022,10,21,4,4,0,0,36.36,3.620600613360642,0,1,0,0,0,0,1,0,0,0,1
1452.7875,4,1,5,2023,5,14,6,2,1,0,363.196875,7.281927498857016,0,1,0,0,0,0,1,0,0,0,1
85.92,2,1,1,2023,4,13,3,2,0,0,42.96,4.4649881553882285,0,0,1,0,0,0,1,1,0,0,0
258.01800000000003,3,2,5,2023,11,20,0,4,0,1,86.00600000000001,5.556897557354157,0,1,0,0,1,0,0,0,0,0,1
11.61,1,1,4,2023,11,22,2,4,0,1,11.61,2.534490149976828,1,0,0,0,1,0,0,0,0,0,1
17.48,1,1,6,2023,9,25,0,3,0,0,17.48,2.916689066213538,1,0,0,0,0,0,1,0,0,0,1
109.764,1,1,5,2023,11,2,3,4,0,1,109.764,4.707401811771283,1,0,0,0,1,0,0,0,0,0,1
128.36,3,1,2,2023,12,19,1,4,0,1,42.78666666666667,4.862599215268851,0,1,0,1,0,0,0,0,0,1,0
150.76,2,1,5,2023,9,15,4,3,0,0,75.38,5.022300325626759,0,1,0,0,1,0,0,0,0,0,1
255.968,1,1,0,2023,5,16,1,2,0,0,255.968,5.548951563524079,0,0,1,0,0,1,0,0,1,0,0
234.516,4,2,5,2023,5,31,2,2,0,0,58.629,5.461778851700634,0,1,0,1,0,0,0,0,0,1,0
47.952,1,1,4,2023,4,6,3,2,0,0,47.952,3.8908402261602393,1,0,0,0,0,1,0,0,0,0,1
370.14,1,1,5,2023,4,9,6,2,1,0,370.14,5.9165793499161925,1,0,0,0,1,0,0,0,0,0,1
20.8,1,1,4,2023,2,9,3,1,0,0,20.8,3.0819099697950434,0,1,0,1,0,0,0,0,0,1,0
74.048,2,2,4,2023,12,5,1,4,0,1,37.024,4.31812790882365,1,0,0,0,1,0,0,0,0,1,0
77.24,1,1,4,2023,2,10,4,1,0,0,77.24,4.359781025726562,0,1,0,0,1,0,0,0,0,1,0
443.92,1,1,3,2023,9,18,0,3,0,0,443.92,6.097894490723829,1,0,0,0,0,0,1,1,0,0,0
150.22,3,1,5,2023,8,27,6,3,1,0,50.07333333333333,5.018735730130124,1,0,0,0,0,0,1,0,0,0,1
175.32,3,2,7,2023,6,9,4,2,0,0,58.44,5.17230052596455,1,0,0,0,0,1,0,0,0,0,1
1568.862,2,2,4,2023,12,27,2,4,0,1,784.431,7.3587429963899185,0,1,0,0,1,0,0,0,0,0,1
283.92,1,1,6,2023,11,27,0,4,0,1,283.92,5.6522084391101535,1,0,0,0,0,0,1,0,0,0,1
9.762,1,1,5,2023,9,4,0,3,0,0,9.762,2.376021411067228,0,1,0,0,0,0,1,0,0,0,1
193.26,6,1,6,2023,9,12,1,3,0,0,32.21,5.269197467974184,1,0,0,0,1,0,0,0,0,0,1
199.74,1,1,6,2023,9,21,3,3,0,0,199.74,5.302010538385654,1,0,0,0,0,0,1,0,0,0,1
763.5079999999999,5,1,4,2023,9,22,4,3,0,0,152.70159999999998,6.639232489670154,0,0,1,0,0,1,0,0,0,0,1
1668.988,5,3,2,2023,10,12,3,4,0,0,333.7976,7.420571719756242,0,0,1,0,1,0,0,1,0,0,0
200.73600000000002,2,2,2,2023,3,1,2,1,0,0,100.36800000000001,5.306959911929378,0,1,0,0,0,0,1,0,0,1,0
3747.9300000000003,3,1,4,2023,8,24,3,3,0,0,1249.3100000000002,8.229225744915823,1,0,0,0,0,1,0,0,0,0,1
1918.79,3,2,4,2023,9,15,4,3,0,0,639.5966666666667,7.559971084039946,1,0,0,0,0,1,0,0,0,0,1
106.5,1,1,1,2023,4,18,1,2,0,0,106.5,4.677490847567718,1,0,0,0,0,1,0,1,0,0,0
18.176,1,1,3,2023,11,21,1,4,0,1,18.176,2.953659497132083,1,0,0,0,0,1,0,1,0,0,0
24.588,1,1,7,2023,5,21,6,2,1,0,24.588,3.242123491587891,0,1,0,0,1,0,0,0,0,0,1
190.72,1,1,2,2023,11,7,1,4,0,1,190.72,5.25603597429143,0,1,0,0,0,0,1,0,0,1,0
263.78,2,2,1,2023,4,5,2,2,0,0,131.89,5.578899292509511,1,0,0,0,0,0,1,0,1,0,0
806.4090000000001,3,2,7,2023,9,7,3,3,0,0,268.80300000000005,6.69383035524797,0,1,0,0,1,0,0,0,0,0,1
42.32,2,1,3,2023,9,27,2,3,0,0,21.16,3.76861442213279,0,1,0,1,0,0,0,0,0,1,0
74.52,1,1,4,2023,2,3,4,1,0,0,74.52,4.324397521837245,1,0,0,0,0,1,0,0,0,0,1
525.95,4,3,4,2023,7,24,0,3,0,0,131.4875,6.267105667379946,0,0,1,0,0,1,0,0,0,0,1
529.14,3,2,2,2023,5,30,1,2,0,0,176.38,6.2731411226078455,1,0,0,0,1,0,0,1,0,0,0
119.96,1,1,2,2023,12,8,4,4,0,1,119.96,4.795459912431223,0,0,1,1,0,0,0,0,0,1,0
54.45,2,2,6,2023,4,30,6,2,1,0,27.225,4.015481713796376,0,1,0,0,0,0,1,0,0,0,1
13.9,1,1,5,2023,12,1,4,4,0,1,13.9,2.7013612129514133,0,0,1,0,0,0,1,0,0,0,1
74.352,1,1,5,2023,3,26,6,1,1,0,74.352,4.322170467520516,0,1,0,0,0,1,0,0,0,0,1
1173.03,2,2,4,2023,9,24,6,3,1,0,586.515,7.068197553724244,0,1,0,0,0,0,1,0,0,0,1
284.44,5,3,4,2023,12,27,2,4,0,1,56.888,5.654031849391645,0,1,0,0,0,1,0,0,0,0,1
899.91,1,1,2,2023,9,25,0,3,0,0,899.91,6.803405363606889,0,1,0,0,1,0,0,1,0,0,0
687.4,1,1,4,2023,8,9,2,3,0,0,687.4,6.534370064337384,0,0,1,1,0,0,0,0,0,1,0
19.824,1,1,4,2023,11,5,6,4,1,1,19.824,3.0361061676922643,1,0,0,1,0,0,0,0,0,0,1
176.63,2,1,2,2023,2,6,0,1,0,0,88.315,5.179702735211794,0,1,0,0,0,1,0,1,0,0,0
95.84,1,1,1,2023,3,1,2,1,0,0,95.84,4.573060132069858,0,1,0,1,0,0,0,1,0,0,0
3.424,1,1,2,2023,6,13,1,2,0,0,3.424,1.4870442642200337,0,0,1,0,1,0,0,0,0,1,0
55.984,1,1,4,2023,6,12,0,2,0,0,55.984,4.042770526676053,1,0,0,0,0,1,0,0,0,0,1
599.9,2,2,3,2023,2,27,0,1,0,0,299.95,6.398428531339882,0,1,0,0,1,0,0,0,0,0,1
192.22,1,1,5,2023,1,4,2,1,0,0,192.22,5.263829436089363,0,1,0,0,0,1,0,0,0,0,1
730.038,9,3,5,2023,12,11,0,4,0,1,81.11533333333334,6.59446544198281,1,0,0,0,0,0,1,0,0,0,1
84.55600000000001,3,1,5,2023,5,1,0,2,0,0,28.185333333333336,4.449171132303212,1,0,0,0,0,0,1,0,0,0,1
57.504,1,1,6,2023,10,2,0,4,0,0,57.504,4.06909512796865,0,1,0,0,0,0,1,0,0,0,1
115.39999999999999,3,1,2,2023,1,2,0,1,0,0,38.46666666666666,4.757032535297338,0,1,0,0,1,0,0,0,0,1,0
1388.46,4,2,7,2023,9,1,4,3,0,0,347.115,7.236670461434622,0,0,1,0,1,0,0,0,0,0,1
366.744,1,1,4,2023,3,30,3,1,0,0,366.744,5.90738704391677,0,0,1,1,0,0,0,0,0,0,1
976.29,4,2,6,2023,6,13,1,2,0,0,244.0725,6.884783435019852,0,1,0,0,0,1,0,0,0,0,1
139.216,3,2,4,2023,9,15,4,3,0,0,46.40533333333334,4.943184090770875,0,1,0,0,1,0,0,0,0,1,0
43.0,2,2,5,2023,9,5,1,3,0,0,21.5,3.784189633918261,0,1,0,1,0,0,0,0,0,0,1
38.528,2,2,2,2023,11,1,2,4,0,1,19.264,3.677009281543449,0,0,1,0,1,0,0,1,0,0,0
11.481,2,1,3,2023,11,6,0,4,0,1,5.7405,2.5242074879363168,1,0,0,0,0,0,1,1,0,0,0
383.61,2,1,4,2023,11,24,4,4,0,1,191.805,5.9522298338567,1,0,0,0,0,0,1,0,0,0,1
17.64,1,1,6,2023,3,29,2,1,0,0,17.64,2.925309809257445,1,0,0,0,1,0,0,0,0,0,1
1361.6309999999999,2,1,4,2023,11,7,1,4,0,1,680.8154999999999,7.217172668704584,0,1,0,0,0,1,0,0,0,0,1
41.374,2,2,0,2023,9,7,3,3,0,0,20.687,3.746534966602099,1,0,0,0,1,0,0,0,1,0,0
100.86,2,2,4,2023,10,18,2,4,0,0,50.43,4.623599321456458,0,0,1,1,0,0,0,0,0,0,1
2531.88,5,3,4,2023,3,8,2,1,0,0,506.37600000000003,7.837112274224901,1,0,0,1,0,0,0,0,0,0,1
11.65,1,1,6,2023,11,8,2,4,0,1,11.65,2.537657215173529,1,0,0,0,1,0,0,0,0,0,1
697.8208,3,3,5,2023,11,21,1,4,0,1,232.60693333333333,6.549394343128887,0,1,0,1,0,0,0,0,0,1,0
96.604,2,2,6,2023,2,18,5,1,1,0,48.302,4.580918476185799,1,0,0,0,0,0,1,0,0,0,1
79.36,1,1,2,2023,10,25,2,4,0,0,79.36,4.386516539946734,1,0,0,0,0,0,1,0,0,1,0
112.03999999999999,2,1,5,2023,3,2,3,1,0,0,56.019999999999996,4.727741738376272,0,0,1,1,0,0,0,0,0,0,1
268.4,3,3,6,2023,6,23,4,2,0,0,89.46666666666665,5.596197263976263,0,1,0,0,0,1,0,0,0,0,1
53.088,1,1,5,2023,12,10,6,4,1,1,53.088,3.990612349788377,1,0,0,1,0,0,0,0,0,0,1
12.576,1,1,5,2023,4,16,6,2,1,0,12.576,2.608303527931925,0,1,0,0,1,0,0,0,0,0,1
721.488,2,2,4,2023,4,13,3,2,0,0,360.744,6.582700810852117,1,0,0,0,0,0,1,0,0,1,0
1044.63,1,1,5,2023,9,25,0,3,0,0,1044.63,6.952374853558705,1,0,0,0,0,0,1,0,0,0,1
10.332,1,1,4,2023,12,11,0,4,0,1,10.332,2.42763058196827,1,0,0,0,1,0,0,0,0,0,1
51.84,1,1,3,2023,3,20,0,1,0,0,51.84,3.9672684796541247,0,1,0,1,0,0,0,1,0,0,0
18.128,3,1,6,2023,9,28,3,3,0,0,6.042666666666666,2.9511532301560237,1,0,0,0,0,0,1,0,0,0,1
39.92,1,1,4,2023,7,10,0,3,0,0,39.92,3.711618941083426,1,0,0,0,0,0,1,0,0,0,1
39.608000000000004,4,1,6,2023,11,21,1,4,0,1,9.902000000000001,3.7039650915319773,0,1,0,1,0,0,0,0,0,0,1
6.848,1,1,4,2023,12,18,0,4,0,1,6.848,2.060258722263062,0,1,0,0,0,0,1,0,0,0,1
893.0899999999999,4,3,7,2023,4,21,4,2,0,0,223.27249999999998,6.795806441247454,1,0,0,0,0,1,0,0,0,0,1
106.88,2,2,2,2023,11,30,3,4,0,1,53.44,4.681019498271529,1,0,0,0,0,0,1,0,0,1,0
3.408,1,1,2,2023,3,8,2,1,0,0,3.408,1.4834210718506133,0,1,0,0,0,0,1,1,0,0,0
470.36,1,1,5,2023,8,28,0,3,0,0,470.36,6.1556221332742656,0,1,0,0,1,0,0,0,0,0,1
665.88,1,1,5,2023,5,3,2,2,0,0,665.88,6.502610119684893,0,0,1,0,0,0,1,0,0,0,1
301.96,1,1,7,2023,11,1,2,4,0,1,301.96,5.713600783593539,1,0,0,0,0,1,0,0,0,0,1
81.135,4,2,7,2023,11,8,2,4,0,1,20.28375,4.408364234993163,0,1,0,0,0,1,0,0,0,0,1
246.5,2,1,4,2023,8,29,1,3,0,0,123.25,5.511410582008745,0,0,1,1,0,0,0,0,0,0,1
90.168,3,1,5,2023,1,5,3,1,0,0,30.056,4.512703958315498,0,1,0,0,1,0,0,0,0,0,1
896.38,4,3,4,2023,7,6,3,3,0,0,224.095,6.799479406687783,0,1,0,0,1,0,0,0,0,0,1
106.68,1,1,6,2023,9,10,6,3,1,0,106.68,4.679163865896418,0,1,0,0,0,0,1,0,0,0,1
479.026,3,2,4,2023,3,5,6,1,1,0,159.67533333333333,6.1738402691016425,0,1,0,0,1,0,0,0,0,0,1
25.488,1,1,4,2023,12,19,1,4,0,1,25.488,3.276691800244945,0,0,1,1,0,0,0,0,0,0,1
180.96,1,1,4,2023,4,20,3,2,0,0,180.96,5.203786882701803,1,0,0,1,0,0,0,0,0,0,1
546.792,3,2,5,2023,10,23,0,4,0,0,182.264,6.305895652852315,1,0,0,1,0,0,0,0,0,0,1
487.984,1,1,4,2023,12,31,6,4,1,1,487.984,6.192329769103166,1,0,0,0,0,0,1,0,0,0,1
508.11,4,2,2,2023,11,21,1,4,0,1,127.0275,6.2326641032217625,1,0,0,1,0,0,0,0,0,1,0
750.93,5,3,5,2023,11,8,2,4,0,1,150.18599999999998,6.622643234510769,1,0,0,0,0,1,0,0,0,1,0
596.48,4,1,3,2023,12,31,6,4,1,1,149.12,6.392720810442092,0,1,0,0,0,1,0,0,0,1,0
976.347,3,2,0,2023,3,5,6,1,1,0,325.449,6.884841757869585,1,0,0,0,1,0,0,0,1,0,0
2503.82,5,2,5,2023,9,18,0,3,0,0,500.764,7.825972154649754,0,1,0,0,1,0,0,0,0,0,1
182.72,1,1,6,2023,1,26,3,1,0,0,182.72,5.213412859457593,0,1,0,0,0,0,1,0,0,0,1
1055.1419999999998,3,2,7,2023,12,15,4,4,0,1,351.71399999999994,6.962377924922937,1,0,0,0,0,0,1,0,0,0,1
467.04,1,1,3,2023,5,25,3,2,0,0,467.04,6.148553762350757,0,1,0,0,0,1,0,0,0,1,0
45.36,1,1,1,2023,10,10,1,4,0,0,45.36,3.836437018471551,0,1,0,0,0,0,1,1,0,0,0
450.09000000000003,2,2,5,2023,10,25,2,4,0,0,225.04500000000002,6.11166687613494,0,1,0,0,1,0,0,0,0,0,1
5.248,1,1,4,2023,5,8,0,2,0,0,5.248,1.8322614125373848,1,0,0,0,0,0,1,0,0,0,1
1126.8300000000002,2,2,5,2023,11,29,2,4,0,1,563.4150000000001,7.028050711480371,0,1,0,1,0,0,0,0,0,0,1
53.232,2,2,5,2023,12,3,6,4,1,1,26.616,3.9932711401286642,0,0,1,0,1,0,0,0,0,0,1
8.226,1,1,4,2023,12,4,0,4,0,1,8.226,2.2220255851356288,1,0,0,0,0,1,0,0,0,0,1
244.24,2,1,4,2023,10,29,6,4,1,0,122.12,5.502237322894487,0,1,0,0,0,0,1,0,0,0,1
41.620000000000005,3,1,4,2023,12,1,4,4,0,1,13.873333333333335,3.752323626670471,0,0,1,1,0,0,0,0,0,0,1
4.608,1,1,2,2023,3,9,3,1,0,0,4.608,1.724194149732289,1,0,0,0,0,1,0,0,0,1,0
787.53,1,1,4,2023,3,2,3,1,0,0,787.53,6.670170452603868,1,0,0,0,0,0,1,0,0,0,1
946.344,1,1,4,2023,5,4,3,2,0,0,946.344,6.853662279601831,0,1,0,1,0,0,0,0,0,0,1
48.84,2,2,5,2023,3,17,4,1,0,0,24.42,3.908817874479198,0,1,0,0,1,0,0,0,0,1,0
210.992,4,2,4,2023,4,4,1,2,0,0,52.748,5.356548538110941,0,0,1,0,1,0,0,0,0,0,1
671.93,1,1,5,2023,9,7,3,3,0,0,671.93,6.511641312348043,1,0,0,0,0,0,1,0,0,0,1
824.97,1,1,4,2023,10,16,0,4,0,0,824.97,6.7165584532488145,0,1,0,0,1,0,0,0,0,1,0
419.726,3,2,4,2023,12,5,1,4,0,1,139.90866666666668,6.041981790445798,1,0,0,0,1,0,0,0,0,1,0
1971.46,3,2,7,2023,11,17,4,4,0,1,657.1533333333333,7.587036773680444,1,0,0,1,0,0,0,0,0,0,1
325.7,2,2,3,2023,12,12,1,4,0,1,162.85,5.789042318607025,1,0,0,0,0,0,1,1,0,0,0
186.67199999999997,2,2,3,2023,10,23,0,4,0,0,93.33599999999998,5.234695758250711,1,0,0,1,0,0,0,1,0,0,0
344.372,1,1,4,2023,11,20,0,4,0,1,344.372,5.844622096995215,0,0,1,0,1,0,0,0,0,0,1
113.1,1,1,6,2023,6,9,4,2,0,0,113.1,4.73707525686803,0,0,1,0,0,1,0,0,0,0,1
52.59,1,1,6,2023,7,31,0,3,0,0,52.59,3.981362483506759,0,1,0,1,0,0,0,0,0,0,1
2676.672,1,1,5,2023,12,1,4,4,0,1,2676.672,7.8927030392876105,0,0,1,0,0,0,1,0,0,0,1
51.588,1,1,4,2023,12,26,1,4,0,1,51.588,3.962487956834358,1,0,0,0,1,0,0,0,0,0,1
129.52,2,1,4,2023,7,9,6,3,1,0,64.76,4.87152647172512,0,1,0,0,1,0,0,0,0,0,1
513.73,3,2,4,2023,4,11,1,2,0,0,171.24333333333334,6.243642491340539,1,0,0,0,1,0,0,0,0,0,1
115.296,1,1,4,2023,11,13,0,4,0,1,115.296,4.756138665124023,1,0,0,0,0,1,0,0,0,0,1
519.96,1,1,4,2023,7,18,1,3,0,0,519.96,6.2556732633741206,1,0,0,0,0,0,1,0,0,0,1
9.24,1,1,4,2023,2,18,5,1,1,0,9.24,2.3263016196113617,0,1,0,0,0,0,1,0,0,0,1
52.2,1,1,4,2023,8,17,3,3,0,0,52.2,3.9740583963475986,0,1,0,0,1,0,0,0,0,0,1
20.451,2,1,1,2023,2,27,0,1,0,0,10.2255,3.0657712643339656,0,1,0,0,1,0,0,1,0,0,0
366.666,3,2,2,2023,5,29,0,2,0,0,122.222,5.907174917347121,0,1,0,0,1,0,0,1,0,0,0
386.488,3,1,4,2023,11,23,3,4,0,1,128.82933333333332,5.959684880571956,0,1,0,1,0,0,0,0,0,0,1
50.0,1,1,4,2023,9,26,1,3,0,0,50.0,3.9318256327243257,1,0,0,0,1,0,0,0,0,0,1
5.28,1,1,7,2023,2,6,0,1,0,0,5.28,1.8373699804801074,0,1,0,0,0,0,1,0,0,0,1
1966.5569999999998,4,3,2,2023,8,31,3,3,0,0,491.63924999999995,7.584547950647009,0,1,0,0,0,0,1,1,0,0,0
74.128,2,2,4,2023,11,28,1,4,0,1,37.064,4.3191933255023125,1,0,0,0,1,0,0,0,0,0,1
27.503999999999998,2,1,7,2023,7,2,6,3,1,0,13.751999999999999,3.350044428303535,1,0,0,0,0,1,0,0,0,0,1
1230.5,3,2,5,2023,12,25,0,4,0,1,410.1666666666667,7.115988217560592,1,0,0,0,0,0,1,0,0,1,0
4607.27,3,2,1,2023,3,19,6,1,1,0,1535.756666666667,8.435607794409181,0,1,0,0,0,0,1,1,0,0,0
5.904,1,1,0,2023,6,19,0,2,0,0,5.904,1.932100953781127,0,0,1,0,1,0,0,0,1,0,0
542.178,2,1,0,2023,11,11,5,4,1,1,271.089,6.297437074687933,0,1,0,1,0,0,0,0,1,0,0
10.476,1,1,5,2023,11,8,2,4,0,1,10.476,2.4402578981191185,1,0,0,1,0,0,0,0,0,0,1
50.8,1,1,7,2023,8,13,6,3,1,0,50.8,3.9473901492654373,0,1,0,0,0,0,1,0,0,0,1
31.95,1,1,2,2023,10,11,2,4,0,0,31.95,3.4949912609485163,1,0,0,0,1,0,0,0,0,1,0
171.96,1,1,2,2023,3,16,3,1,0,0,171.96,5.153060353890898,1,0,0,0,0,0,1,0,0,1,0
1058.1879999999999,7,3,4,2023,5,3,2,2,0,0,151.16971428571426,6.965257855813431,1,0,0,0,1,0,0,0,0,0,1
627.664,2,2,4,2023,6,28,2,2,0,0,313.832,6.443596932734748,0,1,0,0,0,0,1,0,0,0,1
72.65,4,2,6,2023,8,5,5,3,1,0,18.1625,4.299324142908639,0,1,0,1,0,0,0,0,0,0,1
155.16,3,3,5,2023,11,20,0,4,0,1,51.72,5.050881122664783,0,0,1,0,0,0,1,0,0,0,1
58.32,1,1,5,2023,8,31,3,3,0,0,58.32,4.082946517269732,1,0,0,0,0,0,1,0,0,0,1
78.19200000000001,2,2,6,2023,12,21,3,4,0,1,39.096000000000004,4.3718752836175065,1,0,0,0,0,1,0,0,0,0,1
1273.606,5,2,0,2023,4,4,1,2,0,0,254.7212,7.150392390228285,1,0,0,1,0,0,0,0,1,0,0
8.016,1,1,7,2023,10,10,1,4,0,0,8.016,2.199000776737475,1,0,0,1,0,0,0,0,0,0,1
206.43,1,1,3,2023,4,25,1,2,0,0,206.43,5.334793933358054,1,0,0,0,1,0,0,1,0,0,0
204.6,1,1,0,2023,9,22,4,3,0,0,204.6,5.32593253358101,1,0,0,0,0,0,1,0,1,0,0
307.168,1,1,6,2023,7,12,2,3,0,0,307.168,5.730645088812771,1,0,0,1,0,0,0,0,0,0,1
277.5,1,1,4,2023,8,2,2,3,0,0,277.5,5.629418059367339,1,0,0,0,0,0,1,0,0,0,1
25.488,1,1,6,2023,12,10,6,4,1,1,25.488,3.276691800244945,1,0,0,0,1,0,0,0,0,0,1
5.104,1,1,4,2023,8,27,6,3,1,0,5.104,1.8089442939821558,0,0,1,0,0,0,1,0,0,0,1
105.688,4,1,4,2023,3,19,6,1,1,0,26.422,4.669908687128329,1,0,0,0,0,0,1,0,0,0,1
97.684,5,1,0,2023,9,24,6,3,1,0,19.5368,4.591922825902461,1,0,0,0,1,0,0,0,1,0,0
2220.06,5,3,4,2023,11,1,2,4,0,1,444.012,7.7057398383877045,1,0,0,0,1,0,0,0,0,0,1
1293.4679999999998,2,2,5,2023,12,25,0,4,0,1,646.7339999999999,7.165855078916949,1,0,0,0,1,0,0,0,0,0,1
270.356,3,1,2,2023,11,15,2,4,0,1,90.11866666666667,5.603431611928857,0,1,0,1,0,0,0,0,0,1,0
238.152,1,1,5,2023,9,3,6,3,1,0,238.152,5.4770993330434585,0,1,0,0,0,0,1,0,0,0,1
10.74,1,1,0,2023,11,9,3,4,0,1,10.74,2.4630018143999504,0,0,1,1,0,0,0,0,1,0,0
2048.8559999999998,2,1,0,2023,7,16,6,3,1,0,1024.4279999999999,7.625524825762796,0,1,0,0,0,0,1,0,1,0,0
7.656,1,1,4,2023,9,4,0,3,0,0,7.656,2.158252722104126,0,1,0,0,1,0,0,0,0,0,1
792.5079999999999,6,3,7,2023,11,12,6,4,1,1,132.08466666666666,6.676463621831205,0,1,0,0,0,1,0,0,0,0,1
14.91,1,1,4,2023,8,24,3,3,0,0,14.91,2.7669478423496954,1,0,0,0,1,0,0,0,0,1,0
188.23,2,2,5,2023,10,19,3,4,0,0,94.115,5.242963206415959,0,1,0,1,0,0,0,0,0,0,1
8.352,1,1,6,2023,5,8,0,2,0,0,8.352,2.2355902241697674,0,1,0,0,1,0,0,0,0,0,1
29.22,1,1,4,2023,12,14,3,4,0,1,29.22,3.4085039568445934,1,0,0,0,0,0,1,0,0,0,1
1952.808,3,2,2,2023,7,13,3,3,0,0,650.936,7.577535567795371,1,0,0,0,1,0,0,0,0,1,0
141.96,1,1,2,2023,3,13,0,1,0,0,141.96,4.962564870851173,1,0,0,0,0,0,1,1,0,0,0
371.65999999999997,2,2,4,2023,10,13,4,4,0,0,185.82999999999998,5.920666475799266,1,0,0,0,0,1,0,0,0,0,1
59.848,4,1,0,2023,8,23,2,3,0,0,14.962,4.1083789511859035,1,0,0,1,0,0,0,0,1,0,0
84.96,1,1,4,2023,11,13,0,4,0,1,84.96,4.453882071774309,1,0,0,0,0,1,0,0,0,0,1
5850.514,5,3,0,2023,11,8,2,4,0,1,1170.1028000000001,8.674455710160878,0,1,0,0,1,0,0,0,1,0,0
107.982,1,1,5,2023,2,8,2,1,0,0,107.982,4.691182730977747,1,0,0,0,1,0,0,0,0,0,1
75.04,2,1,4,2023,10,5,3,4,0,0,37.52,4.331259517620229,0,0,1,0,0,1,0,0,0,0,1
10.56,1,1,4,2023,6,5,0,2,0,0,10.56,2.4475508632442313,0,1,0,1,0,0,0,0,0,0,1
334.43,2,2,3,2023,10,1,6,4,1,0,167.215,5.815413290827387,0,0,1,0,1,0,0,0,0,1,0
6.912,1,1,3,2023,12,19,1,4,0,1,6.912,2.068380594320411,1,0,0,0,1,0,0,1,0,0,0
21.34,1,1,7,2023,4,25,1,2,0,0,21.34,3.1063787936410545,0,1,0,0,0,0,1,0,0,0,1
208.008,2,2,4,2023,11,21,1,4,0,1,104.004,5.342372528744208,1,0,0,0,0,0,1,0,0,0,1
1716.16,2,2,5,2023,9,13,2,3,0,0,858.08,7.448427042345116,1,0,0,1,0,0,0,0,0,0,1
56.3,1,1,5,2023,12,10,6,4,1,1,56.3,4.048300623720694,0,0,1,0,0,0,1,0,0,0,1
209.55,4,2,4,2023,4,18,1,2,0,0,52.3875,5.349723154607937,1,0,0,1,0,0,0,0,0,0,1
810.2,4,3,6,2023,11,13,0,4,0,1,202.55,6.698514632836919,1,0,0,0,1,0,0,0,0,0,1
61.96,1,1,5,2023,9,19,1,3,0,0,61.96,4.1424996041091475,0,0,1,0,0,1,0,0,0,1,0
25.9,1,1,4,2023,9,14,3,3,0,0,25.9,3.292126286607793,0,0,1,1,0,0,0,0,0,1,0
535.36,4,2,4,2023,6,26,0,2,0,0,133.84,6.284805577411442,1,0,0,0,0,1,0,0,0,0,1
413.942,3,1,6,2023,6,25,6,2,1,0,137.98066666666668,6.02813875142735,1,0,0,0,0,0,1,0,0,0,1
627.4800000000001,5,1,3,2023,2,15,2,1,0,0,125.49600000000002,6.443304205726046,1,0,0,0,0,0,1,0,0,1,0
11.12,1,1,6,2023,7,6,3,3,0,0,11.12,2.4948569806411682,0,1,0,0,1,0,0,0,0,0,1
205.37599999999998,2,2,6,2023,11,20,0,4,0,1,102.68799999999999,5.329699747776705,1,0,0,0,1,0,0,0,0,0,1
17.94,1,1,5,2023,4,9,6,2,1,0,17.94,2.9412760877579323,1,0,0,0,1,0,0,0,0,0,1
4297.644,1,1,3,2023,1,28,5,1,1,0,4297.644,8.366054903111545,1,0,0,0,0,1,0,0,0,1,0
167.232,2,2,5,2023,5,2,1,2,0,0,83.616,5.125343979146403,0,1,0,1,0,0,0,0,0,0,1
12.158000000000001,2,2,5,2023,7,5,2,3,0,0,6.079000000000001,2.5770299386638063,0,1,0,0,0,1,0,0,0,1,0
35.208,1,1,4,2023,4,14,4,2,0,0,35.208,3.5892800888911816,1,0,0,0,0,0,1,0,0,0,1
652.414,2,2,7,2023,2,14,1,1,0,0,326.207,6.482210925322491,1,0,0,0,1,0,0,0,0,0,1
4404.9,1,1,4,2023,11,8,2,4,0,1,4404.9,8.390699830781527,0,1,0,0,1,0,0,0,0,0,1
1228.9532,4,3,4,2023,12,27,2,4,0,1,307.2383,7.114731398862102,0,0,1,1,0,0,0,0,0,0,1
376.97,2,2,2,2023,11,8,2,4,0,1,188.485,5.934814827390648,0,0,1,0,0,0,1,0,0,1,0
353.88,1,1,2,2023,9,10,6,3,1,0,353.88,5.871779704162003,1,0,0,0,0,0,1,0,0,1,0
1132.8400000000001,2,2,5,2023,9,21,3,3,0,0,566.4200000000001,7.03336538085865,0,0,1,0,1,0,0,0,0,0,1
194.32,1,1,3,2023,12,23,5,4,1,1,194.32,5.274639239193459,1,0,0,0,0,1,0,1,0,0,0
598.352,2,2,0,2023,3,22,2,1,0,0,299.176,6.395849071595902,1,0,0,0,0,1,0,0,1,0,0
12.224,1,1,6,2023,12,5,1,4,0,1,12.224,2.582033360518723,1,0,0,1,0,0,0,0,0,0,1
191.62,4,1,4,2023,11,26,6,4,1,1,47.905,5.260719336132718,0,1,0,0,1,0,0,0,0,0,1
25.99,1,1,4,2023,4,24,0,2,0,0,25.99,3.295466427029913,0,0,1,0,1,0,0,0,0,0,1
359.058,1,1,3,2023,3,24,4,1,0,0,359.058,5.886265129584266,0,0,1,1,0,0,0,1,0,0,0
387.136,1,1,4,2023,11,5,6,4,1,1,387.136,5.961355793670997,1,0,0,0,0,1,0,0,0,0,1
373.281,3,2,6,2023,10,24,1,4,0,0,124.427,5.925006852200659,0,1,0,1,0,0,0,0,0,0,1
199.86,2,2,7,2023,9,13,2,3,0,0,99.93,5.302608147965193,1,0,0,0,0,1,0,0,0,0,1
418.192,3,3,5,2023,12,4,0,4,0,1,139.39733333333334,6.038329048855266,0,1,0,0,0,0,1,0,0,1,0
6.63,1,1,6,2023,5,28,6,2,1,0,6.63,2.0320878452963655,0,0,1,0,0,0,1,0,0,0,1
253.34000000000003,3,2,4,2023,6,16,4,2,0,0,84.44666666666667,5.538671954592601,1,0,0,1,0,0,0,0,0,0,1
51.45,1,1,4,2023,5,23,1,2,0,0,51.45,3.9598603348423063,0,1,0,0,1,0,0,0,0,0,1
43.66,2,1,4,2023,1,23,0,1,0,0,21.83,3.799078246412012,0,0,1,0,0,0,1,0,0,0,1
570.492,7,1,3,2023,5,14,6,2,1,0,81.49885714285713,6.3482504848866705,0,0,1,0,1,0,0,1,0,0,0
364.07,4,1,4,2023,1,9,0,1,0,0,91.0175,5.900089116016819,1,0,0,0,0,1,0,0,0,0,1
41.98,2,2,5,2023,12,4,0,4,0,1,20.99,3.7607348912143643,1,0,0,0,0,0,1,0,0,0,1
275.058,1,1,5,2023,12,26,1,4,0,1,275.058,5.620610988567334,0,0,1,1,0,0,0,0,0,0,1
3.76,1,1,2,2023,12,14,3,4,0,1,3.76,1.5602476682433286,0,1,0,0,0,1,0,0,0,1,0
329.44,4,2,6,2023,8,17,3,3,0,0,82.36,5.800425099694305,1,0,0,0,0,0,1,0,0,0,1
46.152,1,1,5,2023,8,11,4,3,0,0,46.152,3.853376425995339,1,0,0,0,0,1,0,0,0,0,1
128.928,4,2,3,2023,6,25,6,2,1,0,32.232,4.866980450872302,1,0,0,1,0,0,0,1,0,0,0
54.384,1,1,3,2023,12,28,3,4,0,1,54.384,4.0142907433757244,1,0,0,0,1,0,0,0,0,1,0
1363.674,2,2,4,2023,11,21,1,4,0,1,681.837,7.218670851256323,1,0,0,0,1,0,0,0,0,0,1
55.424,1,1,7,2023,12,1,4,4,0,1,55.424,4.0328945999058785,1,0,0,0,0,0,1,0,0,0,1
23.904,1,1,2,2023,4,5,2,2,0,0,23.904,3.215028433139307,1,0,0,0,1,0,0,1,0,0,0
225.928,3,3,5,2023,12,24,6,4,1,1,75.30933333333333,5.424632786552252,1,0,0,0,0,0,1,0,0,0,1
31.92,1,1,4,2023,3,5,6,1,1,0,31.92,3.494080375808869,1,0,0,1,0,0,0,0,0,0,1
166.998,2,2,3,2023,9,26,1,3,0,0,83.499,5.123952074570492,1,0,0,0,1,0,0,0,0,1,0
912.75,1,1,5,2023,9,14,3,3,0,0,912.75,6.817557011063988,1,0,0,0,0,0,1,0,0,0,1
32.784,1,1,0,2023,7,2,6,3,1,0,32.784,3.5199873176316423,1,0,0,1,0,0,0,0,1,0,0
51.072,1,1,4,2023,6,14,2,2,0,0,51.072,3.9526273762700863,0,0,1,0,1,0,0,0,0,0,1
18.9,1,1,2,2023,11,16,3,4,0,1,18.9,2.990719731730447,0,1,0,0,0,0,1,1,0,0,0
5.64,1,1,4,2023,8,13,6,3,1,0,5.64,1.8931119634883424,1,0,0,0,0,1,0,0,0,0,1
17.43,1,1,7,2023,4,13,3,2,0,0,17.43,2.9139797716817317,1,0,0,1,0,0,0,0,0,0,1
1270.3790000000001,3,1,5,2023,3,21,1,1,0,0,423.4596666666667,7.147857417140791,1,0,0,0,0,1,0,0,0,0,1
2567.84,1,1,4,2023,5,31,2,2,0,0,2567.84,7.8512097141271315,1,0,0,1,0,0,0,0,0,0,1
3999.7019999999998,2,1,3,2023,4,28,4,2,0,0,1999.8509999999999,8.294225124703704,0,0,1,1,0,0,0,1,0,0,0
197.76,2,2,4,2023,7,23,6,3,1,0,98.88,5.29209806673412,0,0,1,0,1,0,0,0,0,0,1
22.549,4,1,7,2023,9,25,0,3,0,0,5.63725,3.159083356715844,0,1,0,0,0,1,0,0,0,0,1
740.73,3,1,5,2023,5,29,0,2,0,0,246.91,6.608985295544861,1,0,0,0,0,0,1,0,0,0,1
162.064,3,1,4,2023,12,31,6,4,1,1,54.02133333333333,5.094142761781429,1,0,0,1,0,0,0,0,0,0,1
601.5,2,2,5,2023,9,28,3,3,0,0,300.75,6.40108766536481,1,0,0,0,1,0,0,0,0,1,0
6.608,1,1,7,2023,11,3,4,4,0,1,6.608,2.0292003252430892,0,1,0,1,0,0,0,0,0,0,1
10.368,1,1,5,2023,1,3,1,1,0,0,10.368,2.4308023907947995,0,1,0,1,0,0,0,0,0,0,1
20.696,2,1,7,2023,7,17,0,3,0,0,10.348,3.077127911757985,0,1,0,1,0,0,0,0,0,0,1
2017.532,6,3,7,2023,8,28,0,3,0,0,336.25533333333334,7.610125793523785,1,0,0,0,0,0,1,0,0,0,1
73.28,1,1,6,2023,3,29,2,1,0,0,73.28,4.307841736484505,1,0,0,0,0,0,1,0,0,0,1
26.96,1,1,3,2023,10,4,2,4,0,0,26.96,3.3307749173656096,1,0,0,0,0,0,1,1,0,0,0
204.48000000000002,2,2,5,2023,3,30,3,1,0,0,102.24000000000001,5.325348705599067,0,1,0,1,0,0,0,0,0,0,1
19.56,1,1,5,2023,3,22,2,1,0,0,19.56,3.0233474405869645,0,1,0,0,0,1,0,0,0,0,1
238.11,2,2,2,2023,9,3,6,3,1,0,119.055,5.47692369709451,0,1,0,0,1,0,0,1,0,0,0
1000.4300000000001,4,2,6,2023,12,10,6,4,1,1,250.10750000000002,6.909184257505829,0,1,0,1,0,0,0,0,0,0,1
64.75,1,1,4,2023,8,10,3,3,0,0,64.75,4.185859671057874,1,0,0,1,0,0,0,0,0,0,1
3165.744,8,3,1,2023,6,11,6,2,1,0,395.718,8.060459209674965,0,1,0,0,0,1,0,1,0,0,0
124.55,2,1,5,2023,2,16,3,1,0,0,62.275,4.832704085603594,1,0,0,0,0,0,1,0,0,0,1
2165.12,5,3,4,2023,11,10,4,4,0,1,433.024,7.68069282768837,0,0,1,1,0,0,0,0,0,0,1
2147.3360000000002,2,2,7,2023,1,30,0,1,0,0,1073.6680000000001,7.672448867976712,1,0,0,0,0,0,1,0,0,0,1
205.73,3,2,4,2023,6,19,0,2,0,0,68.57666666666667,5.331413594037226,1,0,0,0,0,0,1,0,0,0,1
53.28,2,1,5,2023,8,21,0,3,0,0,26.64,3.9941558349666684,0,1,0,0,0,1,0,0,0,0,1
258.495,3,2,4,2023,11,30,3,4,0,1,86.165,5.558737434597581,1,0,0,0,1,0,0,0,0,0,1
70.12,1,1,4,2023,10,31,1,4,0,0,70.12,4.264368591205649,0,0,1,1,0,0,0,0,0,0,1
194.1395,2,2,4,2023,4,26,2,2,0,0,97.06975,5.2737146874135306,1,0,0,0,0,1,0,0,0,0,1
101.00399999999999,4,2,5,2023,6,18,6,2,1,0,25.250999999999998,4.62501202820163,0,0,1,0,0,0,1,0,0,0,1
188.63,2,1,5,2023,9,26,1,3,0,0,94.315,5.245074805152317,0,0,1,0,0,0,1,0,0,0,1
448.21,4,3,3,2023,8,2,2,3,0,0,112.0525,6.107490484415251,0,0,1,0,1,0,0,0,0,1,0
47.516,1,1,4,2023,9,7,3,3,0,0,47.516,3.881893640446634,1,0,0,1,0,0,0,0,0,0,1
485.29999999999995,2,2,4,2023,12,3,6,4,1,1,242.64999999999998,6.18682571740974,0,1,0,0,1,0,0,0,0,0,1
201.568,1,1,2,2023,6,23,4,2,0,0,201.568,5.311075632646699,1,0,0,0,0,0,1,0,0,1,0
288.85,4,3,4,2023,12,3,6,4,1,1,72.2125,5.669363547785742,1,0,0,0,0,1,0,0,0,0,1
2643.06,2,1,4,2023,11,23,3,4,0,1,1321.53,7.8800708936036585,1,0,0,0,1,0,0,0,0,1,0
1114.192,2,1,5,2023,11,14,1,4,0,1,557.096,7.0167818663793815,1,0,0,0,0,0,1,0,0,0,1
473.4,2,1,3,2023,3,9,3,1,0,0,236.7,6.162050847683516,0,1,0,1,0,0,0,1,0,0,0
319.968,1,1,2,2023,12,14,3,4,0,1,319.968,5.771341429687269,1,0,0,0,0,0,1,0,0,1,0
107.976,1,1,6,2023,6,21,2,2,0,0,107.976,4.691127674498962,1,0,0,0,0,1,0,0,0,0,1
48.632,1,1,4,2023,7,9,6,3,1,0,48.632,3.9046357869941284,0,1,0,1,0,0,0,0,0,0,1
14.94,1,1,4,2023,11,22,2,4,0,1,14.94,2.768831673362069,1,0,0,0,1,0,0,0,0,0,1
256.35,4,2,6,2023,11,8,2,4,0,1,64.0875,5.550437026098764,1,0,0,0,0,0,1,0,0,0,1
299.9,1,1,2,2023,10,30,0,4,0,0,299.9,5.706777983635999,0,0,1,1,0,0,0,0,0,1,0
469.398,3,2,2,2023,8,24,3,3,0,0,156.466,6.153579144874699,1,0,0,0,1,0,0,0,0,1,0
10.512,1,1,3,2023,7,23,6,3,1,0,10.512,2.4433899695850667,1,0,0,0,1,0,0,0,0,1,0
644.904,2,2,4,2023,11,20,0,4,0,1,322.452,6.47065088592837,1,0,0,0,0,0,1,0,0,0,1
736.4730000000001,4,2,3,2023,10,9,0,4,0,0,184.11825000000002,6.603229477374315,0,1,0,1,0,0,0,0,0,1,0
15.48,1,1,4,2023,7,4,1,3,0,0,15.48,2.8021475244813256,0,0,1,0,1,0,0,0,0,0,1
2670.19,3,3,6,2023,4,27,3,2,0,0,890.0633333333334,7.890279344986618,1,0,0,0,1,0,0,0,0,0,1
659.8800000000001,2,2,4,2023,10,9,0,4,0,0,329.94000000000005,6.49357228025425,1,0,0,1,0,0,0,0,0,0,1
92.052,5,2,4,2023,4,6,3,2,0,0,18.410400000000003,4.533158476677798,1,0,0,1,0,0,0,0,0,0,1
167.31,3,1,2,2023,12,24,6,4,1,1,55.77,5.125807517138075,0,1,0,0,1,0,0,1,0,0,0
1044.075,7,2,4,2023,9,26,1,3,0,0,149.15357142857144,6.951843932158472,0,1,0,0,0,0,1,0,0,0,1
3419.872,3,3,0,2023,7,31,0,3,0,0,1139.9573333333333,8.137650768317364,1,0,0,0,1,0,0,0,1,0,0
244.77999999999997,3,1,2,2023,5,31,2,2,0,0,81.59333333333332,5.504436826856451,0,1,0,0,0,0,1,1,0,0,0
212.64,1,1,4,2023,12,26,1,4,0,1,212.64,5.364292355471569,1,0,0,0,1,0,0,0,0,1,0
796.425,1,1,3,2023,6,22,3,2,0,0,796.425,6.681387786349449,0,0,1,1,0,0,0,1,0,0,0
62.459999999999994,2,2,4,2023,12,14,3,4,0,1,31.229999999999997,4.150409786155049,0,1,0,0,0,1,0,0,0,0,1
15.008,1,1,6,2023,10,3,1,4,0,0,15.008,2.7730885972814323,0,1,0,0,1,0,0,0,0,0,1
132.94,2,1,2,2023,3,5,6,1,1,0,66.47,4.8973919384819045,0,1,0,0,1,0,0,0,0,1,0
221.79,2,2,4,2023,11,27,0,4,0,1,110.895,5.4062296237424325,0,0,1,0,0,0,1,0,0,0,1
41.9,1,1,3,2023,6,26,0,2,0,0,41.9,3.758871825933971,0,1,0,1,0,0,0,0,0,1,0
447.93,1,1,0,2023,11,2,3,4,0,1,447.93,6.106866973583819,1,0,0,0,0,0,1,0,1,0,0
9.96,1,1,2,2023,12,13,2,4,0,1,9.96,2.3942522815198695,1,0,0,0,0,0,1,0,0,1,0
121.888,2,1,6,2023,4,11,1,2,0,0,60.944,4.811273371446845,1,0,0,0,0,1,0,0,0,0,1
7.38,1,1,4,2023,10,2,0,4,0,0,7.38,2.1258479144939915,0,0,1,0,0,1,0,0,0,0,1
3.44,1,1,5,2023,10,8,6,4,1,0,3.44,1.4906543764441333,1,0,0,1,0,0,0,0,0,0,1
399.49,5,2,7,2023,9,11,0,3,0,0,79.898,5.992688797407675,0,0,1,0,1,0,0,0,0,0,1
2026.7800000000002,2,2,5,2023,9,27,2,3,0,0,1013.3900000000001,7.614696877564229,1,0,0,0,0,1,0,0,0,0,1
120.666,1,1,5,2023,10,3,1,4,0,0,120.666,4.801279585447315,1,0,0,0,0,0,1,0,0,0,1
24.64,1,1,1,2023,9,11,0,3,0,0,24.64,3.2441536320524693,0,1,0,0,0,0,1,1,0,0,0
50.0,1,1,5,2023,12,14,3,4,0,1,50.0,3.9318256327243257,1,0,0,0,0,0,1,0,0,1,0
484.65,1,1,4,2023,8,27,6,3,1,0,484.65,6.185488199848339,1,0,0,0,0,0,1,0,0,0,1
2.48,1,1,4,2023,11,9,3,4,0,1,2.48,1.247032293786383,0,0,1,0,0,0,1,0,0,0,1
1745.399,7,3,5,2023,7,12,2,3,0,0,249.34271428571427,7.465311232629065,1,0,0,1,0,0,0,0,0,1,0
76.64,1,1,6,2023,11,7,1,4,0,1,76.64,4.35208275830081,1,0,0,1,0,0,0,0,0,0,1
1102.472,3,2,3,2023,9,21,3,3,0,0,367.49066666666664,7.006216851564268,0,1,0,1,0,0,0,1,0,0,0
1873.606,7,3,4,2023,11,17,4,4,0,1,267.658,7.536153782990076,1,0,0,0,0,0,1,0,0,0,1
327.564,1,1,2,2023,11,1,2,4,0,1,327.564,5.794731643910695,1,0,0,0,1,0,0,0,0,1,0
2.808,1,1,4,2023,9,20,2,3,0,0,2.808,1.337104116929119,1,0,0,1,0,0,0,0,0,0,1
60.984,1,1,4,2023,12,21,3,4,0,1,60.984,4.126876287224586,0,1,0,0,0,0,1,0,0,0,1
109.36,2,1,6,2023,6,25,6,2,1,0,54.68,4.703747749349085,0,0,1,0,1,0,0,0,0,0,1
743.426,3,2,7,2023,9,26,1,3,0,0,247.80866666666668,6.612613451616502,1,0,0,0,1,0,0,0,0,0,1
90.882,1,1,4,2023,2,3,4,1,0,0,90.882,4.520505145106845,0,1,0,0,1,0,0,0,0,0,1
36.624,1,1,1,2023,6,13,1,2,0,0,36.624,3.627642144642747,1,0,0,0,0,0,1,1,0,0,0
526.736,3,1,1,2023,12,19,1,4,0,1,175.57866666666666,6.268596158664579,1,0,0,0,1,0,0,1,0,0,0
130.28,2,1,3,2023,12,12,1,4,0,1,65.14,4.8773324467818355,0,1,0,0,0,0,1,0,0,1,0
5.76,1,1,4,2023,12,10,6,4,1,1,5.76,1.9110228900548727,1,0,0,0,0,0,1,0,0,0,1
1085.16,4,2,4,2023,11,9,3,4,0,1,271.29,6.990403819292026,1,0,0,1,0,0,0,0,0,0,1
85.3,1,1,0,2023,9,21,3,3,0,0,85.3,4.457829598089382,0,0,1,0,1,0,0,0,1,0,0
21.376,2,1,6,2023,3,20,0,1,0,0,10.688,3.1079889558996587,1,0,0,1,0,0,0,0,0,0,1
266.352,1,1,5,2023,7,26,2,3,0,0,266.352,5.5885661421971315,0,1,0,0,0,0,1,0,0,0,1
277.634,3,3,4,2023,10,18,2,4,0,0,92.54466666666667,5.629899092664836,1,0,0,0,0,0,1,0,0,0,1
154.14000000000001,2,2,7,2023,8,9,2,3,0,0,77.07000000000001,5.044327935062726,0,1,0,0,1,0,0,0,0,0,1
269.49,1,1,3,2023,9,14,3,3,0,0,269.49,5.600235129026472,1,0,0,0,0,1,0,0,0,1,0
45.976,3,2,5,2023,3,12,6,1,1,0,15.325333333333333,3.8496368329920503,0,1,0,0,0,1,0,0,0,0,1
120.756,2,2,5,2023,3,31,4,1,0,0,60.378,4.802019042062583,0,1,0,1,0,0,0,0,0,0,1
365.91,2,2,6,2023,7,3,0,3,0,0,182.955,5.9051165863727535,1,0,0,0,0,1,0,0,0,0,1
4.96,1,1,4,2023,6,22,3,2,0,0,4.96,1.7850704810772584,1,0,0,0,0,0,1,0,0,1,0
10.944,1,1,5,2023,10,2,0,4,0,0,10.944,2.4802290602368893,1,0,0,0,0,0,1,0,0,0,1
282.316,4,2,5,2023,1,12,3,1,0,0,70.579,5.646562882474307,0,1,0,0,1,0,0,0,0,0,1
20.104,1,1,6,2023,6,29,3,2,0,0,20.104,3.049462595974959,1,0,0,0,1,0,0,0,0,0,1
13.12,1,1,4,2023,1,24,1,1,0,0,13.12,2.647592232065096,0,0,1,0,0,1,0,0,0,0,1
21.98,1,1,5,2023,9,12,1,3,0,0,21.98,3.1346242724206097,1,0,0,0,0,0,1,0,0,1,0
8.22,1,1,5,2023,12,12,1,4,0,1,8.22,2.2213750375685026,1,0,0,0,1,0,0,0,0,0,1
30.84,1,1,4,2023,10,9,0,4,0,0,30.84,3.460723360976182,1,0,0,0,0,1,0,0,0,0,1
30.264000000000003,2,2,1,2023,11,29,2,4,0,1,15.132000000000001,3.4424672758603725,1,0,0,1,0,0,0,1,0,0,0
107.75399999999999,2,1,0,2023,5,10,2,2,0,0,53.876999999999995,4.689088450901562,0,0,1,1,0,0,0,0,1,0,0
601.44,3,1,2,2023,8,8,1,3,0,0,200.48000000000002,6.400988075343648,1,0,0,0,1,0,0,0,0,1,0
21.12,1,1,0,2023,7,8,5,3,1,0,21.12,3.096482176654134,1,0,0,1,0,0,0,0,1,0,0
339.96,1,1,5,2023,10,15,6,4,1,0,339.96,5.831765168350307,0,0,1,1,0,0,0,0,0,0,1
166.92,1,1,5,2023,11,15,2,4,0,1,166.92,5.1234876755123775,0,1,0,0,1,0,0,0,0,0,1
457.96000000000004,2,2,4,2023,12,8,4,4,0,1,228.98000000000002,6.128963060293616,0,1,0,0,0,0,1,0,0,0,1
351.916,4,2,7,2023,9,28,3,3,0,0,87.979,5.866230068276299,0,1,0,0,0,0,1,0,0,0,1
22.288,1,1,1,2023,5,4,3,2,0,0,22.288,3.147938206443322,0,1,0,1,0,0,0,1,0,0,0
49.12,1,1,2,2023,2,21,1,1,0,0,49.12,3.9144201300278674,1,0,0,0,0,0,1,0,0,1,0
16.52,1,1,4,2023,8,22,1,3,0,0,16.52,2.8633430855082453,0,0,1,0,1,0,0,0,0,0,1
496.89599999999996,4,2,5,2023,6,15,3,2,0,0,124.22399999999999,6.210391219874151,1,0,0,0,0,0,1,0,0,0,1
569.336,3,2,1,2023,10,2,0,4,0,0,189.77866666666668,6.346225660841441,1,0,0,0,0,0,1,1,0,0,0
74.94,3,1,6,2023,8,10,3,3,0,0,24.98,4.3299435548036564,0,0,1,1,0,0,0,0,0,0,1
991.26,2,2,4,2023,12,27,2,4,0,1,495.63,6.8999851697177075,0,1,0,0,0,0,1,0,0,0,1
613.9992,1,1,4,2023,11,13,0,4,0,1,613.9992,6.421620966992664,1,0,0,1,0,0,0,0,0,0,1
178.79,3,2,6,2023,9,3,6,3,1,0,59.596666666666664,5.191789503138203,0,1,0,0,0,0,1,0,0,0,1
59.480000000000004,2,1,3,2023,3,23,3,1,0,0,29.740000000000002,4.102312731871278,1,0,0,0,0,1,0,1,0,0,0
15.24,1,1,4,2023,12,14,3,4,0,1,15.24,2.787477334733532,0,0,1,0,0,0,1,0,0,0,1
349.082,2,2,4,2023,4,25,1,2,0,0,174.541,5.858167412757133,1,0,0,1,0,0,0,0,0,0,1
667.378,2,2,5,2023,8,21,0,3,0,0,333.689,6.504853881757046,0,1,0,0,0,0,1,0,0,0,1
11.736,1,1,2,2023,4,7,4,2,0,0,11.736,2.5444326291020274,0,0,1,0,1,0,0,1,0,0,0
19.0,1,1,5,2023,7,5,2,3,0,0,19.0,2.995732273553991,0,0,1,1,0,0,0,0,0,0,1
2201.864,3,3,5,2023,12,4,0,4,0,1,733.9546666666666,7.697513610897629,1,0,0,0,1,0,0,0,0,1,0
6.57,2,1,2,2023,12,7,3,4,0,1,3.285,2.0241930674493576,1,0,0,0,0,0,1,1,0,0,0
733.283,3,2,4,2023,9,5,1,3,0,0,244.42766666666668,6.598894512889011,1,0,0,0,0,0,1,0,0,0,1
44.660000000000004,3,1,7,2023,4,28,4,2,0,0,14.886666666666668,3.8212226411016497,1,0,0,1,0,0,0,0,0,0,1
582.336,1,1,0,2023,10,25,2,4,0,0,582.336,6.368763349667573,0,1,0,0,0,0,1,0,1,0,0
36.63,1,1,4,2023,5,12,4,2,0,0,36.63,3.627801604605346,1,0,0,0,1,0,0,0,0,1,0
412.664,3,2,6,2023,9,26,1,3,0,0,137.55466666666666,6.025054050101537,1,0,0,0,0,0,1,0,0,0,1
1038.84,1,1,4,2023,11,2,3,4,0,1,1038.84,6.946822134146038,1,0,0,0,0,0,1,0,0,0,1
1170.9180000000001,7,3,2,2023,11,27,0,4,0,1,167.27400000000003,7.066397001818925,0,0,1,0,1,0,0,0,0,1,0
4.95,1,1,5,2023,11,1,2,4,0,1,4.95,1.7833912195575383,0,1,0,0,1,0,0,0,0,0,1
98.352,1,1,0,2023,11,5,6,4,1,1,98.352,4.598669099645732,1,0,0,0,0,0,1,0,1,0,0
34.44,1,1,1,2023,10,19,3,4,0,0,34.44,3.56784112573688,1,0,0,0,1,0,0,1,0,0,0
3385.614,10,3,3,2023,8,9,2,3,0,0,338.5614,8.12758588116234,1,0,0,0,1,0,0,1,0,0,0
72.78,1,1,5,2023,10,8,6,4,1,0,72.78,4.3010876921685295,0,1,0,1,0,0,0,0,0,0,1
207.0,1,1,4,2023,11,5,6,4,1,1,207.0,5.337538079701318,0,1,0,0,0,1,0,0,0,0,1
14.28,1,1,6,2023,10,31,1,4,0,0,14.28,2.7265447837383743,0,1,0,0,0,0,1,0,0,0,1
199.64000000000001,2,2,5,2023,3,28,1,1,0,0,99.82000000000001,5.301512257444556,1,0,0,0,0,0,1,0,0,0,1
170.136,1,1,4,2023,9,14,3,3,0,0,170.136,5.142458562039423,0,1,0,0,0,0,1,0,0,0,1
60.870000000000005,2,1,4,2023,5,28,6,2,1,0,30.435000000000002,4.125035409542898,1,0,0,0,1,0,0,0,0,0,1
29.9,1,1,5,2023,6,12,0,2,0,0,29.9,3.4307561839036995,1,0,0,0,1,0,0,0,0,0,1
769.024,3,3,5,2023,5,12,4,2,0,0,256.34133333333335,6.646421683193161,1,0,0,1,0,0,0,0,0,0,1
594.002,3,3,0,2023,12,6,2,4,0,1,198.00066666666666,6.388564766884518,1,0,0,0,1,0,0,0,1,0,0
50.112,1,1,3,2023,8,22,1,3,0,0,50.112,3.934019303300042,0,1,0,0,1,0,0,1,0,0,0
453.576,1,1,6,2023,3,19,6,1,1,0,453.576,6.119365116360048,0,0,1,0,0,0,1,0,0,0,1
8.568,1,1,4,2023,3,8,2,1,0,0,8.568,2.2584241972082757,1,0,0,1,0,0,0,0,0,0,1
37.775999999999996,2,1,5,2023,2,23,3,1,0,0,18.887999999999998,3.657801498543075,0,0,1,0,1,0,0,0,0,0,1
182.91,1,1,3,2023,10,30,0,4,0,0,182.91,5.21444650751089,1,0,0,0,0,1,0,1,0,0,0
79.36,1,1,2,2023,2,22,2,1,0,0,79.36,4.386516539946734,0,0,1,1,0,0,0,0,0,1,0
1082.15,4,3,4,2023,9,11,0,3,0,0,270.5375,6.987628741565301,0,1,0,0,1,0,0,0,0,1,0
1446.784,6,3,4,2023,10,23,0,4,0,0,241.13066666666668,7.277789390547803,1,0,0,0,0,0,1,0,0,1,0
61.792,1,1,4,2023,7,30,6,3,1,0,61.792,4.139827676824512,0,1,0,1,0,0,0,0,0,1,0
82.74,2,1,2,2023,10,31,1,4,0,0,41.37,4.4277167605909975,1,0,0,0,1,0,0,0,0,1,0
1133.8200000000002,9,3,5,2023,7,9,6,3,1,0,125.98000000000002,7.034229327030361,1,0,0,0,1,0,0,0,0,0,1
12.144,1,1,2,2023,2,3,4,1,0,0,12.144,2.575965380734967,0,1,0,0,0,0,1,0,0,1,0
22.96,1,1,3,2023,9,19,1,3,0,0,22.96,3.1763857732472487,0,1,0,0,0,0,1,0,0,1,0
51.52,1,1,4,2023,9,10,6,3,1,0,51.52,3.9611940494345954,1,0,0,0,0,0,1,0,0,0,1
262.72,3,2,3,2023,5,25,3,2,0,0,87.57333333333334,5.574887934245099,0,1,0,1,0,0,0,1,0,0,0
83.7,1,1,7,2023,3,27,0,1,0,0,83.7,4.439115601658009,1,0,0,0,0,0,1,0,0,0,1
32.4,1,1,2,2023,9,17,6,3,1,0,32.4,3.5085558999826545,0,0,1,0,0,0,1,0,0,1,0
1046.47,5,3,6,2023,6,18,6,2,1,0,209.294,6.9541330117680324,1,0,0,0,0,1,0,0,0,0,1
64.68,1,1,2,2023,8,13,6,3,1,0,64.68,4.184794465144173,0,1,0,0,0,1,0,1,0,0,0
357.462,2,1,4,2023,10,5,3,4,0,0,178.731,5.881822657210974,1,0,0,0,0,0,1,0,0,0,1
910.792,2,2,6,2023,4,13,3,2,0,0,455.396,6.815411893886935,1,0,0,0,0,0,1,0,0,0,1
3.552,1,1,4,2023,3,1,2,1,0,0,3.552,1.5155666968240298,1,0,0,0,1,0,0,0,0,0,1
22.92,1,1,2,2023,3,28,1,1,0,0,22.92,3.1747149290824312,1,0,0,0,1,0,0,0,0,1,0
1283.3264,2,2,3,2023,3,1,2,1,0,0,641.6632,7.157989657552612,0,1,0,1,0,0,0,1,0,0,0
22.2,1,1,7,2023,5,31,2,2,0,0,22.2,3.144152278672264,0,0,1,0,1,0,0,0,0,0,1
10.744,1,1,5,2023,4,13,3,2,0,0,10.744,2.46334247187216,1,0,0,0,0,0,1,0,0,0,1
3.444,1,1,2,2023,9,6,2,3,0,0,3.444,1.4915548717773834,0,0,1,0,0,1,0,0,0,1,0
526.88,2,2,4,2023,12,12,1,4,0,1,263.44,6.268868985148629,1,0,0,0,0,0,1,0,0,0,1
110.528,1,1,6,2023,12,11,0,4,0,1,110.528,4.714275680450787,0,0,1,0,0,0,1,0,0,0,1
450.19399999999996,4,2,2,2023,12,17,6,4,1,1,112.54849999999999,6.111897402223091,1,0,0,0,0,0,1,0,0,1,0
156.70999999999998,2,1,6,2023,4,10,0,2,0,0,78.35499999999999,5.060757903499466,0,0,1,0,1,0,0,0,0,0,1
498.93,2,1,3,2023,3,16,3,1,0,0,249.465,6.214468088621277,1,0,0,0,0,1,0,0,0,1,0
1801.632,1,1,5,2023,10,10,1,4,0,0,1801.632,7.497003098100546,1,0,0,0,0,1,0,0,0,0,1
412.24,3,2,5,2023,10,12,3,4,0,0,137.41333333333333,6.024028537981245,1,0,0,1,0,0,0,0,0,1,0
105.42,1,1,4,2023,12,27,2,4,0,1,105.42,4.667393529168224,1,0,0,0,0,1,0,0,0,0,1
85.68,2,2,5,2023,10,4,2,4,0,0,42.84,4.462223176668158,0,0,1,0,1,0,0,0,0,0,1
436.86,2,2,4,2023,12,7,3,4,0,1,218.43,6.08189922457919,1,0,0,0,0,1,0,0,0,0,1
24.4,1,1,4,2023,11,7,1,4,0,1,24.4,3.2347491740244907,0,1,0,0,1,0,0,0,0,0,1
152.8,1,1,1,2023,12,5,1,4,0,1,152.8,5.035653057071544,0,0,1,1,0,0,0,1,0,0,0
80.38,2,2,4,2023,9,22,4,3,0,0,40.19,4.399129542573544,0,0,1,0,0,1,0,0,0,1,0
632.856,4,2,5,2023,5,28,6,2,1,0,158.214,6.4518217993019125,1,0,0,0,1,0,0,0,0,0,1
1022.97,1,1,2,2023,4,30,6,2,1,0,1022.97,6.931442508295292,1,0,0,0,1,0,0,0,0,1,0
467.6532,4,2,4,2023,8,6,6,3,1,0,116.9133,6.149863049292517,0,1,0,1,0,0,0,0,0,0,1
79.92,1,1,5,2023,12,7,3,4,0,1,79.92,4.393461012299545,1,0,0,0,0,0,1,0,0,0,1
269.982,1,1,5,2023,7,9,6,3,1,0,269.982,5.602052398009544,1,0,0,0,1,0,0,0,0,1,0
20.784,2,1,5,2023,3,28,1,1,0,0,10.392,3.0811757553714583,1,0,0,0,1,0,0,0,0,0,1
80.88,2,2,2,2023,2,9,3,1,0,0,40.44,4.405254760793088,0,1,0,1,0,0,0,0,0,1,0
279.86,1,1,3,2023,9,19,1,3,0,0,279.86,5.637856324540034,1,0,0,0,1,0,0,0,0,1,0
67.96,1,1,7,2023,9,5,1,3,0,0,67.96,4.233526626355437,0,0,1,0,0,1,0,0,0,0,1
883.84,1,1,4,2023,12,24,6,4,1,1,883.84,6.785406837702822,0,1,0,0,0,0,1,0,0,0,1
266.294,4,3,6,2023,11,24,4,4,0,1,66.5735,5.588349176203829,1,0,0,0,0,0,1,0,0,0,1
3251.34,5,2,4,2023,12,30,5,4,1,1,650.268,8.087130016248132,1,0,0,0,0,0,1,0,0,0,1
2079.112,2,2,3,2023,12,8,4,4,0,1,1039.556,7.640177017399558,0,0,1,1,0,0,0,0,0,1,0
2233.02,5,3,2,2023,11,16,3,4,0,1,446.604,7.71155793214055,0,0,1,1,0,0,0,0,0,1,0
191.968,1,1,5,2023,5,11,3,2,0,0,191.968,5.2625243720492225,0,0,1,0,0,0,1,0,0,1,0
324.21999999999997,3,2,3,2023,12,11,0,4,0,1,108.07333333333332,5.784501876397576,1,0,0,1,0,0,0,1,0,0,0
24.56,1,1,4,2023,6,12,0,2,0,0,24.56,3.241028629509334,0,0,1,1,0,0,0,0,0,0,1
233.064,2,2,5,2023,11,13,0,4,0,1,116.532,5.45559458223573,1,0,0,0,0,1,0,0,0,0,1
322.59,1,1,6,2023,11,28,1,4,0,1,322.59,5.779477282358271,1,0,0,0,1,0,0,0,0,0,1
10.272,1,1,0,2023,5,31,2,2,0,0,10.272,2.422321774596379,1,0,0,0,0,1,0,0,1,0,0
9.156,1,1,5,2023,4,2,6,2,1,0,9.156,2.3180646638424323,0,1,0,1,0,0,0,0,0,0,1
139.816,2,1,1,2023,11,20,0,4,0,1,69.908,4.947454073631456,0,1,0,0,0,0,1,1,0,0,0
1136.896,3,3,1,2023,7,11,1,3,0,0,378.9653333333333,7.036936222109399,0,1,0,0,1,0,0,1,0,0,0
6.08,1,1,7,2023,9,10,6,3,1,0,6.08,1.9572739077056285,1,0,0,0,1,0,0,0,0,0,1
8.96,1,1,5,2023,12,6,2,4,0,1,8.96,2.298577071596507,0,1,0,0,0,0,1,0,0,1,0
177.89600000000002,2,2,4,2023,9,13,2,3,0,0,88.94800000000001,5.186804631405012,1,0,0,1,0,0,0,0,0,1,0
167.86,1,1,7,2023,7,26,2,3,0,0,167.86,5.129069969241354,1,0,0,0,0,0,1,0,0,0,1
545.9100000000001,3,3,4,2023,5,8,0,2,0,0,181.97000000000003,6.304284255063966,1,0,0,1,0,0,0,0,0,0,1
925.83,2,2,4,2023,5,23,1,2,0,0,462.915,6.831770161477587,0,0,1,1,0,0,0,0,0,1,0
692.2139999999999,3,2,7,2023,2,6,0,1,0,0,230.73799999999997,6.541338753829086,1,0,0,1,0,0,0,0,0,0,1
100.8,1,1,1,2023,12,20,2,4,0,1,100.8,4.623010104116422,0,0,1,1,0,0,0,1,0,0,0
79.96,1,1,4,2023,3,31,4,1,0,0,79.96,4.3939552055391555,0,1,0,0,0,1,0,0,0,0,1
4210.650000000001,5,2,4,2023,12,1,4,4,0,1,842.1300000000001,8.34560977388478,0,0,1,0,0,0,1,0,0,1,0
3.28,1,1,4,2023,12,15,4,4,0,1,3.28,1.4539530095937054,0,0,1,0,1,0,0,0,0,0,1
6.48,1,1,4,2023,6,13,1,2,0,0,6.48,2.012232791986386,0,1,0,0,0,1,0,0,0,0,1
485.784,4,3,5,2023,4,26,2,2,0,0,121.446,6.18782049286574,0,1,0,0,0,0,1,0,0,0,1
259.942,2,2,5,2023,5,7,6,2,1,0,129.971,5.564298160405454,1,0,0,1,0,0,0,0,0,0,1
612.4580000000001,3,2,4,2023,1,13,4,1,0,0,204.1526666666667,6.4191118021497955,1,0,0,0,0,0,1,0,0,0,1
8.4,1,1,5,2023,9,19,1,3,0,0,8.4,2.2407096892759584,0,0,1,0,0,0,1,0,0,0,1
114.37,3,1,3,2023,11,22,2,4,0,1,38.123333333333335,4.748144354939198,1,0,0,0,0,0,1,0,0,1,0
204.85,1,1,5,2023,6,25,6,2,1,0,204.85,5.327147748215913,1,0,0,0,0,0,1,0,0,0,1
134.5,3,2,5,2023,11,14,1,4,0,1,44.833333333333336,4.908971640319756,0,1,0,0,1,0,0,0,0,0,1
705.068,2,2,4,2023,11,30,3,4,0,1,352.534,6.559711550135484,1,0,0,0,1,0,0,0,0,0,1
979.104,3,2,3,2023,9,1,4,3,0,0,326.368,6.887658688483008,1,0,0,0,0,0,1,0,0,1,0
2298.8999999999996,4,3,2,2023,4,16,6,2,1,0,574.7249999999999,7.740620922711164,1,0,0,0,0,1,0,1,0,0,0
197.916,2,2,6,2023,9,6,2,3,0,0,98.958,5.292882625057991,0,0,1,0,0,0,1,0,0,0,1
1542.47,4,2,4,2023,11,29,2,4,0,1,385.6175,7.341788407407359,0,1,0,1,0,0,0,0,0,0,1
33.36,1,1,7,2023,3,23,3,1,0,0,33.36,3.536893097116055,0,1,0,0,0,0,1,0,0,0,1
106.8,1,1,5,2023,8,7,0,3,0,0,106.8,4.680277658474897,1,0,0,0,1,0,0,0,0,0,1
13.092,1,1,4,2023,9,13,2,3,0,0,13.092,2.6456072604789913,1,0,0,0,0,1,0,0,0,0,1
538.92,1,1,2,2023,2,27,0,1,0,0,538.92,6.291420980435151,1,0,0,0,0,0,1,0,0,1,0
51.968,1,1,7,2023,5,15,0,2,0,0,51.968,3.9696879576225452,0,1,0,0,1,0,0,0,0,0,1
195.466,1,1,2,2023,7,17,0,3,0,0,195.466,5.280489388348425,1,0,0,0,0,0,1,0,0,1,0
197.72,1,1,3,2023,11,2,3,4,0,1,197.72,5.291896798745114,1,0,0,0,0,1,0,1,0,0,0
259.864,3,2,3,2023,11,14,1,4,0,1,86.62133333333333,5.5639991987201505,0,1,0,0,0,0,1,1,0,0,0
845.728,1,1,4,2023,5,25,3,2,0,0,845.728,6.741379509665636,1,0,0,0,0,0,1,0,0,0,1
224.93400000000003,3,1,2,2023,11,15,2,4,0,1,74.97800000000001,5.420242921223415,0,1,0,0,1,0,0,1,0,0,0
206.962,1,1,5,2023,11,22,2,4,0,1,206.962,5.337355370703353,0,0,1,1,0,0,0,0,0,0,1
366.99,3,2,5,2023,6,23,4,2,0,0,122.33,5.90805576388667,1,0,0,0,0,0,1,0,0,0,1
623.96,1,1,5,2023,7,25,1,3,0,0,623.96,6.437687647688314,1,0,0,0,0,0,1,0,0,0,1
5.76,1,1,4,2023,10,26,3,4,0,0,5.76,1.9110228900548727,0,1,0,0,0,0,1,0,0,0,1
179.886,1,1,4,2023,9,10,6,3,1,0,179.886,5.197866998582765,0,1,0,1,0,0,0,0,0,0,1
310.364,2,2,4,2023,8,24,3,3,0,0,155.182,5.740962645780485,0,1,0,0,1,0,0,0,0,0,1
2717.31,2,2,0,2023,10,15,6,4,1,0,1358.655,7.907765642659177,1,0,0,1,0,0,0,0,1,0,0
128.744,1,1,4,2023,9,25,0,3,0,0,128.744,4.865563278202202,1,0,0,1,0,0,0,0,0,0,1
116.4,1,1,2,2023,12,31,6,4,1,1,116.4,4.765586907393996,0,1,0,1,0,0,0,0,0,1,0
64.032,2,2,5,2023,6,12,0,2,0,0,32.016,4.1748794564442715,1,0,0,0,1,0,0,0,0,0,1
57.32000000000001,2,1,7,2023,12,13,2,4,0,1,28.660000000000004,4.065945087700403,0,0,1,0,1,0,0,0,0,0,1
847.2,2,2,4,2023,4,7,4,2,0,0,423.6,6.7431164570404905,1,0,0,1,0,0,0,0,0,0,1
383.616,2,2,5,2023,6,20,1,2,0,0,191.808,5.95224543395342,0,1,0,0,0,0,1,0,0,1,0
257.32,4,2,4,2023,3,5,6,1,1,0,64.33,5.55419912645002,1,0,0,1,0,0,0,0,0,1,0
26.82,2,1,3,2023,10,2,0,4,0,0,13.41,3.325755186495297,1,0,0,0,1,0,0,0,0,1,0
1345.418,3,2,4,2023,11,3,4,4,0,1,448.4726666666666,7.205203011771189,0,0,1,0,0,0,1,0,0,0,1
559.93,1,1,4,2023,9,7,3,3,0,0,559.93,6.329596120553775,0,0,1,0,1,0,0,0,0,0,1
246.364,4,3,2,2023,7,2,6,3,1,0,61.591,5.5108609360315715,0,1,0,0,0,1,0,1,0,0,0
89.36,2,1,2,2023,11,30,3,4,0,1,44.68,4.5038016915998025,0,0,1,0,0,1,0,0,0,1,0
178.37,2,2,2,2023,2,3,4,1,0,0,89.185,5.189450711560923,1,0,0,1,0,0,0,1,0,0,0
1884.144,3,2,4,2023,9,14,3,3,0,0,628.048,7.5417594895372915,1,0,0,0,1,0,0,0,0,0,1
495.736,2,2,2,2023,6,9,4,2,0,0,247.868,6.208058697844033,1,0,0,0,0,0,1,0,0,1,0
655.88,2,2,4,2023,10,9,0,4,0,0,327.94,6.487501353400534,1,0,0,0,1,0,0,0,0,1,0
87.168,1,1,6,2023,9,17,6,3,1,0,87.168,4.479244085389241,1,0,0,0,0,1,0,0,0,0,1
1757.8536,3,3,5,2023,1,3,1,1,0,0,585.9512,7.472417512166376,1,0,0,1,0,0,0,0,0,1,0
301.742,2,1,4,2023,1,19,3,1,0,0,150.871,5.7128809576414605,1,0,0,1,0,0,0,0,0,0,1
440.144,3,2,3,2023,11,30,3,4,0,1,146.71466666666666,6.0893713527595725,1,0,0,0,0,1,0,1,0,0,0
1664.1319999999998,2,1,4,2023,9,20,2,3,0,0,832.0659999999999,7.417659678551387,1,0,0,0,0,1,0,0,0,0,1
205.164,1,1,4,2023,11,1,2,4,0,1,205.164,5.328671968561784,1,0,0,0,1,0,0,0,0,0,1
11.696,1,1,5,2023,12,20,2,4,0,1,11.696,2.541286983224108,0,0,1,0,0,1,0,0,0,0,1
14.73,1,1,2,2023,5,25,3,2,0,0,14.73,2.7555697170701863,0,0,1,0,0,0,1,0,0,1,0
374.076,2,2,5,2023,11,2,3,4,0,1,187.038,5.927128672102963,0,1,0,1,0,0,0,0,0,0,1
19.152,1,1,5,2023,8,7,0,3,0,0,19.152,3.003303539050309,0,0,1,0,0,0,1,0,0,0,1
369.912,1,1,5,2023,4,9,6,2,1,0,369.912,5.915964837706334,1,0,0,0,0,0,1,0,0,0,1
7.52,1,1,2,2023,6,7,2,2,0,0,7.52,2.1424163408412245,0,1,0,0,0,0,1,0,0,1,0
37.94,1,1,2,2023,5,8,0,2,0,0,37.94,3.6620219999440535,0,0,1,0,1,0,0,1,0,0,0
20.96,1,1,5,2023,8,31,3,3,0,0,20.96,3.08922261664133,0,0,1,1,0,0,0,0,0,0,1
717.12,1,1,5,2023,9,18,0,3,0,0,717.12,6.576636686002628,0,1,0,0,0,1,0,0,0,1,0
676.734,6,2,2,2023,7,11,1,3,0,0,112.789,6.518754880575214,1,0,0,0,1,0,0,1,0,0,0
85.96,1,1,5,2023,12,4,0,4,0,1,85.96,4.465448242812954,0,1,0,1,0,0,0,0,0,0,1
128.322,2,1,2,2023,7,11,1,3,0,0,64.161,4.862305418249551,1,0,0,0,0,0,1,0,0,1,0
117.456,1,1,5,2023,4,20,3,2,0,0,117.456,4.774541583606418,1,0,0,1,0,0,0,0,0,0,1
174.49,2,2,4,2023,8,15,1,3,0,0,87.245,5.167582061225516,1,0,0,0,0,0,1,0,0,0,1
590.352,1,1,4,2023,12,3,6,4,1,1,590.352,6.382411440783231,0,1,0,0,1,0,0,0,0,0,1
1009.13,2,1,2,2023,4,18,1,2,0,0,504.565,6.917834314423802,0,0,1,0,0,0,1,0,0,1,0
3.592,1,1,5,2023,10,23,0,4,0,0,3.592,1.5243156590172653,0,1,0,0,0,0,1,0,0,0,1
127.764,1,1,5,2023,4,16,6,2,1,0,127.764,4.85798127149639,0,1,0,0,1,0,0,0,0,0,1
919.49,4,2,4,2023,9,4,0,3,0,0,229.8725,6.824906136953069,1,0,0,0,0,1,0,0,0,0,1
335.52,1,1,4,2023,11,28,1,4,0,1,335.52,5.818657582682613,1,0,0,1,0,0,0,0,0,0,1
45.04,1,1,1,2023,12,5,1,4,0,1,45.04,3.829510583853682,1,0,0,1,0,0,0,1,0,0,0
1555.244,2,2,5,2023,3,6,0,1,0,0,777.622,7.3500305047838985,1,0,0,0,0,0,1,0,0,0,1
99.85999999999999,2,2,5,2023,10,12,3,4,0,0,49.92999999999999,4.6137334166485795,1,0,0,0,0,0,1,0,0,0,1
28.524,2,2,4,2023,9,17,6,3,1,0,14.262,3.385203491907806,0,1,0,1,0,0,0,0,0,0,1
1033.234,4,2,0,2023,12,10,6,4,1,1,258.3085,6.941416335074407,0,0,1,0,1,0,0,0,1,0,0
517.5,1,1,6,2023,9,24,6,3,1,0,517.5,6.250940027669582,1,0,0,0,0,1,0,0,0,0,1
610.1560000000001,3,2,2,2023,5,26,4,2,0,0,203.38533333333336,6.415352245732144,1,0,0,1,0,0,0,0,0,1,0
46.32,1,1,2,2023,9,6,2,3,0,0,46.32,3.856933039110186,0,1,0,0,0,0,1,1,0,0,0
860.9159999999999,4,2,5,2023,7,14,4,3,0,0,215.22899999999998,6.759157818119524,1,0,0,0,0,0,1,0,0,1,0
339.334,2,2,7,2023,12,6,2,4,0,1,169.667,5.829927488358496,1,0,0,0,0,0,1,0,0,0,1
14.496,1,1,5,2023,3,19,6,1,1,0,14.496,2.740581926104695,1,0,0,0,0,1,0,0,0,0,1
13.944,1,1,3,2023,4,25,1,2,0,0,13.944,2.7043098814864868,0,1,0,0,0,0,1,0,0,1,0
99.2,1,1,2,2023,9,27,2,3,0,0,99.2,4.607168188650764,0,1,0,0,0,0,1,0,0,1,0
43.056,1,1,4,2023,6,26,0,2,0,0,43.056,3.7854615519601804,0,0,1,0,1,0,0,0,0,0,1
414.96,1,1,4,2023,12,25,0,4,0,1,414.96,6.030589101792032,0,0,1,0,1,0,0,0,0,0,1
46.688,1,1,5,2023,5,10,2,2,0,0,46.688,3.8646797939176256,1,0,0,0,0,0,1,0,0,0,1
4.304,1,1,1,2023,11,29,2,4,0,1,4.304,1.6684612528835614,0,0,1,0,0,0,1,0,1,0,0
12.96,1,1,4,2023,6,9,4,2,0,0,12.96,2.6361960973342264,1,0,0,1,0,0,0,0,0,0,1
26.8,1,1,5,2023,5,4,3,2,0,0,26.8,3.3250360206965914,0,1,0,0,1,0,0,0,0,1,0
632.148,4,2,2,2023,8,21,0,3,0,0,158.037,6.450704202082499,0,0,1,0,0,0,1,1,0,0,0
420.64000000000004,5,2,2,2023,11,23,3,4,0,1,84.12800000000001,6.0441518693869885,1,0,0,0,1,0,0,0,0,1,0
19.584,2,1,6,2023,12,25,0,4,0,1,9.792,3.024514074979443,1,0,0,0,0,1,0,0,0,0,1
5.792,1,1,4,2023,6,19,0,2,0,0,5.792,1.9157454490090462,0,0,1,1,0,0,0,0,0,0,1
25.344,1,1,6,2023,11,5,6,4,1,1,25.344,3.2712405450740634,0,1,0,0,1,0,0,0,0,0,1
403.94,2,2,4,2023,11,13,0,4,0,1,201.97,6.0037389079833705,0,0,1,0,0,0,1,0,0,0,1
19.46,1,1,6,2023,11,20,0,4,0,1,19.46,3.0184717605234805,0,0,1,0,0,0,1,0,0,0,1
43.13,1,1,7,2023,3,16,3,1,0,0,43.13,3.787139823281456,0,1,0,0,0,0,1,0,0,0,1
757.712,5,2,5,2023,12,6,2,4,0,1,151.5424,6.631622258747221,1,0,0,0,0,0,1,0,0,0,1
9.96,1,1,4,2023,12,25,0,4,0,1,9.96,2.3942522815198695,0,0,1,0,0,0,1,0,0,0,1
32.308,2,1,3,2023,12,12,1,4,0,1,16.154,3.5057976083735727,1,0,0,0,0,0,1,1,0,0,0
188.94,2,1,2,2023,11,27,0,4,0,1,94.47,5.2467082328148065,0,1,0,0,1,0,0,1,0,0,0
39.96,1,1,4,2023,11,15,2,4,0,1,39.96,3.7125959807312525,0,0,1,0,0,1,0,0,0,0,1
6412.7699999999995,4,1,6,2023,3,16,3,1,0,0,1603.1924999999999,8.76620252055184,1,0,0,0,0,1,0,0,0,0,1
295.968,3,3,4,2023,11,16,3,4,0,1,98.656,5.693624388890142,0,1,0,1,0,0,0,0,0,0,1
14.304,1,1,5,2023,1,30,0,1,0,0,14.304,2.7281142321379517,1,0,0,1,0,0,0,0,0,0,1
46.9,1,1,3,2023,3,24,4,1,0,0,46.9,3.8691155044168695,0,1,0,0,0,0,1,0,0,1,0
62.8,1,1,0,2023,11,5,6,4,1,1,62.8,4.155753190350744,1,0,0,0,0,0,1,0,1,0,0
1035.8,1,1,0,2023,10,30,0,4,0,0,1035.8,6.94389432559801,0,1,0,0,1,0,0,0,1,0,0
867.744,2,2,5,2023,11,19,6,4,1,1,433.872,6.767048490380332,1,0,0,0,1,0,0,0,0,0,1
88.752,1,1,6,2023,5,1,0,2,0,0,88.752,4.497050311242663,0,1,0,0,0,0,1,0,0,0,1
53.04,1,1,2,2023,10,5,3,4,0,0,53.04,3.989724513091998,1,0,0,0,1,0,0,1,0,0,0
238.384,2,2,5,2023,5,13,5,2,1,0,119.192,5.478068957139354,0,0,1,1,0,0,0,0,0,1,0
215.18,2,1,2,2023,9,15,4,3,0,0,107.59,5.376111393988057,1,0,0,1,0,0,0,0,0,1,0
203.92,1,1,7,2023,2,9,3,1,0,0,203.92,5.322619659071002,1,0,0,0,0,0,1,0,0,0,1
301.96,1,1,5,2023,7,6,3,3,0,0,301.96,5.713600783593539,0,0,1,0,1,0,0,0,0,0,1
807.54,4,2,3,2023,3,7,1,1,0,0,201.885,6.695230152128536,0,0,1,0,1,0,0,1,0,0,0
1816.6960000000001,5,3,7,2023,1,2,0,1,0,0,363.3392,7.505325044033477,0,1,0,0,1,0,0,0,0,0,1
125.93,1,1,7,2023,5,4,3,2,0,0,125.93,4.843635753400086,0,1,0,1,0,0,0,0,0,0,1
24.192,1,1,4,2023,11,20,0,4,0,1,24.192,3.2265264837987235,0,0,1,0,0,0,1,0,0,0,1
1170.72,4,2,5,2023,11,9,3,4,0,1,292.68,7.066228033744102,1,0,0,0,1,0,0,0,0,1,0
2645.021,4,2,4,2023,8,24,3,3,0,0,661.25525,7.880812281151344,1,0,0,1,0,0,0,0,0,0,1
1483.528,2,1,4,2023,4,16,6,2,1,0,741.764,7.302852155595489,1,0,0,1,0,0,0,0,0,0,1
8.096,1,1,5,2023,12,14,3,4,0,1,8.096,2.207834756448235,1,0,0,0,0,0,1,0,0,0,1
1.112,1,1,0,2023,3,10,4,1,0,0,1.112,0.7476353658440151,1,0,0,1,0,0,0,0,1,0,0
299.75,3,2,4,2023,7,16,6,3,1,0,99.91666666666667,5.7062793548547885,0,0,1,0,1,0,0,0,0,0,1
13.632,1,1,4,2023,6,18,6,2,1,0,13.632,2.6832109110885645,0,1,0,0,0,1,0,0,0,0,1
66.36,1,1,7,2023,9,19,1,3,0,0,66.36,4.210051369934071,0,1,0,0,0,1,0,0,0,0,1
564.768,2,2,4,2023,8,2,2,3,0,0,282.384,6.338184100180745,1,0,0,0,0,0,1,0,0,0,1
324.10999999999996,2,1,4,2023,2,7,1,1,0,0,162.05499999999998,5.784163586603014,0,1,0,0,0,1,0,0,0,0,1
577.584,1,1,4,2023,11,10,4,4,0,1,577.584,6.360583739204275,1,0,0,0,1,0,0,0,0,0,1
1745.71,3,2,4,2023,5,31,2,2,0,0,581.9033333333333,7.465489297499541,1,0,0,0,0,0,1,0,0,0,1
35.12,1,1,2,2023,9,24,6,3,1,0,35.12,3.5868467285487844,1,0,0,0,0,0,1,0,0,1,0
4190.206,4,2,3,2023,12,15,4,4,0,1,1047.5515,8.340743799663896,1,0,0,0,1,0,0,1,0,0,0
10.752,1,1,5,2023,12,3,6,4,1,1,10.752,2.4640234388715765,0,0,1,0,1,0,0,0,0,0,1
45.68,1,1,5,2023,5,7,6,2,1,0,45.68,3.8433158074183553,1,0,0,0,0,1,0,0,0,0,1
131.48000000000002,3,1,5,2023,7,26,2,3,0,0,43.826666666666675,4.886431690636949,0,1,0,0,0,0,1,0,0,0,1
147.44,2,1,4,2023,12,13,2,4,0,1,73.72,5.0001808361923965,0,1,0,0,0,0,1,0,0,0,1
128.51999999999998,2,1,4,2023,12,27,2,4,0,1,64.25999999999999,4.86383530936938,1,0,0,0,0,0,1,0,0,0,1
33.48,2,1,3,2023,11,7,1,4,0,1,16.74,3.5403794457954922,0,1,0,0,1,0,0,0,0,1,0
31.56,1,1,0,2023,8,13,6,3,1,0,31.56,3.4830845411343394,1,0,0,0,0,0,1,0,1,0,0
32.75,1,1,5,2023,12,6,2,4,0,1,32.75,3.518980417318539,0,0,1,0,0,0,1,0,0,0,1
1288.848,4,2,2,2023,7,25,1,3,0,0,322.212,7.162279660955917,1,0,0,0,0,0,1,0,0,1,0
5.04,1,1,6,2023,3,12,6,1,1,0,5.04,1.7984040119467237,1,0,0,0,0,1,0,0,0,0,1
172.606,3,2,6,2023,4,17,0,2,0,0,57.535333333333334,5.156788363840972,1,0,0,0,1,0,0,0,0,0,1
24.816,1,1,4,2023,12,28,3,4,0,1,24.816,3.2509944547496605,1,0,0,1,0,0,0,0,0,0,1
111.76,2,2,4,2023,10,1,6,4,1,0,55.88,4.7252616662459115,1,0,0,1,0,0,0,0,0,0,1
20.24,1,1,5,2023,5,26,4,2,0,0,20.24,3.055886196373738,1,0,0,0,0,0,1,0,0,0,1
479.716,3,3,5,2023,9,25,0,3,0,0,159.90533333333335,6.175276659138999,0,1,0,0,0,0,1,0,0,0,1
439.536,2,1,4,2023,10,20,4,4,0,0,219.768,6.087992167349048,1,0,0,0,0,0,1,0,0,0,1
32.985,1,1,1,2023,11,22,2,4,0,1,32.985,3.5259192507986015,1,0,0,0,0,1,0,1,0,0,0
896.3100000000001,3,3,5,2023,4,20,3,2,0,0,298.77000000000004,6.7994013987866575,0,1,0,0,0,1,0,0,0,0,1
3.366,1,1,0,2023,7,10,0,3,0,0,3.366,1.4738472581277522,1,0,0,0,0,0,1,0,1,0,0
60.84,1,1,4,2023,9,19,1,3,0,0,60.84,4.124550404279167,0,0,1,0,0,0,1,0,0,0,1
51.6,2,2,5,2023,12,5,1,4,0,1,25.8,3.9627161197436642,0,1,0,0,0,0,1,0,0,0,1
99.26,3,2,5,2023,1,31,1,1,0,0,33.086666666666666,4.607766811835358,1,0,0,1,0,0,0,0,0,1,0
93.78999999999999,2,1,6,2023,5,28,6,2,1,0,46.894999999999996,4.55166391846495,1,0,0,0,1,0,0,0,0,0,1
31.538,2,1,6,2023,1,6,4,1,0,0,15.769,3.4824086370869787,0,1,0,0,0,0,1,0,0,0,1
454.272,1,1,3,2023,10,24,1,4,0,0,454.272,6.1208950425361985,0,0,1,0,0,0,1,1,0,0,0
12.88,1,1,2,2023,4,13,3,2,0,0,12.88,2.6304489550786583,1,0,0,0,0,0,1,0,0,1,0
187.94,3,1,4,2023,9,18,0,3,0,0,62.64666666666667,5.241429504340989,1,0,0,0,0,0,1,0,0,1,0
200.984,1,1,5,2023,9,3,6,3,1,0,200.984,5.308188486343299,0,1,0,0,0,1,0,0,0,0,1
345.26,3,2,2,2023,5,31,2,2,0,0,115.08666666666666,5.84718993795093,0,1,0,0,1,0,0,0,0,1,0
72.24000000000001,2,1,6,2023,1,4,2,1,0,0,36.120000000000005,4.29374171980631,0,1,0,1,0,0,0,0,0,0,1
3862.0980000000004,4,2,4,2023,5,22,0,2,0,0,965.5245000000001,8.259224731228784,1,0,0,0,0,0,1,0,0,0,1
210.82,3,2,4,2023,11,13,0,4,0,1,70.27333333333333,5.355736857415523,1,0,0,1,0,0,0,0,0,0,1
609.4359999999999,2,2,2,2023,9,21,3,3,0,0,304.71799999999996,6.414173455950658,0,0,1,0,0,0,1,1,0,0,0
10.9,1,1,1,2023,3,19,6,1,1,0,10.9,2.4765384001174837,1,0,0,0,0,0,1,1,0,0,0
19.44,1,1,1,2023,7,2,6,3,1,0,19.44,3.017493765335504,0,0,1,0,1,0,0,1,0,0,0
246.168,1,1,5,2023,12,15,4,4,0,1,246.168,5.510068267365995,0,1,0,0,0,1,0,0,0,0,1
1.72,1,1,5,2023,10,19,3,4,0,0,1.72,1.000631880307906,1,0,0,1,0,0,0,0,0,1,0
11.36,1,1,4,2023,8,13,6,3,1,0,11.36,2.514465452029545,1,0,0,1,0,0,0,0,0,1,0
18.54,1,1,6,2023,9,18,0,3,0,0,18.54,2.972463646614637,0,0,1,0,0,0,1,0,0,0,1
196.62,1,1,1,2023,12,11,0,4,0,1,196.62,5.286345994766817,1,0,0,0,0,1,0,1,0,0,0
1215.269,5,1,6,2023,10,26,3,4,0,0,243.0538,7.103543255166479,0,1,0,0,0,0,1,0,0,0,1
5.56,1,1,5,2023,3,29,2,1,0,0,5.56,1.8809906029559977,1,0,0,0,0,1,0,0,0,1,0
460.844,4,2,3,2023,5,3,2,2,0,0,115.211,6.135227171723313,1,0,0,0,0,0,1,1,0,0,0
271.764,1,1,7,2023,9,6,2,3,0,0,271.764,5.608606952451801,0,0,1,0,1,0,0,0,0,0,1
1001.1959999999999,2,2,4,2023,11,16,3,4,0,1,500.59799999999996,6.909948871298342,0,1,0,0,0,0,1,0,0,0,1
47.984,1,1,6,2023,11,14,1,4,0,1,47.984,3.8914937141756534,0,0,1,0,1,0,0,0,0,0,1
152.916,2,2,4,2023,4,22,5,2,1,0,76.458,5.036406999053727,1,0,0,0,0,0,1,0,0,0,1
45.584,1,1,6,2023,9,20,2,3,0,0,45.584,3.841257134534819,1,0,0,0,0,0,1,0,0,0,1
88.96,1,1,6,2023,1,17,1,1,0,0,88.96,4.499365127091115,1,0,0,0,0,1,0,0,0,0,1
435.53999999999996,2,2,3,2023,12,27,2,4,0,1,217.76999999999998,6.078880009110931,1,0,0,1,0,0,0,1,0,0,0
21.36,1,1,6,2023,9,8,4,3,0,0,21.36,3.1072736482868986,0,1,0,0,0,1,0,0,0,0,1
141.96,1,1,2,2023,11,19,6,4,1,1,141.96,4.962564870851173,0,0,1,0,0,0,1,0,0,1,0
288.0,1,1,4,2023,10,5,3,4,0,0,288.0,5.666426688112432,1,0,0,0,1,0,0,0,0,0,1
7.104,1,1,5,2023,3,5,6,1,1,0,7.104,2.092357766946382,1,0,0,1,0,0,0,0,0,0,1
49.400000000000006,2,1,5,2023,4,27,3,2,0,0,24.700000000000003,3.919991175077323,0,0,1,0,0,0,1,0,0,0,1
122.62199999999999,2,2,0,2023,9,25,0,3,0,0,61.31099999999999,4.81722852271213,1,0,0,0,1,0,0,0,1,0,0
22.848,1,1,4,2023,7,4,1,3,0,0,22.848,3.17170035637577,0,0,1,0,0,0,1,0,0,1,0
77.88,1,1,0,2023,10,17,1,4,0,0,77.88,4.36792771029438,1,0,0,0,0,0,1,0,1,0,0
286.79,1,1,3,2023,2,20,0,1,0,0,286.79,5.662231047497966,1,0,0,0,1,0,0,0,0,1,0
6.68,1,1,5,2023,1,17,1,1,0,0,6.68,2.038619547159581,0,1,0,0,1,0,0,0,0,0,1
313.626,2,2,5,2023,10,25,2,4,0,0,156.813,5.751384631837397,1,0,0,0,0,0,1,0,0,0,1
94.688,3,2,7,2023,12,18,0,4,0,1,31.56266666666667,4.561092898747163,0,1,0,0,0,1,0,0,0,0,1
17.496,1,1,0,2023,11,13,0,4,0,1,17.496,2.917554492489967,1,0,0,1,0,0,0,0,1,0,0
84.61,2,2,4,2023,3,5,6,1,1,0,42.305,4.449802098754394,1,0,0,1,0,0,0,0,0,0,1
15.7,1,1,2,2023,11,12,6,4,1,1,15.7,2.8154087194227095,0,1,0,0,0,0,1,1,0,0,0
58.72,1,1,1,2023,3,1,2,1,0,0,58.72,4.089666972670989,1,0,0,0,0,1,0,0,0,1,0
1423.34,2,2,4,2023,9,24,6,3,1,0,711.67,7.261463827517266,0,0,1,1,0,0,0,0,0,0,1
1011.696,2,2,6,2023,8,1,1,3,0,0,505.848,6.92037136049337,0,0,1,0,0,0,1,0,0,0,1
568.86,4,1,5,2023,11,24,4,4,0,1,142.215,6.345390716625441,1,0,0,0,0,0,1,0,0,0,1
1217.568,1,1,5,2023,6,22,3,2,0,0,1217.568,7.105431677827391,1,0,0,0,1,0,0,0,0,0,1
169.54399999999998,2,2,4,2023,5,20,5,2,1,0,84.77199999999999,5.138993327946781,1,0,0,0,0,1,0,0,0,0,1
1166.92,1,1,2,2023,3,29,2,1,0,0,1166.92,7.0629796678917245,0,0,1,0,0,1,0,0,0,1,0
17.12,1,1,5,2023,12,22,4,4,0,1,17.12,2.8970163006148333,0,0,1,1,0,0,0,0,0,0,1
5.16,1,1,5,2023,7,9,6,3,1,0,5.16,1.8180767775454285,1,0,0,0,0,1,0,0,0,0,1
255.58,4,3,7,2023,12,25,0,4,0,1,63.895,5.547440506821194,0,1,0,1,0,0,0,0,0,0,1
37.68,1,1,2,2023,9,20,2,3,0,0,37.68,3.6553226705850936,1,0,0,0,1,0,0,1,0,0,0
173.94,1,1,5,2023,12,6,2,4,0,1,173.94,5.164443057991709,1,0,0,0,0,1,0,0,0,1,0
265.86,1,1,5,2023,9,11,0,3,0,0,265.86,5.5867241763142745,0,1,0,0,0,0,1,0,0,0,1
330.15,2,1,5,2023,4,25,1,2,0,0,165.075,5.802571444930988,1,0,0,1,0,0,0,0,0,0,1
85.9,1,1,4,2023,3,16,3,1,0,0,85.9,4.464758032271346,0,1,0,0,1,0,0,0,0,0,1
55.48,1,1,4,2023,12,20,2,4,0,1,55.48,4.033886593184986,0,1,0,0,1,0,0,0,0,0,1
51.98,1,1,4,2023,6,18,6,2,1,0,51.98,3.9699144838439238,1,0,0,0,0,0,1,0,0,0,1
1349.63,4,3,5,2023,12,21,3,4,0,1,337.4075,7.208326429244118,0,0,1,1,0,0,0,0,0,1,0
457.03999999999996,2,2,4,2023,7,25,1,3,0,0,228.51999999999998,6.126956516545139,0,1,0,0,0,1,0,0,0,0,1
974.9000000000001,3,1,4,2023,2,15,2,1,0,0,324.9666666666667,6.883360122147415,0,1,0,1,0,0,0,0,0,0,1
56.3,1,1,1,2023,11,29,2,4,0,1,56.3,4.048300623720694,0,0,1,0,0,0,1,1,0,0,0
348.928,1,1,4,2023,12,12,1,4,0,1,348.928,5.857727419035659,1,0,0,0,0,0,1,0,0,0,1
860.07,2,1,3,2023,11,14,1,4,0,1,430.035,6.758175801936007,0,1,0,0,0,1,0,1,0,0,0
22.288,2,2,4,2023,12,20,2,4,0,1,11.144,3.147938206443322,1,0,0,0,0,0,1,0,0,0,1
637.27,3,2,4,2023,8,21,0,3,0,0,212.42333333333332,6.458761391314151,0,1,0,0,1,0,0,0,0,0,1
119.9,1,1,4,2023,11,8,2,4,0,1,119.9,4.794963757620747,1,0,0,0,0,0,1,0,0,0,1
25.869999999999997,2,1,4,2023,2,25,5,1,1,0,12.934999999999999,3.2910104226273997,1,0,0,0,1,0,0,0,0,0,1
186.69,1,1,5,2023,5,23,1,2,0,0,186.69,5.234791665668158,0,1,0,0,0,1,0,0,0,0,1
1099.96,1,1,5,2023,7,4,1,3,0,0,1099.96,7.00393780545417,1,0,0,1,0,0,0,0,0,0,1
61.584,1,1,5,2023,1,5,3,1,0,0,61.584,4.136509654382779,0,0,1,0,0,0,1,0,0,0,1
79.9,1,1,5,2023,11,10,4,4,0,1,79.9,4.393213824064446,1,0,0,0,0,0,1,0,0,0,1
106.08000000000001,3,2,6,2023,6,13,1,2,0,0,35.36000000000001,4.673576218652152,0,0,1,0,1,0,0,0,0,0,1
78.456,3,2,0,2023,10,23,0,4,0,0,26.152,4.375203409325756,1,0,0,0,0,1,0,0,1,0,0
16.776,1,1,6,2023,3,15,2,1,0,0,16.776,2.8778492328972742,0,1,0,0,0,0,1,0,0,0,1
7.92,1,1,2,2023,12,27,2,4,0,1,7.92,2.188295946591918,0,1,0,0,0,0,1,0,0,1,0
2572.5,5,2,4,2023,4,17,0,2,0,0,514.5,7.85302211909281,1,0,0,0,0,0,1,0,0,0,1
226.13,3,3,1,2023,7,30,6,3,1,0,75.37666666666667,5.425522540783325,1,0,0,0,0,0,1,1,0,0,0
4.608,1,1,5,2023,8,9,2,3,0,0,4.608,1.724194149732289,0,1,0,0,0,1,0,0,0,0,1
54.17,3,1,4,2023,12,12,1,4,0,1,18.05666666666667,4.01041932728434,1,0,0,0,0,0,1,0,0,1,0
1635.018,2,1,3,2023,12,4,0,4,0,1,817.509,7.400020519547153,1,0,0,0,0,1,0,0,0,1,0
48.81,1,1,4,2023,5,9,1,2,0,0,48.81,3.908215767085192,1,0,0,0,0,1,0,0,0,0,1
206.328,2,2,0,2023,12,11,0,4,0,1,103.164,5.3343020802675465,1,0,0,1,0,0,0,0,1,0,0
85.848,2,1,6,2023,9,20,2,3,0,0,42.924,4.464159464212404,0,1,0,0,1,0,0,0,0,0,1
999.98,1,1,2,2023,12,6,2,4,0,1,999.98,6.908734799095638,0,0,1,1,0,0,0,0,0,1,0
15.696,1,1,4,2023,12,8,4,4,0,1,15.696,2.8151691697748995,0,1,0,0,0,0,1,0,0,0,1
174.304,2,1,4,2023,10,26,3,4,0,0,87.152,5.166521609693103,0,1,0,0,0,0,1,0,0,1,0
7.56,1,1,2,2023,5,31,2,2,0,0,7.56,2.1471001901536506,0,0,1,0,1,0,0,0,0,1,0
177.48,1,1,5,2023,11,30,3,4,0,1,177.48,5.184476550124277,1,0,0,0,0,1,0,0,0,0,1
183.4,3,2,3,2023,9,25,0,3,0,0,61.13333333333333,5.2171073111224935,0,0,1,0,1,0,0,0,0,1,0
18.416,2,2,5,2023,12,31,6,4,1,1,9.208,2.9660974684243,1,0,0,1,0,0,0,0,0,0,1
44.46,1,1,4,2023,12,5,1,4,0,1,44.46,3.8168328184243974,0,1,0,0,0,0,1,0,0,0,1
1558.4199999999998,3,2,7,2023,2,6,0,1,0,0,519.4733333333332,7.352069236238938,1,0,0,0,1,0,0,0,0,0,1
63.14,3,1,4,2023,9,25,0,3,0,0,21.046666666666667,4.161068194265009,1,0,0,0,1,0,0,0,0,0,1
19.65,1,1,6,2023,11,20,0,4,0,1,19.65,3.027715319407042,1,0,0,0,1,0,0,0,0,0,1
572.8,1,1,3,2023,10,1,6,4,1,0,572.8,6.352280903547264,1,0,0,0,0,0,1,1,0,0,0
3.592,1,1,5,2023,10,24,1,4,0,0,3.592,1.5243156590172653,0,0,1,1,0,0,0,0,0,0,1
670.001,3,2,2,2023,6,18,6,2,1,0,223.33366666666666,6.508770627283537,0,1,0,0,0,1,0,1,0,0,0
465.18,1,1,6,2023,1,12,3,1,0,0,465.18,6.144571825638524,0,1,0,0,1,0,0,0,0,0,1
184.66,1,1,2,2023,12,3,6,4,1,1,184.66,5.223917043971786,0,0,1,0,1,0,0,0,0,1,0
35.88,1,1,4,2023,2,16,3,1,0,0,35.88,3.607669398688393,0,1,0,0,1,0,0,0,0,0,1
8.28,1,1,5,2023,11,28,1,4,0,1,8.28,2.2278615467981093,0,0,1,0,0,0,1,0,0,0,1
34.02,1,1,3,2023,12,9,5,4,1,1,34.02,3.555919326857706,0,1,0,1,0,0,0,1,0,0,0
1941.81,2,1,5,2023,12,19,1,4,0,1,970.905,7.571890657668555,1,0,0,0,0,0,1,0,0,0,1
151.96,1,1,5,2023,11,28,1,4,0,1,151.96,5.030176449303092,1,0,0,1,0,0,0,0,0,0,1
456.193,2,2,1,2023,12,22,4,4,0,1,228.0965,6.125105621217271,0,1,0,0,1,0,0,1,0,0,0
1305.81,5,2,4,2023,7,2,6,3,1,0,261.162,7.175344331978016,1,0,0,1,0,0,0,0,0,0,1
52.248000000000005,3,1,4,2023,6,7,2,2,0,0,17.416,3.9749602451987434,0,0,1,0,1,0,0,0,0,0,1
7.968,1,1,5,2023,4,29,5,2,1,0,7.968,2.193662685769859,0,0,1,0,1,0,0,0,0,1,0
808.6659999999999,4,2,2,2023,12,13,2,4,0,1,202.16649999999998,6.696621816949615,1,0,0,0,0,0,1,1,0,0,0
555.96,1,1,4,2023,8,31,3,3,0,0,555.96,6.322493424063129,0,0,1,0,0,0,1,0,0,0,1
162.072,3,2,4,2023,3,22,2,1,0,0,54.024,5.094191821069589,1,0,0,1,0,0,0,0,0,0,1
136.92,1,1,1,2023,2,3,4,1,0,0,136.92,4.926673806915383,0,1,0,0,0,0,1,1,0,0,0
36.27,1,1,6,2023,12,20,2,4,0,1,36.27,3.618188713491167,1,0,0,0,0,1,0,0,0,0,1
17.088,1,1,3,2023,11,30,3,4,0,1,17.088,2.895248734975669,0,1,0,0,0,1,0,1,0,0,0
319.984,1,1,4,2023,6,20,1,2,0,0,319.984,5.771391277650991,0,0,1,0,1,0,0,0,0,1,0
3631.96,9,3,5,2023,9,21,3,3,0,0,403.55111111111114,8.197803021976169,1,0,0,0,0,1,0,0,0,0,1
65.856,2,1,5,2023,12,24,6,4,1,1,32.928,4.202541052699135,1,0,0,0,0,0,1,0,0,0,1
1109.95,2,1,5,2023,6,4,6,2,1,0,554.975,7.0129707841264475,1,0,0,0,0,0,1,0,0,1,0
11.352,1,1,0,2023,11,9,3,4,0,1,11.352,2.5138179932824203,1,0,0,0,1,0,0,0,1,0,0
714.3,1,1,4,2023,11,10,4,4,0,1,714.3,6.572702035114338,0,1,0,1,0,0,0,0,0,1,0
143.51999999999998,2,1,5,2023,1,5,3,1,0,0,71.75999999999999,4.9734179062794395,0,0,1,0,0,0,1,0,0,0,1
22.2,1,1,7,2023,12,26,1,4,0,1,22.2,3.144152278672264,1,0,0,0,1,0,0,0,0,0,1
17.12,1,1,5,2023,12,20,2,4,0,1,17.12,2.8970163006148333,1,0,0,0,0,0,1,0,0,1,0
599.99,1,1,5,2023,11,26,6,4,1,1,599.99,6.398578295461671,0,1,0,1,0,0,0,0,0,0,1
38.519999999999996,2,1,4,2023,5,12,4,2,0,0,19.259999999999998,3.676806872879667,1,0,0,0,0,0,1,0,0,0,1
5.76,1,1,3,2023,7,18,1,3,0,0,5.76,1.9110228900548727,0,1,0,0,1,0,0,1,0,0,0
68.62,1,1,4,2023,9,25,0,3,0,0,68.62,4.243051882383293,1,0,0,0,1,0,0,0,0,0,1
209.67,1,1,5,2023,10,12,3,4,0,0,209.67,5.350292928138379,1,0,0,0,1,0,0,0,0,1,0
134.376,1,1,3,2023,9,4,0,3,0,0,134.376,4.908056092182145,0,1,0,1,0,0,0,0,0,1,0
6.24,1,1,4,2023,11,27,0,4,0,1,6.24,1.979621206397625,0,0,1,0,0,1,0,0,0,0,1
1910.7,2,2,5,2023,10,19,3,4,0,0,955.35,7.555748177534973,0,0,1,0,0,0,1,0,0,0,1
19.44,1,1,5,2023,3,8,2,1,0,0,19.44,3.017493765335504,0,1,0,0,1,0,0,0,0,0,1
2621.322,1,1,2,2023,11,2,3,4,0,1,2621.322,7.871815463801025,0,0,1,0,1,0,0,1,0,0,0
1238.33,6,2,5,2023,7,20,3,3,0,0,206.38833333333332,7.122326189991588,1,0,0,1,0,0,0,0,0,1,0
7.24,1,1,4,2023,9,6,2,3,0,0,7.24,2.1090003439213802,0,1,0,0,0,1,0,0,0,0,1
2.946,1,1,0,2023,9,25,0,3,0,0,2.946,1.3727024076004237,1,0,0,0,1,0,0,0,1,0,0
27.216,1,1,2,2023,8,6,6,3,1,0,27.216,3.339889192933751,0,1,0,1,0,0,0,1,0,0,0
13.848,1,1,3,2023,5,3,2,2,0,0,13.848,2.697865176043845,0,0,1,0,0,0,1,1,0,0,0
77.55,1,1,3,2023,10,5,3,4,0,0,77.55,4.36373536470163,0,1,0,0,1,0,0,0,0,1,0
11.76,1,1,7,2023,6,1,3,2,0,0,11.76,2.546315277916644,0,0,1,0,0,0,1,0,0,0,1
239.204,6,2,5,2023,4,16,6,2,1,0,39.867333333333335,5.481488562296569,0,1,0,0,1,0,0,0,0,0,1
140.736,1,1,2,2023,9,7,3,3,0,0,140.736,4.953966172298136,0,1,0,0,0,1,0,0,0,1,0
892.224,1,1,6,2023,4,5,2,2,0,0,892.224,6.7948373892870615,0,1,0,0,0,0,1,0,0,0,1
170.352,1,1,5,2023,7,6,3,3,0,0,170.352,5.1437199202688415,1,0,0,0,0,0,1,0,0,0,1
130.4,2,2,5,2023,11,28,1,4,0,1,65.2,4.8782461060505105,0,1,0,0,1,0,0,0,0,0,1
794.5740000000001,4,2,6,2023,12,4,0,4,0,1,198.64350000000002,6.679063866707261,1,0,0,0,1,0,0,0,0,0,1
479.988,1,1,4,2023,11,20,0,4,0,1,479.988,6.175842321769606,0,1,0,1,0,0,0,0,0,0,1
3.008,1,1,2,2023,12,21,3,4,0,1,3.008,1.3882923637825637,0,1,0,0,1,0,0,0,0,1,0
50.912,2,1,2,2023,9,24,6,3,1,0,25.456,3.9495499773188674,1,0,0,0,0,0,1,0,0,1,0
277.632,3,2,4,2023,5,1,0,2,0,0,92.544,5.629891914764157,0,1,0,0,0,1,0,0,0,0,1
1448.82,1,1,2,2023,11,3,4,4,0,1,1448.82,7.279194689777835,0,1,0,0,1,0,0,1,0,0,0
68.28,2,1,3,2023,9,8,4,3,0,0,34.14,4.2381562642541795,1,0,0,0,0,0,1,1,0,0,0
323.1,1,1,4,2023,8,15,1,3,0,0,323.1,5.781052110147502,0,1,0,0,0,0,1,0,0,0,1
77.06,2,1,3,2023,11,22,2,4,0,1,38.53,4.3574777617524685,0,0,1,0,1,0,0,0,0,1,0
104.51,4,2,6,2023,10,28,5,4,1,0,26.1275,4.658805735154001,1,0,0,0,0,1,0,0,0,0,1
4.98,1,1,3,2023,12,16,5,4,1,1,4.98,1.7884205679625405,1,0,0,0,0,0,1,1,0,0,0
14.592,1,1,6,2023,5,12,4,2,0,0,14.592,2.7467579622052596,1,0,0,0,0,0,1,0,0,0,1
89.86,3,1,6,2023,9,5,1,3,0,0,29.953333333333333,4.509319860331257,0,0,1,1,0,0,0,0,0,0,1
50.461999999999996,3,1,4,2023,10,9,0,4,0,0,16.820666666666664,3.9408436712363395,1,0,0,0,0,1,0,0,0,0,1
2541.98,1,1,6,2023,2,21,1,1,0,0,2541.98,7.841091900664492,1,0,0,0,1,0,0,0,0,0,1
715.2,1,1,2,2023,11,7,1,4,0,1,715.2,6.5739594575643325,1,0,0,0,1,0,0,0,0,1,0
498.492,2,2,5,2023,6,28,2,2,0,0,249.246,6.213591581944335,0,1,0,0,1,0,0,0,0,1,0
304.22400000000005,3,1,6,2023,11,12,6,4,1,1,101.40800000000002,5.721045933277949,0,1,0,1,0,0,0,0,0,0,1
646.6300000000001,3,2,7,2023,8,9,2,3,0,0,215.54333333333338,6.473319545622424,0,1,0,1,0,0,0,0,0,0,1
40.92,1,1,4,2023,11,17,4,4,0,1,40.92,3.735763040012787,1,0,0,1,0,0,0,0,0,1,0
11.96,1,1,7,2023,3,19,6,1,1,0,11.96,2.561867690924129,0,1,0,0,0,0,1,0,0,0,1
671.002,6,3,5,2023,11,7,1,4,0,1,111.83366666666666,6.5102613167091965,1,0,0,1,0,0,0,0,0,0,1
520.03,2,2,2,2023,8,7,0,3,0,0,260.015,6.255807621669508,0,1,0,0,0,1,0,0,0,1,0
15.984,1,1,2,2023,3,22,2,1,0,0,15.984,2.8322717244009548,1,0,0,0,0,0,1,1,0,0,0
688.46,2,1,4,2023,3,14,1,1,0,0,344.23,6.535908682497597,1,0,0,0,1,0,0,0,0,0,1
228.92,1,1,5,2023,6,19,0,2,0,0,228.92,5.437731422330715,0,0,1,1,0,0,0,0,0,0,1
29.79,1,1,4,2023,11,27,0,4,0,1,29.79,3.427189961936409,1,0,0,0,1,0,0,0,0,0,1
3.304,1,1,4,2023,8,7,0,3,0,0,3.304,1.4595448228594832,0,1,0,0,0,0,1,0,0,0,1
151.96,1,1,4,2023,5,30,1,2,0,0,151.96,5.030176449303092,0,0,1,0,0,1,0,0,0,0,1
377.902,4,2,7,2023,11,20,0,4,0,1,94.4755,5.937277596448206,1,0,0,0,0,1,0,0,0,0,1
145.504,2,2,4,2023,6,8,3,2,0,0,72.752,4.987052731838648,1,0,0,1,0,0,0,0,0,0,1
654.7719999999999,5,3,5,2023,9,7,3,3,0,0,130.9544,6.485813167555165,0,1,0,0,1,0,0,0,0,0,1
73.776,2,2,5,2023,7,5,2,3,0,0,36.888,4.314496977880283,1,0,0,0,1,0,0,0,0,0,1
239.7,1,1,6,2023,7,31,0,3,0,0,239.7,5.483551344789026,0,1,0,0,0,1,0,0,0,0,1
70.212,2,1,5,2023,11,8,2,4,0,1,35.106,4.265661343542616,1,0,0,0,1,0,0,0,0,0,1
45.28,1,1,2,2023,11,28,1,4,0,1,45.28,3.834709902325476,1,0,0,0,0,0,1,1,0,0,0
523.25,1,1,6,2023,11,16,3,4,0,1,523.25,6.261968669782029,0,0,1,0,1,0,0,0,0,0,1
225.576,1,1,4,2023,6,15,3,2,0,0,225.576,5.423080429480703,0,1,0,0,0,0,1,0,0,0,1
24.56,1,1,2,2023,10,20,4,4,0,0,24.56,3.241028629509334,1,0,0,0,1,0,0,1,0,0,0
2803.92,1,1,2,2023,1,27,4,1,0,0,2803.92,7.939130297050971,1,0,0,0,0,0,1,1,0,0,0
16.64,2,1,0,2023,6,4,6,2,1,0,8.32,2.8701690505786455,1,0,0,0,0,0,1,0,1,0,0
2562.171,9,3,0,2023,10,31,1,4,0,0,284.68566666666663,7.849000442827514,1,0,0,0,0,0,1,0,1,0,0
801.988,3,2,2,2023,12,7,3,4,0,1,267.32933333333335,6.6883397698749505,1,0,0,0,1,0,0,1,0,0,0
189.99,2,1,4,2023,9,11,0,3,0,0,94.995,5.252221070655064,1,0,0,0,0,0,1,0,0,0,1
384.85999999999996,2,1,4,2023,12,27,2,4,0,1,192.42999999999998,5.955474609374827,0,0,1,0,1,0,0,0,0,0,1
1117.92,1,1,7,2023,5,14,6,2,1,0,1117.92,7.02011921335229,1,0,0,0,0,0,1,0,0,0,1
47.976,1,1,3,2023,12,21,3,4,0,1,47.976,3.8913303822030567,1,0,0,0,0,1,0,1,0,0,0
10.86,1,1,4,2023,5,18,3,2,0,0,10.86,2.4731713935695794,0,1,0,0,0,0,1,0,0,0,1
1142.43,7,2,5,2023,8,23,2,3,0,0,163.20428571428573,7.0417877960228425,1,0,0,0,0,1,0,0,0,0,1
117.882,1,1,3,2023,6,29,3,2,0,0,117.882,4.778131404515685,1,0,0,0,1,0,0,1,0,0,0
29.304,1,1,2,2023,3,20,0,1,0,0,29.304,3.4112797170036675,1,0,0,0,0,0,1,0,0,1,0
139.424,1,1,5,2023,10,1,6,4,1,0,139.424,4.944666417154044,0,1,0,0,0,0,1,0,0,0,1
1203.441,2,2,4,2023,8,28,0,3,0,0,601.7205,7.093770837874731,0,1,0,1,0,0,0,0,0,0,1
14.832,1,1,1,2023,12,6,2,4,0,1,14.832,2.7620332083002648,0,0,1,0,1,0,0,1,0,0,0
492.584,2,2,5,2023,9,12,1,3,0,0,246.292,6.2016930571549445,1,0,0,0,1,0,0,0,0,0,1
48.5,2,1,3,2023,4,7,4,2,0,0,24.25,3.9019726695746444,1,0,0,0,1,0,0,1,0,0,0
971.88,1,1,4,2023,6,26,0,2,0,0,971.88,6.880260744672744,1,0,0,1,0,0,0,0,0,0,1
17.94,1,1,5,2023,5,15,0,2,0,0,17.94,2.9412760877579323,0,1,0,0,0,1,0,0,0,1,0
31.08,1,1,7,2023,11,19,6,4,1,1,31.08,3.4682327829983137,0,1,0,0,0,0,1,0,0,0,1
1522.638,1,1,5,2023,6,5,0,2,0,0,1522.638,7.328856175222807,0,1,0,0,1,0,0,0,0,0,1
692.472,1,1,4,2023,11,26,6,4,1,1,692.472,6.54171086402992,0,1,0,0,0,1,0,0,0,0,1
1636.356,8,3,5,2023,4,5,2,2,0,0,204.5445,7.400838024711255,0,0,1,0,1,0,0,0,0,0,1
175.29,3,1,2,2023,9,27,2,3,0,0,58.43,5.172130366297652,0,0,1,0,0,0,1,0,0,1,0
6.208,1,1,4,2023,6,16,4,2,0,0,6.208,1.9751915203060368,1,0,0,0,1,0,0,0,0,0,1
56.80799999999999,2,2,4,2023,3,26,6,1,1,0,28.403999999999996,4.057127174405284,1,0,0,0,1,0,0,0,0,1,0
19.44,1,1,5,2023,3,14,1,1,0,0,19.44,3.017493765335504,1,0,0,0,0,0,1,0,0,0,1
31.12,1,1,5,2023,9,16,5,3,1,0,31.12,3.469478889078561,1,0,0,0,0,1,0,0,0,0,1
52.98,3,2,5,2023,9,18,0,3,0,0,17.66,3.9886136075898584,0,1,0,0,0,0,1,0,0,0,1
392.94,1,1,5,2023,10,4,2,4,0,0,392.94,5.976198613437549,0,1,0,0,0,1,0,0,0,1,0
14.94,1,1,5,2023,9,10,6,3,1,0,14.94,2.768831673362069,1,0,0,1,0,0,0,0,0,0,1
738.899,4,2,4,2023,11,2,3,4,0,1,184.72475,6.606513690396601,1,0,0,0,0,0,1,0,0,0,1
12.39,1,1,5,2023,5,29,0,2,0,0,12.39,2.5945081597030812,1,0,0,1,0,0,0,0,0,0,1
58.05,2,1,5,2023,11,22,2,4,0,1,29.025,4.078384542643371,1,0,0,0,0,1,0,0,0,0,1
220.31,2,2,6,2023,9,21,3,3,0,0,110.155,5.39956443356432,0,1,0,1,0,0,0,0,0,0,1
145.9,1,1,4,2023,10,8,6,4,1,0,145.9,4.989752083179832,1,0,0,0,0,0,1,0,0,0,1
158.672,3,2,0,2023,8,8,1,3,0,0,52.89066666666667,5.073121711107696,1,0,0,0,0,0,1,0,1,0,0
7.78,1,1,5,2023,12,6,2,4,0,1,7.78,2.172476407647025,1,0,0,0,0,0,1,0,0,0,1
769.332,3,2,2,2023,1,27,4,1,0,0,256.444,6.646821590752328,1,0,0,0,1,0,0,0,0,1,0
61.44,1,1,4,2023,9,22,4,3,0,0,61.44,4.134206095647231,0,1,0,0,0,0,1,0,0,1,0
12.832,1,1,5,2023,4,10,0,2,0,0,12.832,2.6269847483809894,0,1,0,0,0,0,1,0,0,0,1
31.782,3,2,0,2023,8,25,4,3,0,0,10.594,3.489879584267168,1,0,0,1,0,0,0,0,1,0,0
86.82,2,1,3,2023,9,28,3,3,0,0,43.41,4.475289265133571,0,1,0,0,0,0,1,1,0,0,0
26.976,1,1,4,2023,5,21,6,2,1,0,26.976,3.3313469997610747,0,1,0,0,0,0,1,0,0,0,1
7.152,1,1,2,2023,8,24,3,3,0,0,7.152,2.0982632959204235,1,0,0,0,0,0,1,1,0,0,0
627.924,6,3,3,2023,12,24,6,4,1,1,104.654,6.444010422691243,1,0,0,0,1,0,0,1,0,0,0
7.5,1,1,4,2023,9,3,6,3,1,0,7.5,2.1400661634962708,1,0,0,1,0,0,0,0,0,1,0
46.62,1,1,6,2023,9,6,2,3,0,0,46.62,3.8632528410587166,0,1,0,0,0,1,0,0,0,0,1
422.856,1,1,3,2023,8,13,6,3,1,0,422.856,6.049393774905618,1,0,0,0,1,0,0,1,0,0,0
9.82,1,1,2,2023,1,13,4,1,0,0,9.82,2.3813962734183356,0,1,0,0,0,1,0,0,0,1,0
9.952,1,1,4,2023,10,22,6,4,1,0,9.952,2.3935220879861476,1,0,0,0,0,1,0,0,0,1,0
29.99,1,1,5,2023,2,20,0,1,0,0,29.99,3.433664571799657,1,0,0,0,0,1,0,0,0,0,1
2339.84,2,2,5,2023,11,9,3,4,0,1,1169.92,7.758265118294841,0,0,1,0,1,0,0,0,0,0,1
328.54,3,1,5,2024,11,20,2,4,0,1,109.51333333333334,5.7976977426292855,0,1,0,1,0,0,0,0,0,0,1
24.784,1,1,5,2024,11,24,6,4,1,1,24.784,3.249754144513137,1,0,0,0,0,0,1,0,0,0,1
63.88,1,1,4,2024,12,13,4,4,0,1,63.88,4.1725394098071575,0,1,0,1,0,0,0,0,0,0,1
302.376,1,1,5,2024,12,31,1,4,0,1,302.376,5.714972960291848,1,0,0,0,0,0,1,0,0,0,1
475.694,5,1,4,2024,9,20,4,3,0,0,95.1388,6.166874775599158,0,1,0,0,0,0,1,0,0,0,1
4823.09,3,2,2,2024,6,24,0,2,0,0,1607.6966666666667,8.481377394949405,1,0,0,0,0,0,1,0,0,1,0
19.44,1,1,4,2024,12,15,6,4,1,1,19.44,3.017493765335504,0,0,1,0,0,1,0,0,0,0,1
43.46,2,2,7,2024,11,24,6,4,1,1,21.73,3.7945899085360506,0,0,1,0,0,0,1,0,0,0,1
641.98,2,2,5,2024,5,12,6,2,1,0,320.99,6.466113619554807,0,1,0,0,1,0,0,0,0,0,1
111.672,1,1,3,2024,11,1,4,4,0,1,111.672,4.724480942972642,0,1,0,1,0,0,0,1,0,0,0
718.95,2,1,6,2024,6,26,2,2,0,0,359.475,6.57918176515428,0,1,0,0,1,0,0,0,0,0,1
868.14,2,2,4,2024,9,24,1,3,0,0,434.07,6.767504217007487,0,1,0,0,0,0,1,0,0,0,1
215.65,1,1,4,2024,7,7,6,3,1,0,215.65,5.378283148185918,1,0,0,0,0,0,1,0,0,0,1
918.9659999999999,4,3,5,2024,2,5,0,1,0,0,229.74149999999997,6.824336712838438,1,0,0,0,0,0,1,0,0,0,1
279.67,5,2,7,2024,10,13,6,4,1,0,55.934000000000005,5.637179601988253,0,1,0,0,1,0,0,0,0,0,1
21.12,1,1,7,2024,12,25,2,4,0,1,21.12,3.096482176654134,0,1,0,0,1,0,0,0,0,0,1
93.02,1,1,5,2024,2,4,6,1,1,0,93.02,4.5435075255959845,0,1,0,0,0,0,1,0,0,0,1
35.010000000000005,2,1,7,2024,4,22,0,2,0,0,17.505000000000003,3.583796677660784,1,0,0,0,1,0,0,0,0,0,1
279.81,4,1,5,2024,11,13,2,4,0,1,69.9525,5.637678284053157,0,1,0,0,1,0,0,0,0,0,1
77.88,1,1,5,2024,7,17,2,3,0,0,77.88,4.36792771029438,0,1,0,0,0,0,1,0,0,0,1
29.0,1,1,0,2024,7,14,6,3,1,0,29.0,3.4011973816621555,1,0,0,0,0,1,0,0,1,0,0
16.56,1,1,6,2024,9,25,2,3,0,0,16.56,2.8656235882069705,1,0,0,0,0,0,1,0,0,0,1
56.82,1,1,3,2024,2,27,1,1,0,0,56.82,4.0573347365882,1,0,0,1,0,0,0,0,0,1,0
7.7,1,1,6,2024,7,2,1,3,0,0,7.7,2.1633230256605382,1,0,0,0,0,1,0,0,0,0,1
140.52,3,1,3,2024,5,1,2,2,0,0,46.84,4.95244104985153,1,0,0,0,0,1,0,0,0,1,0
1793.98,1,1,6,2024,12,18,2,4,0,1,1793.98,7.4927491587990245,0,1,0,0,1,0,0,0,0,0,1
36.48,1,1,7,2024,2,28,2,1,0,0,36.48,3.6238074573702215,0,1,0,0,1,0,0,0,0,0,1
34.38,2,1,4,2024,2,19,0,1,0,0,17.19,3.566146688731639,0,1,0,0,1,0,0,0,0,1,0
83.72,2,2,6,2024,12,24,1,4,0,1,41.86,4.439351701293151,1,0,0,0,0,0,1,0,0,0,1
1027.676,4,2,4,2024,10,3,3,4,0,0,256.919,6.936027817447795,0,0,1,0,0,0,1,0,0,0,1
117.958,2,1,2,2024,6,25,1,2,0,0,58.979,4.7787704896366625,1,0,0,1,0,0,0,0,0,1,0
10.528,1,1,5,2024,9,23,0,3,0,0,10.528,2.4447788586972212,0,0,1,0,1,0,0,0,0,1,0
1328.128,3,2,4,2024,5,27,0,2,0,0,442.7093333333333,7.192278367092751,1,0,0,1,0,0,0,0,0,0,1
34.58,1,1,5,2024,1,7,6,1,1,0,34.58,3.571783682237689,0,0,1,0,0,0,1,0,0,0,1
419.944,1,1,2,2024,7,14,6,3,1,0,419.944,6.042499808207807,1,0,0,1,0,0,0,0,0,1,0
448.792,3,1,1,2024,8,19,0,3,0,0,149.59733333333332,6.108785253684522,1,0,0,0,1,0,0,1,0,0,0
440.91,1,1,6,2024,6,24,0,2,0,0,440.91,6.091106241434848,1,0,0,1,0,0,0,0,0,0,1
1056.86,1,1,2,2024,12,9,0,4,0,1,1056.86,6.964003278520724,1,0,0,0,0,1,0,1,0,0,0
198.67000000000002,3,2,6,2024,6,26,2,2,0,0,66.22333333333334,5.296666003798807,0,1,0,0,1,0,0,0,0,0,1
16.74,1,1,5,2024,3,14,3,1,0,0,16.74,2.8758219768814333,0,1,0,1,0,0,0,0,0,0,1
1611.01,2,2,5,2024,9,11,2,3,0,0,805.505,7.385237126521278,1,0,0,0,0,1,0,0,0,0,1
170.88,1,1,3,2024,2,27,1,1,0,0,170.88,5.146796558906795,1,0,0,0,1,0,0,1,0,0,0
73.2,1,1,1,2024,7,24,2,3,0,0,73.2,4.3067641501733345,1,0,0,0,0,1,0,1,0,0,0
313.84,3,1,4,2024,7,18,3,3,0,0,104.61333333333333,5.752064573274249,0,0,1,0,1,0,0,0,0,0,1
17.184,1,1,3,2024,12,27,4,4,0,1,17.184,2.9005420865502423,0,0,1,0,1,0,0,1,0,0,0
9.84,1,1,6,2024,12,13,4,4,0,1,9.84,2.3832429960115,1,0,0,0,0,0,1,0,0,0,1
569.9019999999999,2,2,1,2024,7,2,1,3,0,0,284.95099999999996,6.3472175662045744,0,1,0,1,0,0,0,1,0,0,0
53.370000000000005,2,1,4,2024,9,19,3,3,0,0,26.685000000000002,3.995812531157829,0,0,1,0,1,0,0,0,0,1,0
754.212,2,2,3,2024,9,6,4,3,0,0,377.106,6.626998504535558,1,0,0,0,1,0,0,0,0,1,0
15.712,1,1,4,2024,7,25,3,3,0,0,15.712,2.8161270242542646,0,1,0,1,0,0,0,0,0,0,1
274.856,3,2,0,2024,7,4,3,3,0,0,91.61866666666667,5.619878990433495,0,0,1,0,0,0,1,0,1,0,0
14.112,1,1,4,2024,11,11,0,4,0,1,14.112,2.7154891301992086,1,0,0,1,0,0,0,0,0,0,1
9.514,2,1,4,2024,6,7,4,2,0,0,4.757,2.3527077023972565,0,0,1,0,0,0,1,0,0,0,1
25.584,1,1,4,2024,12,22,6,4,1,1,25.584,3.280309531052293,1,0,0,0,1,0,0,0,0,0,1
595.0,1,1,4,2024,11,18,0,4,0,1,595.0,6.39024066706535,1,0,0,0,0,0,1,0,0,0,1
310.86,3,1,7,2024,9,8,6,3,1,0,103.62,5.742554369156739,1,0,0,0,0,0,1,0,0,0,1
487.5,5,3,3,2024,6,12,2,2,0,0,97.5,6.191339471482838,1,0,0,0,1,0,0,1,0,0,0
95.76,1,1,7,2024,7,12,4,3,0,0,95.76,4.572233685741827,0,1,0,0,0,0,1,0,0,0,1
38.08,1,1,4,2024,10,3,3,4,0,0,38.08,3.6656108271745818,0,1,0,1,0,0,0,0,0,0,1
61.70399999999999,2,1,7,2024,4,1,0,2,0,0,30.851999999999997,4.138425241457275,0,1,0,0,0,0,1,0,0,0,1
4406.072,4,2,5,2024,3,3,6,1,1,0,1101.518,8.390965802353186,1,0,0,1,0,0,0,0,0,0,1
248.82,2,2,2,2024,8,3,5,3,1,0,124.41,5.520740658537763,1,0,0,1,0,0,0,0,0,1,0
2503.47,3,2,4,2024,7,25,3,3,0,0,834.4899999999999,7.825832414287119,1,0,0,0,0,1,0,0,0,0,1
447.783,2,2,6,2024,11,27,2,4,0,1,223.8915,6.1065394747031885,1,0,0,0,0,1,0,0,0,0,1
36.648,3,1,4,2024,5,2,3,2,0,0,12.216000000000001,3.6282798319850067,1,0,0,1,0,0,0,0,0,0,1
198.84,2,1,4,2024,6,12,2,2,0,0,99.42,5.297517046377267,0,1,0,0,0,0,1,0,0,0,1
23.04,1,1,4,2024,12,1,6,4,1,1,23.04,3.1797191096670065,0,1,0,0,0,0,1,0,0,0,1
129.976,2,1,6,2024,4,8,0,2,0,0,64.988,4.8750141003099925,0,0,1,0,1,0,0,0,0,0,1
123.92,1,1,0,2024,7,3,2,3,0,0,123.92,4.827673532414877,0,1,0,0,1,0,0,0,1,0,0
7.16,1,1,4,2024,11,28,3,4,0,1,7.16,2.0992441689760155,1,0,0,0,1,0,0,0,0,0,1
2445.602,2,1,5,2024,12,25,2,4,0,1,1222.801,7.8024554020734485,1,0,0,0,0,0,1,0,0,0,1
1604.73,2,2,5,2024,1,3,2,1,0,0,802.365,7.38133376082135,0,1,0,1,0,0,0,0,0,0,1
1363.96,1,1,0,2024,5,20,0,2,0,0,1363.96,7.218880403160385,1,0,0,0,0,1,0,0,1,0,0
38.34,1,1,5,2024,8,6,1,3,0,0,38.34,3.672241812960913,1,0,0,0,1,0,0,0,0,0,1
15.528,1,1,4,2024,12,4,2,4,0,1,15.528,2.805055912377283,1,0,0,0,1,0,0,0,0,0,1
4.416,1,1,7,2024,11,24,6,4,1,1,4.416,1.689357535609974,0,0,1,0,1,0,0,0,0,0,1
3.62,1,1,5,2024,10,30,2,4,0,0,3.62,1.5303947050936475,1,0,0,0,0,0,1,0,0,0,1
115.84,1,1,4,2024,12,2,0,4,0,1,115.84,4.76080547751954,0,1,0,1,0,0,0,0,0,0,1
1800.168,2,2,5,2024,8,12,0,3,0,0,900.084,7.496190622335779,1,0,0,0,1,0,0,0,0,1,0
28.8,1,1,2,2024,4,16,1,2,0,0,28.8,3.3945083935113587,1,0,0,0,0,0,1,0,0,1,0
225.82799999999997,2,1,2,2024,11,10,6,4,1,1,112.91399999999999,5.424192021023558,0,1,0,0,0,0,1,1,0,0,0
165.13,2,1,1,2024,8,26,0,3,0,0,82.565,5.1127706143983875,1,0,0,0,0,0,1,1,0,0,0
270.728,2,2,4,2024,5,5,6,2,1,0,135.364,5.604801565962414,0,0,1,0,0,1,0,0,0,0,1
2374.73,10,3,5,2024,9,13,4,3,0,0,237.473,7.773060037661798,1,0,0,1,0,0,0,0,0,0,1
170.786,1,1,2,2024,12,30,0,4,0,1,170.786,5.146249516124883,1,0,0,0,1,0,0,1,0,0,0
61.1,1,1,6,2024,10,20,6,4,1,0,61.1,4.128745988939433,0,0,1,0,0,1,0,0,0,0,1
17.12,1,1,1,2024,6,19,2,2,0,0,17.12,2.8970163006148333,0,1,0,0,0,0,1,1,0,0,0
416.616,2,2,4,2024,2,16,4,1,0,0,208.308,6.034562350010705,1,0,0,0,1,0,0,0,0,0,1
1045.21,2,2,6,2024,12,11,2,4,0,1,522.605,6.952929389292665,0,1,0,0,1,0,0,0,0,0,1
33.4,1,1,6,2024,9,17,1,3,0,0,33.4,3.5380565643793527,0,1,0,1,0,0,0,0,0,0,1
99.39,1,1,7,2024,11,15,4,4,0,1,99.39,4.609062600703435,0,1,0,0,0,0,1,0,0,0,1
4.616,1,1,5,2024,9,18,2,3,0,0,4.616,1.72561966672351,1,0,0,0,1,0,0,0,0,0,1
523.92,1,1,4,2024,9,30,0,3,0,0,523.92,6.2632458700280855,1,0,0,0,1,0,0,0,0,0,1
281.916,2,2,3,2024,9,2,0,3,0,0,140.958,5.64515003379554,1,0,0,0,0,0,1,0,0,1,0
9.702,1,1,0,2024,3,8,4,1,0,0,9.702,2.370430639889113,1,0,0,0,0,0,1,0,1,0,0
7.152,1,1,3,2024,10,20,6,4,1,0,7.152,2.0982632959204235,1,0,0,0,1,0,0,1,0,0,0
72.294,1,1,2,2024,3,19,1,1,0,0,72.294,4.294478750153457,1,0,0,0,0,0,1,0,0,1,0
58.94,2,1,6,2024,7,7,6,3,1,0,29.47,4.0933440618885175,1,0,0,0,0,0,1,0,0,0,1
70.88,1,1,3,2024,2,19,0,1,0,0,70.88,4.274998061915358,1,0,0,0,0,0,1,0,0,1,0
1110.344,5,2,0,2024,5,8,2,2,0,0,222.0688,7.013325372676952,1,0,0,0,1,0,0,0,1,0,0
316.0,1,1,4,2024,1,17,2,1,0,0,316.0,5.75890177387728,0,1,0,0,0,1,0,0,0,0,1
10.496,1,1,2,2024,9,29,6,3,1,0,10.496,2.441999148776724,0,1,0,0,0,0,1,0,0,1,0
22.979999999999997,2,1,3,2024,9,23,0,3,0,0,11.489999999999998,3.177220149599368,0,1,0,0,0,0,1,1,0,0,0
107.83,2,2,0,2024,2,7,2,1,0,0,53.915,4.68978703170797,1,0,0,0,0,1,0,0,1,0,0
17.856,1,1,6,2024,11,26,1,4,0,1,17.856,2.93683116563383,1,0,0,1,0,0,0,0,0,0,1
1854.241,6,3,4,2024,9,2,0,3,0,0,309.04016666666666,7.5257698857402415,1,0,0,0,0,1,0,0,0,0,1
4104.174,4,2,4,2024,11,26,1,4,0,1,1026.0435,8.320003408320732,1,0,0,0,0,0,1,0,0,0,1
749.488,2,1,2,2024,6,17,0,2,0,0,374.744,6.620723661605246,1,0,0,0,0,0,1,1,0,0,0
2396.4,1,1,7,2024,5,21,1,2,0,0,2396.4,7.782140095772999,0,1,0,0,0,0,1,0,0,0,1
53.7,4,3,3,2024,6,14,4,2,0,0,13.425,4.001863709427935,0,0,1,0,0,0,1,1,0,0,0
1016.184,3,2,7,2024,8,8,3,3,0,0,338.728,6.924793303970854,0,0,1,0,0,0,1,0,0,0,1
9.648,1,1,4,2024,6,7,4,2,0,0,9.648,2.3653720810928105,0,0,1,0,1,0,0,0,0,0,1
58.58,1,1,3,2024,3,22,4,1,0,0,58.58,4.0873199472851365,0,1,0,0,0,0,1,1,0,0,0
1556.694,3,2,1,2024,7,28,6,3,1,0,518.898,7.3509618014923115,1,0,0,0,1,0,0,1,0,0,0
151.192,1,1,4,2024,11,20,2,4,0,1,151.192,5.025142881628262,1,0,0,1,0,0,0,0,0,0,1
859.2,1,1,4,2024,9,29,6,3,1,0,859.2,6.757164920349636,0,1,0,0,0,0,1,0,0,0,1
323.88,2,2,7,2024,2,16,4,1,0,0,161.94,5.783455883378043,1,0,0,0,0,1,0,0,0,0,1
5016.548999999999,3,2,7,2024,11,25,0,4,0,1,1672.1829999999998,8.520696846442439,1,0,0,0,1,0,0,0,0,0,1
303.92,2,1,1,2024,5,30,3,2,0,0,151.96,5.720049447120073,1,0,0,1,0,0,0,0,1,0,0
185.528,1,1,0,2024,5,14,1,2,0,0,185.528,5.22858136186314,0,1,0,0,0,0,1,0,1,0,0
105.52,1,1,3,2024,6,6,3,2,0,0,105.52,4.668332760945732,0,1,0,0,1,0,0,0,0,1,0
1.8,1,1,5,2024,12,19,3,4,0,1,1.8,1.0296194171811583,0,1,0,1,0,0,0,0,0,0,1
465.18,1,1,2,2024,12,5,3,4,0,1,465.18,6.144571825638524,1,0,0,0,1,0,0,0,0,1,0
2.694,1,1,4,2024,5,20,0,2,0,0,2.694,1.3067098817770482,1,0,0,0,0,1,0,0,0,0,1
106.336,2,2,6,2024,6,20,3,2,0,0,53.168,4.67596410128817,0,1,0,1,0,0,0,0,0,0,1
298.83,3,2,4,2024,9,29,6,3,1,0,99.61,5.703215647373298,1,0,0,0,0,1,0,0,0,0,1
61.12,1,1,0,2024,11,18,0,4,0,1,61.12,4.129067998280486,1,0,0,0,0,0,1,0,1,0,0
1.964,1,1,3,2024,9,30,0,3,0,0,1.964,1.0865397074338405,1,0,0,1,0,0,0,1,0,0,0
257.499,1,1,4,2024,4,17,2,2,0,0,257.499,5.554891825469047,1,0,0,0,0,0,1,0,0,0,1
130.328,2,2,4,2024,9,8,6,3,1,0,65.164,4.877698010668195,0,1,0,1,0,0,0,0,0,0,1
532.496,2,2,7,2024,9,24,1,3,0,0,266.248,6.279451573056718,0,0,1,0,0,0,1,0,0,0,1
727.8779999999999,2,1,6,2024,1,9,1,1,0,0,363.93899999999996,6.5915063654659365,0,1,0,0,0,0,1,0,0,0,1
104.696,1,1,4,2024,3,10,6,1,1,0,104.696,4.660567049208379,0,1,0,0,0,0,1,0,0,1,0
2620.9376,4,3,2,2024,9,8,6,3,1,0,655.2344,7.871668865413451,1,0,0,1,0,0,0,0,0,1,0
23.952,1,1,5,2024,4,22,0,2,0,0,23.952,3.216953979305502,0,0,1,1,0,0,0,0,0,0,1
88.704,2,1,6,2024,5,9,3,2,0,0,44.352,4.496515361158579,1,0,0,0,1,0,0,0,0,0,1
1127.976,1,1,3,2024,2,8,3,1,0,0,1127.976,7.029066306173491,0,0,1,0,0,1,0,0,0,1,0
561.73,7,1,5,2024,11,3,6,4,1,1,80.24714285714286,6.332799939395183,1,0,0,0,0,0,1,0,0,0,1
366.744,1,1,4,2024,5,2,3,2,0,0,366.744,5.90738704391677,1,0,0,1,0,0,0,0,0,0,1
31.36,1,1,2,2024,1,24,2,1,0,0,31.36,3.4769230921902907,0,1,0,0,0,1,0,0,0,1,0
13.568,1,1,5,2024,4,10,2,2,0,0,13.568,2.678827342425307,0,1,0,1,0,0,0,0,0,0,1
633.04,7,2,7,2024,4,19,4,2,0,0,90.4342857142857,6.4521120439296915,1,0,0,0,1,0,0,0,0,0,1
1284.8000000000002,2,2,2,2024,12,5,3,4,0,1,642.4000000000001,7.159136371707587,1,0,0,0,0,1,0,0,0,1,0
104.712,2,2,7,2024,9,22,6,3,1,0,52.356,4.66071841528753,0,1,0,0,0,1,0,0,0,0,1
100.164,3,2,5,2024,9,17,1,3,0,0,33.388,4.616742962340707,0,1,0,0,0,0,1,0,0,0,1
32.751,3,1,2,2024,11,20,2,4,0,1,10.917,3.51901004650922,1,0,0,0,1,0,0,1,0,0,0
499.303,5,2,7,2024,12,25,2,4,0,1,99.8606,6.21521391487834,0,1,0,0,0,0,1,0,0,0,1
1588.323,5,2,7,2024,4,22,0,2,0,0,317.6646,7.371063418378088,0,0,1,0,0,0,1,0,0,0,1
10.96,1,1,4,2024,5,12,6,2,1,0,10.96,2.481567748522486,0,1,0,0,0,1,0,0,0,0,1
84.84,1,1,4,2024,11,6,2,4,0,1,84.84,4.452485098322443,1,0,0,0,0,0,1,0,0,1,0
292.796,3,3,4,2024,7,14,6,3,1,0,97.59866666666666,5.682885648943216,1,0,0,0,0,0,1,0,0,0,1
74.0,2,2,5,2024,9,8,6,3,1,0,37.0,4.31748811353631,1,0,0,0,0,0,1,0,0,0,1
14.624,1,1,2,2024,9,9,0,3,0,0,14.624,2.748808193574378,1,0,0,0,1,0,0,1,0,0,0
359.976,1,1,4,2024,6,28,4,2,0,0,359.976,5.888811474128396,1,0,0,1,0,0,0,0,0,1,0
239.984,1,1,4,2024,9,18,2,3,0,0,239.984,5.484730541245245,1,0,0,0,0,0,1,0,0,0,1
158.81,4,2,4,2024,8,4,6,3,1,0,39.7025,5.073985609597018,0,0,1,0,0,1,0,0,0,0,1
82.8,1,1,2,2024,9,5,3,3,0,0,82.8,4.428433007488037,0,1,0,0,1,0,0,0,0,1,0
1366.04,2,1,2,2024,2,12,0,1,0,0,683.02,7.2204030974516655,1,0,0,0,0,1,0,1,0,0,0
1199.976,1,1,2,2024,4,7,6,2,1,0,1199.976,7.090889838533103,0,1,0,0,0,0,1,1,0,0,0
13.68,1,1,3,2024,9,23,0,3,0,0,13.68,2.6864860231863696,0,1,0,0,0,0,1,0,0,1,0
380.546,4,3,4,2024,11,20,2,4,0,1,95.1365,5.944231420126765,0,0,1,0,1,0,0,0,0,1,0
309.082,4,2,6,2024,3,6,2,1,0,0,77.2705,5.736836778630001,1,0,0,1,0,0,0,0,0,0,1
1179.822,2,1,5,2024,12,25,2,4,0,1,589.911,7.073966085108959,0,1,0,0,1,0,0,0,0,0,1
79.792,2,1,2,2024,6,5,2,2,0,0,39.896,4.391877950724256,1,0,0,0,0,0,1,1,0,0,0
7.56,1,1,6,2024,1,22,0,1,0,0,7.56,2.1471001901536506,1,0,0,0,1,0,0,0,0,0,1
21.48,1,1,2,2024,7,25,3,3,0,0,21.48,3.1126260250254902,1,0,0,0,0,0,1,0,0,1,0
54.96,1,1,3,2024,11,19,1,4,0,1,54.96,4.024637149797281,0,1,0,1,0,0,0,1,0,0,0
1384.924,3,2,4,2024,4,1,0,2,0,0,461.6413333333333,7.234122344191572,1,0,0,0,1,0,0,0,0,0,1
111.104,1,1,5,2024,2,28,2,1,0,0,111.104,4.719427011867917,1,0,0,0,1,0,0,0,0,0,1
115.136,1,1,3,2024,7,23,1,3,0,0,115.136,4.754761918159127,1,0,0,1,0,0,0,1,0,0,0
3.0,1,1,4,2024,9,18,2,3,0,0,3.0,1.3862943611198906,1,0,0,0,0,1,0,0,0,0,1
232.4,1,1,5,2024,9,17,1,3,0,0,232.4,5.452753719852455,1,0,0,0,1,0,0,0,0,0,1
98.16,1,1,1,2024,10,21,0,4,0,0,98.16,4.5967347071669895,1,0,0,0,1,0,0,1,0,0,0
2.61,1,1,6,2024,12,27,4,4,0,1,2.61,1.2837077723447896,1,0,0,0,0,1,0,0,0,0,1
655.09,7,3,1,2024,6,17,0,2,0,0,93.58428571428571,6.48629797465565,1,0,0,0,1,0,0,1,0,0,0
17.94,1,1,2,2024,5,8,2,2,0,0,17.94,2.9412760877579323,1,0,0,0,0,0,1,1,0,0,0
107.864,2,2,0,2024,10,1,1,4,0,0,53.932,4.690099396773396,1,0,0,1,0,0,0,0,1,0,0
335.12,3,2,2,2024,8,4,6,3,1,0,111.70666666666666,5.817468239060018,0,1,0,0,0,0,1,0,0,1,0
33.568,1,1,3,2024,12,25,2,4,0,1,33.568,3.542928398629632,1,0,0,0,1,0,0,0,0,1,0
114.55999999999999,2,2,4,2024,3,8,4,1,0,0,57.279999999999994,4.749789875598035,1,0,0,0,1,0,0,0,0,0,1
9.264,1,1,5,2024,7,30,1,3,0,0,9.264,2.3286426273133354,0,0,1,1,0,0,0,0,0,0,1
104.85,1,1,5,2024,12,4,2,4,0,1,104.85,4.662022997580874,1,0,0,0,0,0,1,0,0,0,1
448.81,3,2,4,2024,4,12,4,2,0,0,149.60333333333332,6.108825271381242,1,0,0,0,0,1,0,0,0,0,1
725.072,4,2,4,2024,7,8,0,3,0,0,181.268,6.587649183461143,1,0,0,0,0,0,1,0,0,0,1
1094.25,3,2,5,2024,3,3,6,1,1,0,364.75,6.998737926694008,1,0,0,0,1,0,0,0,0,0,1
203.648,5,1,5,2024,7,23,1,3,0,0,40.7296,5.321291430107858,1,0,0,1,0,0,0,0,0,0,1
519.68,1,1,5,2024,9,10,1,3,0,0,519.68,6.25513564959826,0,1,0,0,0,1,0,0,0,0,1
22.92,1,1,6,2024,10,21,0,4,0,0,22.92,3.1747149290824312,1,0,0,0,0,0,1,0,0,0,1
19.136,1,1,4,2024,5,9,3,2,0,0,19.136,3.002509257833015,1,0,0,1,0,0,0,0,0,0,1
52.410000000000004,2,1,4,2024,10,29,1,4,0,0,26.205000000000002,3.977997994351679,0,1,0,0,1,0,0,0,0,0,1
41.99,2,1,4,2024,12,29,6,4,1,1,20.995,3.76096753050819,1,0,0,0,0,0,1,0,0,0,1
715.64,1,1,3,2024,7,30,1,3,0,0,715.64,6.57457362245899,0,1,0,0,0,0,1,1,0,0,0
976.512,2,2,0,2024,4,14,6,2,1,0,488.256,6.885010567999003,1,0,0,0,0,0,1,0,1,0,0
14.352,1,1,3,2024,5,5,6,2,1,0,14.352,2.731245758705399,0,1,0,0,0,1,0,1,0,0,0
1410.066,3,1,2,2024,12,18,2,4,0,1,470.022,7.252100726095523,0,1,0,0,0,1,0,0,0,1,0
168.168,2,2,5,2024,9,2,0,3,0,0,84.084,5.130892303990171,0,0,1,1,0,0,0,0,0,1,0
55.36,1,1,4,2024,9,9,0,3,0,0,55.36,4.03175968703048,1,0,0,0,0,0,1,0,0,1,0
146.82,1,1,5,2024,2,13,1,1,0,0,146.82,4.995995317356741,0,0,1,0,0,0,1,0,0,0,1
86.62,1,1,4,2024,4,22,0,2,0,0,86.62,4.473009282385752,0,0,1,1,0,0,0,0,0,0,1
40.48,1,1,4,2024,9,12,3,3,0,0,40.48,3.7252113833613265,0,1,0,0,1,0,0,0,0,0,1
46.53,1,1,2,2024,9,2,0,3,0,0,46.53,3.861361090625918,0,0,1,0,0,0,1,1,0,0,0
32.4,1,1,6,2024,8,16,4,3,0,0,32.4,3.5085558999826545,1,0,0,0,0,0,1,0,0,0,1
34.992000000000004,2,1,6,2024,11,19,1,4,0,1,17.496000000000002,3.5832966915388713,0,0,1,0,1,0,0,0,0,0,1
232.62400000000002,2,2,3,2024,5,26,6,2,1,0,116.31200000000001,5.453712985402735,0,1,0,0,0,1,0,0,0,1,0
1388.7800000000002,3,2,5,2024,6,10,0,2,0,0,462.92666666666673,7.236900740216889,1,0,0,0,0,0,1,0,0,0,1
871.8,1,1,2,2024,3,18,0,1,0,0,871.8,6.771706434518861,1,0,0,0,0,1,0,0,0,1,0
194.352,1,1,4,2024,11,25,0,4,0,1,194.352,5.274803059482968,1,0,0,0,0,0,1,0,0,0,1
33.064,2,1,4,2024,10,11,4,4,0,0,16.532,3.5282411081511236,1,0,0,1,0,0,0,0,0,0,1
113.568,1,1,0,2024,11,21,3,4,0,1,113.568,4.741168533176402,0,0,1,0,1,0,0,0,1,0,0
100.16,2,1,2,2024,9,8,6,3,1,0,50.08,4.616703421801764,0,0,1,0,0,0,1,0,0,1,0
85.908,2,1,2,2024,8,18,6,3,1,0,42.954,4.464850087872994,1,0,0,1,0,0,0,1,0,0,0
2.214,1,1,2,2024,12,15,6,4,1,1,2.214,1.1675162673153208,1,0,0,0,1,0,0,0,0,1,0
1203.89,2,2,4,2024,10,14,0,4,0,0,601.945,7.094143555450853,0,1,0,0,1,0,0,0,0,0,1
352.47,2,2,4,2024,12,1,6,4,1,1,176.235,5.867798616105916,1,0,0,0,1,0,0,0,0,0,1
59.99,1,1,6,2024,1,23,1,1,0,0,59.99,4.110709916308365,1,0,0,0,0,0,1,0,0,0,1
82.26,1,1,7,2024,11,24,6,4,1,1,82.26,4.421968241766829,0,0,1,0,0,0,1,0,0,0,1
334.256,3,1,4,2024,12,8,6,4,1,1,111.41866666666665,5.81489441909336,1,0,0,0,0,1,0,0,0,0,1
185.88,1,1,7,2024,5,28,1,2,0,0,185.88,5.230466699639862,1,0,0,0,0,1,0,0,0,0,1
22.48,1,1,2,2024,3,24,6,1,1,0,22.48,3.1561489949598958,0,1,0,1,0,0,0,1,0,0,0
27.68,1,1,4,2024,11,7,3,4,0,1,27.68,3.3562000157314196,1,0,0,0,0,0,1,0,0,0,1
4317.3,3,3,4,2024,5,30,3,2,0,0,1439.1000000000001,8.370617085270906,0,1,0,0,0,1,0,0,0,0,1
574.056,3,3,5,2024,11,20,2,4,0,1,191.352,6.354467427359473,0,1,0,0,0,1,0,0,0,0,1
642.016,3,1,4,2024,9,25,2,3,0,0,214.0053333333333,6.466169607287287,1,0,0,0,1,0,0,0,0,0,1
959.55,2,2,4,2024,11,20,2,4,0,1,479.775,6.867506037074452,1,0,0,1,0,0,0,0,0,0,1
84.62,2,1,5,2024,5,21,1,2,0,0,42.31,4.4499189007168,0,1,0,1,0,0,0,0,0,0,1
122.34,4,2,4,2024,7,22,0,3,0,0,30.585,4.814944769563347,0,1,0,0,1,0,0,0,0,0,1
445.4,2,2,4,2024,11,21,3,4,0,1,222.7,6.101215411067101,0,1,0,1,0,0,0,0,0,1,0
2657.81,4,3,4,2024,12,5,3,4,0,1,664.4525,7.885633933255585,0,1,0,1,0,0,0,0,0,0,1
11.328,1,1,1,2024,12,26,3,4,0,1,11.328,2.5118730980178148,1,0,0,0,0,0,1,1,0,0,0
1157.98,5,3,7,2024,8,26,0,3,0,0,231.596,7.055295586935468,1,0,0,1,0,0,0,0,0,0,1
45.584,1,1,5,2024,7,7,6,3,1,0,45.584,3.841257134534819,0,1,0,0,0,1,0,0,0,0,1
2331.84,5,2,6,2024,7,18,3,3,0,0,466.36800000000005,7.754841688443741,0,1,0,0,0,0,1,0,0,0,1
170.976,2,2,5,2024,10,9,2,4,0,0,85.488,5.147354932193835,0,0,1,0,0,0,1,0,0,0,1
884.6800000000001,2,1,6,2024,12,22,6,4,1,1,442.34000000000003,6.786355711551211,1,0,0,0,0,0,1,0,0,0,1
1507.938,2,2,5,2024,12,23,0,4,0,1,753.969,7.319161371111305,0,0,1,0,1,0,0,0,0,0,1
12.96,1,1,7,2024,11,21,3,4,0,1,12.96,2.6361960973342264,1,0,0,0,1,0,0,0,0,0,1
156.512,1,1,5,2024,1,30,1,1,0,0,156.512,5.059501645839531,0,1,0,1,0,0,0,0,0,0,1
22.14,1,1,7,2024,6,26,2,2,0,0,22.14,3.1415627217655304,1,0,0,0,0,0,1,0,0,0,1
1489.7240000000002,4,3,3,2024,11,3,6,4,1,1,372.43100000000004,7.307017186965661,1,0,0,0,0,0,1,1,0,0,0
386.43,2,1,3,2024,12,8,6,4,1,1,193.215,5.959535187313809,1,0,0,0,0,0,1,0,0,1,0
301.96,1,1,5,2024,11,18,0,4,0,1,301.96,5.713600783593539,1,0,0,1,0,0,0,0,0,1,0
162.51999999999998,2,2,0,2024,3,17,6,1,1,0,81.25999999999999,5.09693530701534,1,0,0,0,1,0,0,0,1,0,0
219.84,1,1,4,2024,7,14,6,3,1,0,219.84,5.397438457415844,1,0,0,1,0,0,0,0,0,1,0
12.96,1,1,5,2024,3,12,1,1,0,0,12.96,2.6361960973342264,0,1,0,0,0,1,0,0,0,0,1
243.88,1,1,4,2024,7,25,3,3,0,0,243.88,5.500768294637157,0,1,0,0,1,0,0,0,0,0,1
141.372,1,1,1,2024,12,23,0,4,0,1,141.372,4.9584433504303345,0,1,0,1,0,0,0,1,0,0,0
53.696,2,1,2,2024,11,10,6,4,1,1,26.848,4.001790580611493,1,0,0,0,1,0,0,0,0,1,0
634.46,6,2,2,2024,9,5,3,3,0,0,105.74333333333334,6.454349146083633,1,0,0,1,0,0,0,0,0,1,0
1064.624,2,2,5,2024,5,20,0,2,0,0,532.312,6.971315822055019,0,0,1,0,0,0,1,0,0,0,1
24.066,2,1,4,2024,9,22,6,3,1,0,12.033,3.2215123461893302,1,0,0,0,0,1,0,0,0,0,1
358.548,2,2,5,2024,11,7,3,4,0,1,179.274,5.884847687024341,1,0,0,1,0,0,0,0,0,0,1
84.784,1,1,4,2024,7,29,0,3,0,0,84.784,4.451832508917844,0,1,0,0,1,0,0,0,0,0,1
57.584,1,1,5,2024,11,7,3,4,0,1,57.584,4.070461621758769,1,0,0,0,0,0,1,0,0,0,1
477.5,6,2,4,2024,9,1,6,3,1,0,79.58333333333333,6.170656210893009,1,0,0,1,0,0,0,0,0,0,1
10.07,2,1,0,2024,9,2,0,3,0,0,5.035,2.4042387467205457,1,0,0,1,0,0,0,0,1,0,0
149.9,2,2,7,2024,1,10,2,1,0,0,74.95,5.016617365773803,0,1,0,0,0,0,1,0,0,0,1
372.812,2,1,6,2024,9,11,2,3,0,0,186.406,5.923752997234913,1,0,0,0,0,0,1,0,0,0,1
511.522,4,2,4,2024,10,27,6,4,1,0,127.8805,6.239343636920502,1,0,0,0,1,0,0,0,0,0,1
45.96,1,1,5,2024,7,17,2,3,0,0,45.96,3.849296175519841,1,0,0,0,1,0,0,0,0,0,1
524.616,3,2,5,2024,11,11,0,4,0,1,174.87199999999999,6.264570908107375,1,0,0,0,0,0,1,0,0,0,1
724.55,3,2,4,2024,1,17,2,1,0,0,241.51666666666665,6.5869299879371015,0,0,1,0,1,0,0,0,0,0,1
9.216,1,1,6,2024,8,27,1,3,0,0,9.216,2.3239551187302383,0,1,0,0,0,1,0,0,0,0,1
606.2139999999999,2,2,3,2024,3,3,6,1,1,0,303.10699999999997,6.408881282469111,0,1,0,1,0,0,0,1,0,0,0
1148.806,2,2,5,2024,9,15,6,3,1,0,574.403,7.04734851147441,0,1,0,0,0,0,1,0,0,0,1
36.364,2,1,5,2024,10,1,1,4,0,0,18.182,3.6207076740106023,1,0,0,0,0,1,0,0,0,1,0
23.976,1,1,6,2024,10,9,2,4,0,0,23.976,3.217915363773076,0,1,0,0,1,0,0,0,0,0,1
9892.74,1,1,4,2024,12,17,1,4,0,1,9892.74,9.199657512889708,1,0,0,1,0,0,0,0,0,0,1
6.924,1,1,2,2024,12,30,0,4,0,1,6.924,2.0698961288363047,0,1,0,1,0,0,0,1,0,0,0
14.16,1,1,4,2024,7,14,6,3,1,0,14.16,2.7186603802142257,0,1,0,0,1,0,0,0,0,0,1
23.968,1,1,6,2024,8,31,5,3,1,0,23.968,3.2175950049684783,1,0,0,1,0,0,0,0,0,0,1
1288.4640000000002,2,2,2,2024,12,8,6,4,1,1,644.2320000000001,7.161981907134095,0,1,0,1,0,0,0,1,0,0,0
239.5,1,1,5,2024,9,4,2,3,0,0,239.5,5.482720089545816,1,0,0,0,0,1,0,0,0,0,1
7.072,1,1,5,2024,5,10,4,2,0,0,7.072,2.088401283051308,1,0,0,1,0,0,0,0,0,0,1
19.616,2,1,5,2024,12,30,0,4,0,1,9.808,3.026067473350064,1,0,0,0,1,0,0,0,0,0,1
556.665,1,1,5,2024,4,9,1,2,0,0,556.665,6.323758423671093,1,0,0,0,0,0,1,0,0,0,1
143.7,1,1,2,2024,4,15,0,2,0,0,143.7,4.974662633637438,0,0,1,0,0,0,1,0,0,1,0
14.368,1,1,4,2024,2,4,6,1,1,0,14.368,2.7322874254662555,1,0,0,0,0,0,1,0,0,0,1
94.08,2,1,2,2024,8,27,1,3,0,0,47.04,4.554718642491993,0,1,0,1,0,0,0,0,0,1,0
111.49600000000001,3,2,4,2024,5,6,0,2,0,0,37.165333333333336,4.722917665456806,0,0,1,0,1,0,0,0,0,0,1
562.2925,1,1,4,2024,8,12,0,3,0,0,562.2925,6.333799031414729,0,1,0,0,0,1,0,0,0,0,1
547.97,3,1,0,2024,6,26,2,2,0,0,182.65666666666667,6.3080437952077055,0,0,1,1,0,0,0,0,1,0,0
303.92,1,1,2,2024,12,19,3,4,0,1,303.92,5.720049447120073,1,0,0,0,1,0,0,0,0,1,0
31.086,1,1,5,2024,3,19,1,1,0,0,31.086,3.468419797928884,0,1,0,0,0,1,0,0,0,0,1
63.44,2,2,2,2024,3,11,0,1,0,0,31.72,4.165734558308774,0,1,0,1,0,0,0,1,0,0,0
450.0,1,1,4,2024,10,24,3,4,0,0,450.0,6.111467339502679,0,0,1,0,0,0,1,0,0,0,1
563.92,1,1,7,2024,12,16,0,4,0,1,563.92,6.336684128200863,1,0,0,0,0,0,1,0,0,0,1
49.5,1,1,1,2024,11,17,6,4,1,1,49.5,3.9219733362813143,0,0,1,0,0,0,1,1,0,0,0
866.4,1,1,7,2024,2,3,5,1,1,0,866.4,6.7655002314012656,1,0,0,0,0,1,0,0,0,0,1
217.056,1,1,4,2024,11,13,2,4,0,1,217.056,5.384751910534828,0,0,1,0,1,0,0,0,0,0,1
705.544,1,1,5,2024,8,15,3,3,0,0,705.544,6.560385479024685,1,0,0,0,0,1,0,0,0,0,1
18336.74,5,2,7,2024,10,2,2,4,0,0,3667.3480000000004,9.816716510300152,0,1,0,1,0,0,0,0,0,0,1
902.712,1,1,5,2024,6,11,1,2,0,0,902.712,6.806510725562694,1,0,0,0,0,0,1,0,0,0,1
448.44599999999997,2,2,3,2024,11,14,3,4,0,1,224.22299999999998,6.108015713213424,1,0,0,0,1,0,0,1,0,0,0
167.888,1,1,0,2024,3,22,4,1,0,0,167.888,5.129235773332358,1,0,0,0,0,0,1,0,1,0,0
60.81,1,1,4,2024,6,25,1,2,0,0,60.81,4.124065163671182,1,0,0,0,0,0,1,0,0,0,1
16.218,2,1,5,2024,8,9,4,3,0,0,8.109,2.845955348235763,0,0,1,0,0,1,0,0,0,0,1
54.792,1,1,1,2024,10,2,2,4,0,0,54.792,4.021630489933296,1,0,0,0,0,0,1,1,0,0,0
50.768,3,1,4,2024,11,4,0,4,0,1,16.922666666666668,3.946772197754965,0,0,1,0,0,0,1,0,0,0,1
490.32,1,1,6,2024,2,22,3,1,0,0,490.32,6.197095646670894,0,0,1,1,0,0,0,0,0,0,1
92.69999999999999,3,2,4,2024,3,27,2,1,0,0,30.899999999999995,4.540098189244376,0,1,0,0,0,1,0,0,0,0,1
51.184,1,1,5,2024,3,13,2,1,0,0,51.184,3.954775934493795,0,0,1,0,0,0,1,0,0,0,1
492.835,1,1,6,2024,10,31,3,4,0,0,492.835,6.202201453297628,1,0,0,0,1,0,0,0,0,0,1
477.142,4,3,0,2024,5,26,6,2,1,0,119.2855,6.169907759504272,1,0,0,1,0,0,0,0,1,0,0
14.9,1,1,7,2024,6,26,2,2,0,0,14.9,2.766319109226186,1,0,0,0,1,0,0,0,0,0,1
15.552,1,1,2,2024,8,14,2,3,0,0,15.552,2.8065069404432417,1,0,0,0,0,1,0,1,0,0,0
18.96,1,1,4,2024,9,22,6,3,1,0,18.96,2.993730270883318,0,1,0,1,0,0,0,0,0,0,1
29.34,1,1,4,2024,3,12,1,1,0,0,29.34,3.4124669739203863,1,0,0,0,1,0,0,0,0,1,0
75.88,1,1,2,2024,6,4,1,2,0,0,75.88,4.342245764662037,1,0,0,0,0,1,0,1,0,0,0
576.2719999999999,3,2,5,2024,6,21,4,2,0,0,192.09066666666664,6.358313559245054,1,0,0,0,1,0,0,0,0,0,1
119.25999999999999,2,2,4,2024,11,10,6,4,1,1,59.629999999999995,4.789656065611423,0,1,0,1,0,0,0,0,0,0,1
329.972,4,2,4,2024,11,18,0,4,0,1,82.493,5.8020337796539305,0,0,1,1,0,0,0,0,0,0,1
60.63,2,2,0,2024,3,3,6,1,1,0,30.315,4.121148764974151,0,1,0,0,0,0,1,0,1,0,0
59.52,1,1,2,2024,3,25,0,1,0,0,59.52,4.102973888920155,0,1,0,0,1,0,0,0,0,1,0
37.264,2,2,2,2024,7,14,6,3,1,0,18.632,3.6445095063779958,1,0,0,0,1,0,0,1,0,0,0
7.872,1,1,6,2024,9,22,6,3,1,0,7.872,2.182900250048066,1,0,0,0,1,0,0,0,0,0,1
692.5020000000001,2,1,7,2024,9,18,2,3,0,0,346.25100000000003,6.541754123672862,1,0,0,0,1,0,0,0,0,0,1
756.8,1,1,0,2024,10,28,0,4,0,0,756.8,6.630419498584501,0,1,0,0,1,0,0,0,1,0,0
658.746,1,1,5,2024,4,7,6,2,1,0,658.746,6.491854912462439,0,1,0,0,1,0,0,0,0,0,1
32.4,1,1,3,2024,6,7,4,2,0,0,32.4,3.5085558999826545,0,0,1,0,1,0,0,1,0,0,0
99.846,1,1,4,2024,4,3,2,2,0,0,99.846,4.613594600747986,1,0,0,0,1,0,0,0,0,0,1
199.75,1,1,4,2024,3,9,5,1,1,0,199.75,5.302060352826871,0,0,1,0,1,0,0,0,0,0,1
546.616,7,2,4,2024,6,12,2,2,0,0,78.088,6.305574311395041,0,0,1,1,0,0,0,0,0,1,0
21.88,1,1,3,2024,9,1,6,3,1,0,21.88,3.130263166511597,0,1,0,0,0,0,1,1,0,0,0
290.98,1,1,5,2024,10,27,6,4,1,0,290.98,5.676685306771834,1,0,0,0,0,1,0,0,0,1,0
239.976,1,1,7,2024,10,24,3,4,0,0,239.976,5.484697343469493,0,0,1,0,0,1,0,0,0,0,1
65.12,2,1,2,2024,8,8,3,3,0,0,32.56,4.191471272952824,1,0,0,1,0,0,0,0,0,1,0
737.394,2,2,2,2024,9,11,2,3,0,0,368.697,6.604477557478489,0,1,0,0,1,0,0,0,0,1,0
128.4,1,1,4,2024,11,20,2,4,0,1,128.4,4.8629083820668,1,0,0,0,1,0,0,0,0,0,1
1628.6100000000001,3,2,5,2024,11,14,3,4,0,1,542.87,7.396096001368977,1,0,0,0,1,0,0,0,0,1,0
286.4,1,1,5,2024,5,28,1,2,0,0,286.4,5.660874973644924,0,0,1,1,0,0,0,0,0,0,1
135.8,1,1,1,2024,2,21,2,1,0,0,135.8,4.918520005188451,0,1,0,0,1,0,0,1,0,0,0
59.752,1,1,0,2024,10,4,4,4,0,0,59.752,4.106800003489447,1,0,0,1,0,0,0,0,1,0,0
589.52,5,1,5,2024,7,17,2,3,0,0,117.904,6.3810035046658875,1,0,0,1,0,0,0,0,0,0,1
459.98,2,1,4,2024,10,24,3,4,0,0,229.99,6.133354658107598,0,1,0,0,0,0,1,0,0,1,0
102.21799999999999,2,2,4,2024,1,16,1,1,0,0,51.108999999999995,4.636843256442957,1,0,0,0,0,0,1,0,0,1,0
52.136,1,1,4,2024,11,13,2,4,0,1,52.136,3.972854664634391,1,0,0,0,0,1,0,0,0,0,1
23.616,1,1,2,2024,6,10,0,2,0,0,23.616,3.2033966380197407,1,0,0,0,1,0,0,1,0,0,0
152.51999999999998,2,2,4,2024,12,29,6,4,1,1,76.25999999999999,5.033830851699444,1,0,0,1,0,0,0,0,0,0,1
611.94,2,1,4,2024,12,3,1,4,0,1,305.97,6.418267051863503,1,0,0,1,0,0,0,0,0,0,1
552.56,1,1,7,2024,5,16,3,2,0,0,552.56,6.31637014735773,1,0,0,0,1,0,0,0,0,0,1
44.4,1,1,6,2024,7,15,0,3,0,0,44.4,3.8155121050473024,0,0,1,0,0,0,1,0,0,0,1
15.808,2,2,5,2024,7,22,0,3,0,0,7.904,2.8218549635426995,1,0,0,0,1,0,0,0,0,0,1
122.352,1,1,5,2024,6,9,6,2,1,0,122.352,4.815042056869052,1,0,0,0,0,0,1,0,0,0,1
30.336,1,1,0,2024,3,11,0,1,0,0,30.336,3.4447675963635302,0,0,1,0,1,0,0,0,1,0,0
10.08,1,1,4,2024,3,4,0,1,0,0,10.08,2.4051416813191375,0,1,0,0,0,1,0,0,0,1,0
122.22,2,1,6,2024,5,18,5,2,1,0,61.11,4.813971375586425,1,0,0,0,0,0,1,0,0,0,1
3963.57,3,2,2,2024,5,27,0,2,0,0,1321.19,8.285152679259816,0,1,0,1,0,0,0,0,0,1,0
4.992,1,1,4,2024,12,26,3,4,0,1,4.992,1.7904252462149184,0,1,0,0,1,0,0,0,0,0,1
203.63,3,3,4,2024,4,4,3,2,0,0,67.87666666666667,5.321203470334738,0,0,1,0,1,0,0,0,0,1,0
147.26,3,2,4,2024,9,4,2,3,0,0,49.086666666666666,4.998967489228574,1,0,0,0,1,0,0,0,0,0,1
31.830000000000002,2,1,2,2024,9,27,4,3,0,0,15.915000000000001,3.4913427315135013,1,0,0,0,0,1,0,0,0,1,0
287.4,2,2,5,2024,2,19,0,1,0,0,143.7,5.664348405410794,1,0,0,0,1,0,0,0,0,0,1
291.146,2,2,6,2024,9,16,0,3,0,0,145.573,5.677253677309933,0,1,0,0,0,0,1,0,0,0,1
891.962,4,1,7,2024,4,10,2,2,0,0,222.9905,6.794544026779597,1,0,0,0,0,0,1,0,0,0,1
37.263999999999996,2,1,6,2024,8,21,2,3,0,0,18.631999999999998,3.6445095063779958,0,0,1,0,0,1,0,0,0,0,1
482.006,3,2,2,2024,6,17,0,2,0,0,160.66866666666667,6.180029075935664,1,0,0,0,0,0,1,1,0,0,0
33.4,1,1,1,2024,12,24,1,4,0,1,33.4,3.5380565643793527,0,1,0,0,0,0,1,1,0,0,0
392.832,3,2,6,2024,11,24,6,4,1,1,130.944,5.9759244224262495,0,0,1,0,0,1,0,0,0,0,1
1454.9,1,1,4,2024,4,2,1,2,0,0,1454.9,7.28337954507928,0,1,0,1,0,0,0,0,0,1,0
7.434,1,1,5,2024,11,28,3,4,0,1,7.434,2.1322711553243683,0,1,0,0,0,1,0,0,0,0,1
459.95,1,1,4,2024,3,26,1,1,0,0,459.95,6.133289577244604,0,1,0,0,1,0,0,0,0,0,1
15.936,1,1,6,2024,9,25,2,3,0,0,15.936,2.829441533832564,0,1,0,1,0,0,0,0,0,0,1
207.76,1,1,3,2024,11,24,6,4,1,1,207.76,5.341185266775213,0,1,0,0,1,0,0,0,0,1,0
371.504,2,2,6,2024,9,6,4,3,0,0,185.752,5.920247776016993,0,1,0,1,0,0,0,0,0,0,1
1159.06,4,3,5,2024,9,12,3,3,0,0,289.765,7.056227006900694,0,1,0,0,0,1,0,0,0,0,1
52.153,3,2,3,2024,9,23,0,3,0,0,17.384333333333334,3.9731745472213933,0,0,1,0,1,0,0,0,0,1,0
186.048,1,1,1,2024,12,29,6,4,1,1,186.048,5.231365268408737,1,0,0,1,0,0,0,1,0,0,0
327.996,1,1,6,2024,3,31,6,1,1,0,327.996,5.796045592636751,1,0,0,0,1,0,0,0,0,0,1
242.56,3,1,3,2024,4,23,1,2,0,0,80.85333333333334,5.495363318740373,1,0,0,0,1,0,0,1,0,0,0
24.7,1,1,6,2024,4,8,0,2,0,0,24.7,3.246490991901174,1,0,0,0,0,0,1,0,0,0,1
191.808,3,1,5,2024,4,12,4,2,0,0,63.936,5.2616948750915356,0,1,0,0,0,1,0,0,0,0,1
1058.27,6,2,6,2024,10,15,1,4,0,0,176.37833333333333,6.965335270612346,0,0,1,1,0,0,0,0,0,0,1
123.65600000000002,4,2,2,2024,11,24,6,4,1,1,30.914000000000005,4.825557943588502,1,0,0,0,1,0,0,1,0,0,0
143.96,2,2,6,2024,11,11,0,4,0,1,71.98,4.9764578422946695,0,1,0,1,0,0,0,0,0,0,1
8.32,1,1,1,2024,11,16,5,4,1,1,8.32,2.2321626286975,1,0,0,0,0,0,1,1,0,0,0
12.957,1,1,4,2024,12,8,6,4,1,1,12.957,2.635981174526507,0,0,1,0,1,0,0,0,0,0,1
12.78,1,1,2,2024,9,1,6,3,1,0,12.78,2.6232182655855123,0,0,1,0,0,0,1,0,0,1,0
3588.096,5,2,4,2024,11,12,1,4,0,1,717.6192,8.185655639187758,1,0,0,0,1,0,0,0,0,0,1
143.32999999999998,2,2,5,2024,11,11,0,4,0,1,71.66499999999999,4.972102344379472,1,0,0,0,1,0,0,0,0,0,1
15.576,1,1,5,2024,7,18,3,3,0,0,15.576,2.8079558660770725,1,0,0,1,0,0,0,0,0,1,0
191.82,1,1,1,2024,12,5,3,4,0,1,191.82,5.261757111236235,1,0,0,0,0,1,0,1,0,0,0
196.784,1,1,2,2024,3,14,3,1,0,0,196.784,5.287175526129192,0,1,0,0,0,0,1,1,0,0,0
36.16,2,1,6,2024,4,10,2,2,0,0,18.08,3.6152329139456376,0,1,0,0,0,0,1,0,0,0,1
132.224,1,1,5,2024,2,6,1,1,0,0,132.224,4.89203192205597,0,1,0,0,0,1,0,0,0,0,1
661.176,1,1,5,2024,10,21,0,4,0,0,661.176,6.4955313816294185,0,1,0,0,1,0,0,0,0,0,1
2027.188,3,2,5,2024,4,18,3,2,0,0,675.7293333333333,7.6148980625841185,0,1,0,1,0,0,0,0,0,0,1
479.72,1,1,4,2024,11,5,1,4,0,1,479.72,6.175284980025673,1,0,0,0,0,0,1,0,0,0,1
70.216,2,1,4,2024,11,10,6,4,1,1,35.108,4.265717512273499,0,1,0,0,1,0,0,0,0,0,1
114.46,1,1,2,2024,1,3,2,1,0,0,114.46,4.748924149632788,1,0,0,0,0,0,1,1,0,0,0
1649.75,1,1,5,2024,10,14,0,4,0,0,1649.75,7.408985009074681,1,0,0,1,0,0,0,0,0,0,1
328.224,1,1,7,2024,6,6,3,2,0,0,328.224,5.796738370155267,1,0,0,1,0,0,0,0,0,0,1
180.71200000000002,2,2,2,2024,11,24,6,4,1,1,90.35600000000001,5.20242301614929,0,0,1,0,1,0,0,1,0,0,0
68.432,1,1,5,2024,9,22,6,3,1,0,68.432,4.240347856341944,0,1,0,0,0,0,1,0,0,0,1
219.12,4,1,6,2024,10,15,1,4,0,0,54.78,5.394172852191558,0,0,1,0,0,0,1,0,0,0,1
12.42,1,1,4,2024,10,28,0,4,0,0,12.42,2.5967461315435356,1,0,0,0,1,0,0,0,0,1,0
125.91999999999999,2,1,3,2024,8,13,1,3,0,0,62.959999999999994,4.843556966714995,1,0,0,0,0,1,0,1,0,0,0
65.05,2,1,6,2024,1,22,0,1,0,0,32.525,4.190412030968334,1,0,0,0,0,0,1,0,0,0,1
3.798,1,1,7,2024,5,21,1,2,0,0,3.798,1.5681991644175028,0,1,0,1,0,0,0,0,0,0,1
611.028,6,3,1,2024,12,4,2,4,0,1,101.83800000000001,6.416778033099739,1,0,0,0,1,0,0,1,0,0,0
276.784,1,1,2,2024,9,10,1,3,0,0,276.784,5.626843833269197,1,0,0,0,0,0,1,0,0,1,0
686.244,4,2,6,2024,7,25,3,3,0,0,171.561,6.532689396559809,1,0,0,0,0,0,1,0,0,0,1
71.088,1,1,2,2024,5,5,6,2,1,0,71.088,4.277887594932736,1,0,0,0,0,0,1,0,0,1,0
90.05799999999999,2,1,4,2024,4,23,1,2,0,0,45.028999999999996,4.511496666124911,1,0,0,0,0,0,1,0,0,0,1
83.7,1,1,4,2024,9,20,4,3,0,0,83.7,4.439115601658009,1,0,0,1,0,0,0,0,0,0,1
94.452,3,2,2,2024,1,11,3,1,0,0,31.483999999999998,4.55862350333097,0,0,1,0,1,0,0,0,0,1,0
15.168,1,1,4,2024,1,9,1,1,0,0,15.168,2.7830339801013197,0,1,0,0,1,0,0,0,0,1,0
16.768,1,1,6,2024,7,10,2,3,0,0,16.768,2.8773990865921264,1,0,0,0,0,0,1,0,0,0,1
1804.2479999999998,6,3,4,2024,9,2,0,3,0,0,300.70799999999997,7.498453257450882,1,0,0,0,0,0,1,0,0,0,1
33.568,1,1,3,2024,6,13,3,2,0,0,33.568,3.542928398629632,1,0,0,0,1,0,0,0,0,1,0
35.352,1,1,4,2024,4,9,1,2,0,0,35.352,3.593249223098686,0,1,0,0,0,0,1,0,0,0,1
31.96,1,1,4,2024,11,19,1,4,0,1,31.96,3.495294705041271,0,1,0,0,0,0,1,0,0,0,1
9.584,1,1,5,2024,5,19,6,2,1,0,9.584,2.3593434268126545,0,1,0,0,0,0,1,0,0,0,1
1632.362,4,2,3,2024,3,12,1,1,0,0,408.0905,7.398395746296999,0,1,0,0,0,0,1,0,0,1,0
62.82,1,1,6,2024,12,10,1,4,0,1,62.82,4.156066620850098,0,1,0,0,1,0,0,0,0,0,1
224.9,2,1,3,2024,6,12,2,2,0,0,112.45,5.420092423473958,0,1,0,0,0,1,0,1,0,0,0
458.351,2,2,4,2024,3,29,4,1,0,0,229.1755,6.12981462370433,1,0,0,0,1,0,0,0,0,0,1
740.088,5,3,6,2024,11,28,3,4,0,1,148.0176,6.60811937667941,0,1,0,0,1,0,0,0,0,0,1
8.82,1,1,4,2024,11,3,6,4,1,1,8.82,2.2844211223663744,1,0,0,0,0,0,1,0,0,0,1
714.3,1,1,1,2024,6,6,3,2,0,0,714.3,6.572702035114338,1,0,0,0,1,0,0,1,0,0,0
111.96,1,1,2,2024,5,21,1,2,0,0,111.96,4.727033773744932,0,1,0,0,1,0,0,1,0,0,0
837.6,1,1,2,2024,10,7,0,4,0,0,837.6,6.731733834736662,0,1,0,0,0,0,1,1,0,0,0
697.16,1,1,4,2024,3,20,2,1,0,0,697.16,6.548448302855056,0,0,1,1,0,0,0,0,0,0,1
863.928,1,1,0,2024,12,1,6,4,1,1,863.928,6.7626462664732685,1,0,0,0,0,1,0,0,1,0,0
885.5699999999999,2,2,4,2024,11,10,6,4,1,1,442.78499999999997,6.787360084607853,1,0,0,0,1,0,0,0,0,0,1
239.97,1,1,2,2024,6,11,1,2,0,0,239.97,5.484672444414411,1,0,0,0,1,0,0,0,0,1,0
7.04,1,1,4,2024,4,1,0,2,0,0,7.04,2.084429083190875,0,0,1,0,0,1,0,0,0,1,0
39.68,1,1,6,2024,3,17,6,1,1,0,39.68,3.7057365711803594,1,0,0,0,1,0,0,0,0,0,1
1293.488,1,1,0,2024,6,14,4,2,0,0,1293.488,7.165870529160213,0,1,0,0,0,0,1,0,1,0,0
11.34,1,1,2,2024,3,30,5,1,1,0,11.34,2.5128460184772416,0,1,0,0,1,0,0,1,0,0,0
20.936,1,1,4,2024,7,25,3,3,0,0,20.936,3.0881291228199585,0,0,1,1,0,0,0,0,0,0,1
422.662,5,2,7,2024,12,10,1,4,0,1,84.5324,6.04893596751182,1,0,0,0,0,0,1,0,0,0,1
523.18,2,2,5,2024,4,9,1,2,0,0,261.59,6.261835136784874,0,0,1,1,0,0,0,0,0,1,0
527.224,6,2,2,2024,11,24,6,4,1,1,87.87066666666668,6.269520436165131,1,0,0,1,0,0,0,0,0,1,0
1603.136,1,1,3,2024,8,26,0,3,0,0,1603.136,7.3803405728620834,0,1,0,0,0,0,1,1,0,0,0
151.82,3,1,5,2024,8,11,6,3,1,0,50.60666666666666,5.02926075821942,0,0,1,1,0,0,0,0,0,0,1
16.192,1,1,4,2024,2,27,1,1,0,0,16.192,2.844444159340209,1,0,0,1,0,0,0,0,0,0,1
22.0,1,1,6,2024,8,29,3,3,0,0,22.0,3.1354942159291497,0,0,1,0,1,0,0,0,0,0,1
42.244,3,1,4,2024,9,12,3,3,0,0,14.081333333333333,3.766858495430525,1,0,0,0,0,0,1,0,0,0,1
4835.976,6,3,4,2024,5,7,1,2,0,0,805.996,8.484045011057521,1,0,0,0,1,0,0,0,0,0,1
103.19999999999999,2,1,7,2024,11,3,6,4,1,1,51.599999999999994,4.646312129319266,1,0,0,1,0,0,0,0,0,0,1
14.896,2,1,2,2024,8,18,6,3,1,0,7.448,2.7660675052495156,0,0,1,1,0,0,0,0,0,1,0
18.72,2,1,4,2024,12,9,0,4,0,1,9.36,2.9816333491744893,0,1,0,1,0,0,0,0,0,0,1
30.36,1,1,4,2024,11,13,2,4,0,1,30.36,3.445533195482207,0,1,0,1,0,0,0,0,0,0,1
479.05,6,2,5,2024,12,14,5,4,1,1,79.84166666666667,6.1738902651436325,1,0,0,0,1,0,0,0,0,0,1
68.112,1,1,6,2024,11,1,4,4,0,1,68.112,4.235728377056583,1,0,0,1,0,0,0,0,0,0,1
166.292,2,2,4,2024,1,31,2,1,0,0,83.146,5.119740788558952,0,0,1,0,0,0,1,0,0,0,1
1043.041,6,3,2,2024,5,3,4,2,0,0,173.84016666666665,6.95085403970211,1,0,0,0,1,0,0,1,0,0,0
85.209,4,2,6,2024,7,7,6,3,1,0,21.30225,4.456774580572143,0,0,1,0,1,0,0,0,0,0,1
160.384,2,2,2,2024,11,27,2,4,0,1,80.192,5.0837866183320495,0,1,0,1,0,0,0,0,0,1,0
7.312,1,1,6,2024,11,26,1,4,0,1,7.312,2.1177002537969263,0,1,0,0,0,0,1,0,0,0,1
4438.686,5,2,2,2024,9,1,6,3,1,0,887.7371999999999,8.398338932204721,0,0,1,0,1,0,0,1,0,0,0
167.84,1,1,7,2024,5,30,3,2,0,0,167.84,5.128951520914298,0,1,0,0,0,0,1,0,0,0,1
84.272,1,1,2,2024,9,2,0,3,0,0,84.272,4.445846147386836,0,0,1,1,0,0,0,1,0,0,0
376.866,1,1,6,2024,6,17,0,2,0,0,376.866,5.93453963541605,0,1,0,0,1,0,0,0,0,0,1
1431.078,6,3,5,2024,12,26,3,4,0,1,238.513,7.266881815310937,0,1,0,0,0,0,1,0,0,0,1
23.92,1,1,3,2024,12,1,6,4,1,1,23.92,3.2156706939192525,1,0,0,1,0,0,0,0,0,1,0
36.24,1,1,5,2024,4,23,1,2,0,0,36.24,3.617383452408866,0,1,0,0,0,1,0,0,0,0,1
16.92,2,1,3,2024,7,3,2,3,0,0,8.46,2.8859174075467844,1,0,0,0,0,0,1,1,0,0,0
9.552,1,1,2,2024,7,16,1,3,0,0,9.552,2.3563154154150134,0,1,0,1,0,0,0,0,0,1,0
10.56,1,1,6,2024,8,8,3,3,0,0,10.56,2.4475508632442313,1,0,0,1,0,0,0,0,0,0,1
395.436,2,2,4,2024,10,28,0,4,0,0,197.718,5.982514615688392,1,0,0,0,0,0,1,0,0,0,1
159.88,1,1,4,2024,9,19,3,3,0,0,159.88,5.0806587454643966,1,0,0,0,0,0,1,0,0,0,1
313.176,1,1,4,2024,11,26,1,4,0,1,313.176,5.749953338435588,0,1,0,0,1,0,0,0,0,1,0
345.324,3,2,2,2024,12,1,6,4,1,1,115.108,5.847374753078574,1,0,0,1,0,0,0,0,0,1,0
183.168,3,2,4,2024,3,8,4,1,0,0,61.056000000000004,5.215848384516596,0,0,1,1,0,0,0,0,0,0,1
115.46000000000001,2,2,4,2024,9,2,0,3,0,0,57.730000000000004,4.757547866408974,1,0,0,0,1,0,0,0,0,0,1
34.944,1,1,3,2024,12,16,0,4,0,1,34.944,3.581962171767859,1,0,0,0,0,1,0,1,0,0,0
97.95999999999998,3,1,4,2024,4,8,0,2,0,0,32.65333333333333,4.594715728084232,1,0,0,0,0,0,1,0,0,0,1
26.352,1,1,5,2024,8,22,3,3,0,0,26.352,3.3087896523370004,1,0,0,0,0,0,1,0,0,0,1
310.55999999999995,2,2,3,2024,5,16,3,2,0,0,155.27999999999997,5.741591936051748,1,0,0,0,0,0,1,0,0,1,0
38.24,1,1,5,2024,6,24,0,2,0,0,38.24,3.6696966346971625,1,0,0,0,0,0,1,0,0,0,1
53.49,2,1,6,2024,11,19,1,4,0,1,26.745,3.998017198595007,1,0,0,0,1,0,0,0,0,0,1
6.96,1,1,5,2024,11,11,0,4,0,1,6.96,2.0744289998562917,1,0,0,0,0,0,1,0,0,1,0
630.024,1,1,0,2024,11,15,4,4,0,1,630.024,6.447343896683199,0,1,0,0,0,1,0,0,1,0,0
320.12600000000003,2,2,2,2024,3,24,6,1,1,0,160.06300000000002,5.7718335694773595,1,0,0,0,1,0,0,0,0,1,0
1616.704,3,3,4,2024,4,8,0,2,0,0,538.9013333333334,7.388763138978941,1,0,0,1,0,0,0,0,0,0,1
513.52,3,2,2,2024,11,14,3,4,0,1,171.17333333333332,6.243234427210514,1,0,0,0,0,1,0,0,0,1,0
295.4,1,1,3,2024,9,17,1,3,0,0,295.4,5.6917098934219315,1,0,0,0,1,0,0,0,0,1,0
291.73999999999995,4,2,4,2024,9,4,2,3,0,0,72.93499999999999,5.6792848430558,1,0,0,0,0,1,0,0,0,0,1
1475.584,3,2,6,2024,12,8,6,4,1,1,491.86133333333333,7.297486590862715,0,1,0,0,0,0,1,0,0,0,1
239.372,1,1,5,2024,10,4,4,4,0,0,239.372,5.482187723331842,1,0,0,0,1,0,0,0,0,0,1
93.9,2,1,3,2024,3,28,3,1,0,0,46.95,4.552823705615882,1,0,0,0,0,0,1,0,0,1,0
207.48,1,1,2,2024,9,8,6,3,1,0,207.48,5.339843113376535,0,0,1,0,1,0,0,1,0,0,0
49.44,1,1,4,2024,11,22,4,4,0,1,49.44,3.920784511096719,1,0,0,1,0,0,0,0,0,0,1
24.904,2,1,6,2024,12,17,1,4,0,1,12.452,3.2543973969352793,0,1,0,0,0,0,1,0,0,0,1
2073.35,3,2,0,2024,3,17,6,1,1,0,691.1166666666667,7.637403130578777,1,0,0,0,1,0,0,0,1,0,0
465.074,3,1,2,2024,6,18,1,2,0,0,155.02466666666666,6.144344419801795,0,1,0,0,1,0,0,0,0,1,0
815.12,3,2,4,2024,7,17,2,3,0,0,271.70666666666665,6.704561402975548,0,1,0,0,1,0,0,0,0,0,1
681.432,2,1,4,2024,11,11,0,4,0,1,340.716,6.525662888395714,0,0,1,0,0,1,0,0,0,0,1
6.816,1,1,1,2024,9,26,3,3,0,0,6.816,2.0561729147404817,0,1,0,1,0,0,0,1,0,0,0
142.182,1,1,4,2024,10,16,2,4,0,0,142.182,4.964116548301827,0,1,0,0,1,0,0,0,0,0,1
53.456,2,2,7,2024,8,26,0,3,0,0,26.728,3.9973930361456502,0,1,0,0,1,0,0,0,0,0,1
48.16,1,1,2,2024,9,3,1,3,0,0,48.16,3.895080284697834,0,1,0,0,1,0,0,1,0,0,0
1115.17,1,1,4,2024,6,14,4,2,0,0,1115.17,7.017658461089362,0,1,0,0,0,0,1,0,0,0,1
36.352,2,1,6,2024,5,26,6,2,1,0,18.176,3.6203864576686358,0,1,0,0,1,0,0,0,0,0,1
442.372,1,1,2,2024,9,24,1,3,0,0,442.372,6.09440914678953,0,1,0,1,0,0,0,1,0,0,0
73.36,1,1,5,2024,11,25,0,4,0,1,73.36,4.308918162853243,1,0,0,0,0,1,0,0,0,0,1
379.4,1,1,6,2024,10,23,2,4,0,0,379.4,5.941223330671235,0,0,1,0,1,0,0,0,0,0,1
657.552,1,1,4,2024,11,24,6,4,1,1,657.552,6.490043485415617,1,0,0,1,0,0,0,0,0,0,1
921.024,5,3,3,2024,12,23,0,4,0,1,184.2048,6.8265712535865735,0,1,0,1,0,0,0,0,0,1,0
3.64,1,1,4,2024,4,7,6,2,1,0,3.64,1.534714366238164,1,0,0,0,1,0,0,0,0,0,1
19.312,1,1,2,2024,8,1,3,3,0,0,19.312,3.011211844402377,1,0,0,0,1,0,0,0,0,1,0
1030.4940000000001,5,2,2,2024,11,7,3,4,0,1,206.09880000000004,6.938763515722697,1,0,0,0,1,0,0,1,0,0,0
99.15599999999999,2,1,5,2024,9,6,4,3,0,0,49.577999999999996,4.606728970452084,1,0,0,0,0,1,0,0,0,0,1
17.34,1,1,5,2024,5,16,3,2,0,0,17.34,2.9090844668283187,1,0,0,0,0,0,1,0,0,1,0
192.16,1,1,6,2024,9,5,3,3,0,0,192.16,5.263518861005341,1,0,0,0,1,0,0,0,0,0,1
132.809,3,2,4,2024,12,9,0,4,0,1,44.269666666666666,4.896413410005959,1,0,0,1,0,0,0,0,0,0,1
405.344,2,2,6,2024,1,14,6,1,1,0,202.672,6.00720009149404,1,0,0,0,0,1,0,0,0,0,1
1311.03,4,3,6,2024,7,31,2,3,0,0,327.7575,7.179330835096273,1,0,0,1,0,0,0,0,0,0,1
584.7700000000001,3,2,5,2024,6,17,0,2,0,0,194.92333333333337,6.3729272210645,0,1,0,0,1,0,0,0,0,0,1
235.152,1,1,6,2024,10,21,0,4,0,0,235.152,5.464475665499572,1,0,0,0,1,0,0,0,0,0,1
132.95,3,2,4,2024,10,20,6,4,1,0,44.31666666666666,4.897466595990617,1,0,0,1,0,0,0,0,0,1,0
3236.41,4,2,3,2024,11,26,1,4,0,1,809.1025,8.082528906393588,0,1,0,0,0,1,0,1,0,0,0
1979.928,1,1,5,2024,5,23,3,2,0,0,1979.928,7.591320700757883,1,0,0,1,0,0,0,0,0,0,1
885.03,3,2,6,2024,12,18,2,4,0,1,295.01,6.786750810076989,1,0,0,0,0,0,1,0,0,0,1
41.904,1,1,6,2024,3,14,3,1,0,0,41.904,3.758965061680624,0,1,0,0,0,0,1,0,0,0,1
743.988,1,1,3,2024,5,10,4,2,0,0,743.988,6.613368110867284,0,0,1,0,1,0,0,0,0,1,0
58.4,2,2,3,2024,6,14,4,2,0,0,29.2,4.084294226368599,1,0,0,0,0,1,0,1,0,0,0
2056.0060000000003,3,2,4,2024,9,18,2,3,0,0,685.3353333333334,7.62900680651793,0,1,0,0,0,0,1,0,0,0,1
82.408,2,2,1,2024,11,17,6,4,1,1,41.204,4.42374422802575,1,0,0,1,0,0,0,1,0,0,0
227.96,1,1,4,2024,2,16,4,1,0,0,227.96,5.43354731580814,1,0,0,0,1,0,0,0,0,0,1
542.155,2,2,4,2024,11,3,6,4,1,1,271.0775,6.2973947303975475,0,0,1,0,1,0,0,0,0,0,1
396.0,1,1,6,2024,9,17,1,3,0,0,396.0,5.983936280687191,1,0,0,0,0,1,0,0,0,0,1
44.856,1,1,1,2024,7,10,2,3,0,0,44.856,3.8255060516457613,0,0,1,0,0,0,1,0,1,0,0
573.741,4,2,1,2024,2,14,2,1,0,0,143.43525,6.3539195045385215,1,0,0,0,1,0,0,1,0,0,0
42.622,3,2,7,2024,11,12,1,4,0,1,14.207333333333333,3.7755616102496607,1,0,0,0,0,0,1,0,0,0,1
15.936,1,1,3,2024,9,29,6,3,1,0,15.936,2.829441533832564,0,1,0,0,1,0,0,1,0,0,0
61.44,1,1,4,2024,10,2,2,4,0,0,61.44,4.134206095647231,0,1,0,0,1,0,0,0,0,0,1
114.95,1,1,4,2024,12,8,6,4,1,1,114.95,4.753159063701541,0,1,0,1,0,0,0,0,0,1,0
255.904,3,2,2,2024,1,5,4,1,0,0,85.30133333333333,5.548702474255425,0,1,0,0,0,1,0,0,0,1,0
115.47999999999999,2,1,5,2024,9,20,4,3,0,0,57.739999999999995,4.757719584448376,0,1,0,0,0,1,0,0,0,0,1
84.784,1,1,2,2024,3,17,6,1,1,0,84.784,4.451832508917844,1,0,0,0,0,0,1,0,0,1,0
2.296,1,1,4,2024,11,14,3,4,0,1,2.296,1.1927096120472251,1,0,0,1,0,0,0,0,0,0,1
100.49600000000001,2,1,1,2024,10,28,0,4,0,0,50.248000000000005,4.620019388838298,0,1,0,0,0,0,1,1,0,0,0
215.83999999999997,3,2,7,2024,4,8,0,2,0,0,71.94666666666666,5.379159754392138,0,0,1,0,0,1,0,0,0,0,1
1157.6799999999998,5,2,6,2024,5,28,1,2,0,0,231.53599999999997,7.055036705130824,1,0,0,0,0,0,1,0,0,0,1
1287.45,1,1,0,2024,3,25,0,1,0,0,1287.45,7.161195224527697,1,0,0,1,0,0,0,0,1,0,0
471.624,3,2,6,2024,12,19,3,4,0,1,157.208,6.158300146366489,0,1,0,0,0,0,1,0,0,0,1
3136.868,3,3,2,2024,7,7,6,3,1,0,1045.6226666666666,8.05129886739866,1,0,0,0,0,0,1,0,0,1,0
623.96,1,1,3,2024,2,7,2,1,0,0,623.96,6.437687647688314,0,1,0,0,0,0,1,0,0,1,0
50.12,1,1,3,2024,6,30,6,2,1,0,50.12,3.9341758100692794,0,0,1,1,0,0,0,0,0,1,0
387.72,1,1,5,2024,10,8,1,4,0,0,387.72,5.962859290097647,1,0,0,0,0,1,0,0,0,0,1
1506.02,7,1,7,2024,12,23,0,4,0,1,215.1457142857143,7.317889469938564,0,1,0,0,0,0,1,0,0,0,1
128.34,1,1,3,2024,9,22,6,3,1,0,128.34,4.862444596018447,0,0,1,0,1,0,0,1,0,0,0
121.09200000000001,2,2,4,2024,8,14,2,3,0,0,60.54600000000001,4.804774858904606,1,0,0,0,0,0,1,0,0,0,1
5.553,1,1,5,2024,12,23,0,4,0,1,5.553,1.87992296005736,1,0,0,0,1,0,0,0,0,0,1
261.1,2,1,0,2024,5,24,4,2,0,0,130.55,5.568726110329361,0,0,1,0,0,1,0,0,1,0,0
355.32,1,1,5,2024,8,18,6,3,1,0,355.32,5.875829203509057,0,1,0,0,1,0,0,0,0,1,0
228.586,4,2,2,2024,9,5,3,3,0,0,57.1465,5.436277686976568,1,0,0,0,0,1,0,0,0,1,0
18.9,1,1,4,2024,6,13,3,2,0,0,18.9,2.990719731730447,1,0,0,1,0,0,0,0,0,0,1
4940.87,2,2,2,2024,3,13,2,1,0,0,2470.435,8.505499081062949,0,1,0,0,0,0,1,0,0,1,0
573.286,2,1,4,2024,7,9,1,3,0,0,286.643,6.353127530070068,0,1,0,0,1,0,0,0,0,0,1
35.3,2,1,2,2024,3,19,1,1,0,0,17.65,3.591817741270805,1,0,0,0,1,0,0,0,0,1,0
1121.568,1,1,2,2024,4,15,0,2,0,0,1121.568,7.02337419684616,1,0,0,0,0,0,1,0,0,1,0
17.31,1,1,6,2024,12,1,6,4,1,1,17.31,2.907447358686419,1,0,0,1,0,0,0,0,0,0,1
4.704,1,1,5,2024,12,1,6,4,1,1,4.704,1.7411676831119949,1,0,0,0,0,1,0,0,0,0,1
21.204,1,1,2,2024,9,5,3,3,0,0,21.204,3.100272452827915,0,1,0,1,0,0,0,1,0,0,0
440.15999999999997,2,2,4,2024,12,12,3,4,0,1,220.07999999999998,6.089407621437946,1,0,0,0,0,0,1,0,0,0,1
787.044,3,1,4,2024,8,14,2,3,0,0,262.348,6.6695539258624725,0,1,0,0,1,0,0,0,0,0,1
1117.92,1,1,5,2024,11,18,0,4,0,1,1117.92,7.02011921335229,0,0,1,1,0,0,0,0,0,0,1
380.864,1,1,3,2024,7,14,6,3,1,0,380.864,5.945064524273665,0,1,0,0,0,0,1,1,0,0,0
13.38,1,1,6,2024,5,27,0,2,0,0,13.38,2.6658383522929006,1,0,0,0,0,0,1,0,0,0,1
859.14,2,1,2,2024,12,23,0,4,0,1,429.57,6.75709516669626,1,0,0,0,0,1,0,0,0,1,0
663.9639999999999,6,2,4,2024,7,14,6,3,1,0,110.66066666666666,6.499732903852138,0,1,0,0,1,0,0,0,0,1,0
9.45,1,1,6,2024,6,16,6,2,1,0,9.45,2.34660197841082,1,0,0,0,1,0,0,0,0,0,1
15.008,1,1,5,2024,9,9,0,3,0,0,15.008,2.7730885972814323,0,0,1,1,0,0,0,0,0,1,0
41.568,1,1,7,2024,4,28,6,2,1,0,41.568,3.751102797294068,0,1,0,0,0,0,1,0,0,0,1
251.15800000000002,3,1,6,2024,8,22,3,3,0,0,83.71933333333334,5.530055875165979,1,0,0,0,1,0,0,0,0,0,1
79.80000000000001,2,1,4,2024,12,9,0,4,0,1,39.900000000000006,4.39197696552705,0,1,0,1,0,0,0,0,0,0,1
196.016,3,2,4,2024,3,8,4,1,0,0,65.33866666666667,5.283284943714075,1,0,0,0,1,0,0,0,0,0,1
41.6,1,1,4,2024,5,6,0,2,0,0,41.6,3.751854253275325,1,0,0,0,0,0,1,0,0,0,1
18.432,1,1,2,2024,8,28,2,3,0,0,18.432,2.9669211916998712,0,1,0,0,1,0,0,1,0,0,0
116.0,1,1,5,2024,9,5,3,3,0,0,116.0,4.762173934797756,0,1,0,0,0,0,1,0,0,0,1
252.148,2,2,4,2024,5,5,6,2,1,0,126.074,5.533974297930433,0,0,1,0,0,0,1,0,0,0,1
41.86,1,1,5,2024,11,10,6,4,1,1,41.86,3.7579389900454307,1,0,0,0,0,1,0,0,0,0,1
1045.872,2,1,5,2024,7,30,1,3,0,0,522.936,6.953561949337684,1,0,0,1,0,0,0,0,0,0,1
126.17599999999999,3,1,6,2024,1,15,0,1,0,0,42.05866666666666,4.84557195385857,1,0,0,0,1,0,0,0,0,0,1
89.95,1,1,3,2024,7,20,5,3,1,0,89.95,4.5103099049641315,1,0,0,0,1,0,0,0,0,1,0
27.24,1,1,4,2024,9,29,6,3,1,0,27.24,3.3407394126250414,1,0,0,0,0,0,1,0,0,0,1
109.9,1,1,6,2024,1,22,0,1,0,0,109.9,4.7086288943563215,0,1,0,0,0,0,1,0,0,0,1
479.97,1,1,5,2024,11,9,5,4,1,1,479.97,6.175804898098298,1,0,0,0,0,0,1,0,0,0,1
87.84,1,1,4,2024,5,19,6,2,1,0,87.84,4.4868369990262265,0,1,0,0,0,0,1,0,0,0,1
4685.076,3,1,5,2024,10,21,0,4,0,0,1561.692,8.452350837459482,0,0,1,0,0,0,1,0,0,1,0
448.404,4,2,5,2024,4,8,0,2,0,0,112.101,6.1079222604681815,1,0,0,0,1,0,0,0,0,0,1
16.656,1,1,4,2024,5,24,4,2,0,0,16.656,2.8710756689544352,0,0,1,0,1,0,0,0,0,0,1
563.94,1,1,3,2024,12,18,2,4,0,1,563.94,6.3367195308171205,0,0,1,1,0,0,0,1,0,0,0
40.0,1,1,3,2024,12,27,4,4,0,1,40.0,3.713572066704308,1,0,0,0,1,0,0,0,0,1,0
14.62,1,1,4,2024,6,12,2,2,0,0,14.62,2.7485521444115397,0,1,0,0,0,0,1,0,0,1,0
452.464,2,2,6,2024,5,28,1,2,0,0,226.232,6.116915883824293,0,1,0,0,0,1,0,0,0,0,1
3.984,1,1,3,2024,4,24,2,2,0,0,3.984,1.606232781485152,1,0,0,0,0,0,1,1,0,0,0
1356.576,2,2,1,2024,3,15,4,1,0,0,678.288,7.213456035508009,0,1,0,0,0,0,1,1,0,0,0
511.948,4,2,5,2024,2,21,2,1,0,0,127.987,6.240174475510622,0,1,0,0,0,0,1,0,0,1,0
330.588,1,1,4,2024,10,1,1,4,0,0,330.588,5.803893234427804,1,0,0,0,1,0,0,0,0,0,1
29.384,2,2,4,2024,5,6,0,2,0,0,14.692,3.41391615406993,1,0,0,1,0,0,0,0,0,0,1
1311.97,3,2,5,2024,5,25,5,2,1,0,437.3233333333333,7.180047025603077,0,0,1,0,0,1,0,0,0,0,1
233.48,2,2,4,2024,4,18,3,2,0,0,116.74,5.457370296402637,1,0,0,0,0,1,0,0,0,0,1
732.17,4,3,6,2024,12,12,3,4,0,1,183.0425,6.597377598598167,0,0,1,1,0,0,0,0,0,0,1
43.6,1,1,2,2024,9,5,3,3,0,0,43.6,3.7977338590260183,0,1,0,0,1,0,0,1,0,0,0
387.136,1,1,5,2024,10,20,6,4,1,0,387.136,5.961355793670997,0,1,0,0,0,0,1,0,0,0,1
434.646,1,1,5,2024,4,26,4,2,0,0,434.646,6.076829986952601,0,0,1,0,1,0,0,0,0,0,1
40.896,2,1,5,2024,12,29,6,4,1,1,20.448,3.7351903569771867,0,1,0,0,0,1,0,0,0,0,1
93.36,1,1,4,2024,10,7,0,4,0,0,93.36,4.547117254539474,1,0,0,0,0,0,1,0,0,0,1
257.98,1,1,5,2024,11,11,0,4,0,1,257.98,5.556750838640694,1,0,0,1,0,0,0,0,0,0,1
212.88,1,1,4,2024,12,4,2,4,0,1,212.88,5.365415110080531,0,1,0,0,1,0,0,0,0,0,1
66.976,1,1,2,2024,12,18,2,4,0,1,66.976,4.21915470170124,0,1,0,0,0,0,1,1,0,0,0
145.5,2,1,5,2024,6,12,2,2,0,0,72.75,4.987025428457122,1,0,0,0,1,0,0,0,0,0,1
1499.95,1,1,2,2024,7,1,0,3,0,0,1499.95,7.313853519952718,0,0,1,0,0,0,1,1,0,0,0
235.851,3,2,5,2024,11,21,3,4,0,1,78.617,5.467431251442334,1,0,0,0,1,0,0,0,0,0,1
18.9,1,1,6,2024,7,28,6,3,1,0,18.9,2.990719731730447,1,0,0,0,0,0,1,0,0,0,1
538.022,4,1,4,2024,6,20,3,2,0,0,134.5055,6.289756386402564,0,0,1,0,1,0,0,0,0,0,1
736.26,4,2,5,2024,10,31,3,4,0,0,184.065,6.602940611523369,0,1,0,1,0,0,0,0,0,0,1
29.12,1,1,5,2024,11,5,1,4,0,1,29.12,3.405189402931693,0,0,1,0,0,0,1,0,0,0,1
1001.584,1,1,6,2024,9,27,4,3,0,0,1001.584,6.910335946194185,1,0,0,0,0,0,1,0,0,0,1
5.76,1,1,7,2024,8,22,3,3,0,0,5.76,1.9110228900548727,0,1,0,0,0,0,1,0,0,0,1
997.9340000000001,4,2,2,2024,6,23,6,2,1,0,249.48350000000002,6.9066887104000285,1,0,0,0,0,0,1,0,0,1,0
65.07000000000001,2,1,4,2024,9,25,2,3,0,0,32.535000000000004,4.190714786041794,0,1,0,0,0,0,1,0,0,0,1
197.97,1,1,3,2024,12,24,1,4,0,1,197.97,5.293154059591156,0,1,0,0,1,0,0,0,0,1,0
616.16,5,1,5,2024,6,23,6,2,1,0,123.232,6.425128309574825,1,0,0,0,1,0,0,0,0,0,1
191.88,1,1,4,2024,6,29,5,2,1,0,191.88,5.262068233872916,1,0,0,0,0,1,0,0,0,1,0
33.92,1,1,5,2024,12,5,3,4,0,1,33.92,3.5530597309714014,0,0,1,0,1,0,0,0,0,1,0
365.44,2,1,4,2024,3,15,4,1,0,0,182.72,5.903834797147008,0,0,1,0,0,1,0,0,0,0,1
86.2,1,1,7,2024,7,22,0,3,0,0,86.2,4.468204330914934,0,0,1,0,0,0,1,0,0,0,1
15.648,1,1,3,2024,10,3,3,4,0,0,15.648,2.8122900890913334,1,0,0,1,0,0,0,0,0,1,0
38.19,1,1,5,2024,10,28,0,4,0,0,38.19,3.66842161221154,1,0,0,0,0,1,0,0,0,0,1
181.797,1,1,0,2024,1,15,0,1,0,0,181.797,5.208376247506826,1,0,0,0,1,0,0,0,1,0,0
107.94,1,1,5,2024,9,5,3,3,0,0,107.94,4.690797271955528,0,0,1,1,0,0,0,0,0,0,1
383.438,1,1,4,2024,9,18,2,3,0,0,383.438,5.95178252756927,0,1,0,0,0,1,0,0,0,0,1
563.9399999999999,2,2,2,2024,11,10,6,4,1,1,281.96999999999997,6.33671953081712,1,0,0,1,0,0,0,1,0,0,0
91.475,1,1,3,2024,6,16,6,2,1,0,91.475,4.5269383377185175,0,0,1,0,0,1,0,0,0,1,0
79.384,1,1,0,2024,5,14,1,2,0,0,79.384,4.386815151405679,1,0,0,0,1,0,0,0,1,0,0
125.81,2,1,4,2024,12,9,0,4,0,1,62.905,4.842689903246808,1,0,0,0,1,0,0,0,0,0,1
7.764,1,1,4,2024,5,15,2,2,0,0,7.764,2.17065242173322,1,0,0,0,0,1,0,0,0,1,0
409.76,5,2,1,2024,6,20,3,2,0,0,81.952,6.018009102330094,1,0,0,0,0,0,1,1,0,0,0
37.768,2,1,5,2024,12,19,3,4,0,1,18.884,3.65759516407417,0,1,0,0,1,0,0,0,0,1,0
12.86,2,1,6,2024,9,24,1,3,0,0,6.43,2.6290069937617573,1,0,0,1,0,0,0,0,0,0,1
18.16,1,1,3,2024,10,17,3,4,0,0,18.16,2.9528247725427144,0,0,1,0,0,0,1,1,0,0,0
54.992,1,1,4,2024,1,11,3,1,0,0,54.992,4.0252088233872385,0,0,1,0,1,0,0,0,0,0,1
195.92000000000002,4,1,0,2024,7,21,6,3,1,0,48.980000000000004,5.28279755489,0,1,0,0,1,0,0,0,1,0,0
342.76,3,1,5,2024,10,15,1,4,0,0,114.25333333333333,5.839943739466739,0,1,0,0,0,1,0,0,0,0,1
1949.31,2,2,4,2024,12,15,6,4,1,1,974.655,7.575743613281682,0,1,0,1,0,0,0,0,0,0,1
254.98999999999998,2,2,4,2024,9,19,3,3,0,0,127.49499999999999,5.545138381216603,1,0,0,0,0,1,0,0,0,0,1
651.496,2,2,4,2024,4,12,4,2,0,0,325.748,6.480805008909859,1,0,0,0,0,0,1,0,0,0,1
458.574,3,2,4,2024,6,11,1,2,0,0,152.858,6.130299973443161,1,0,0,0,0,0,1,0,0,0,1
296.51,2,2,4,2024,9,4,2,3,0,0,148.255,5.695447837866143,1,0,0,1,0,0,0,0,0,0,1
1263.67,5,2,6,2024,10,28,0,4,0,0,252.734,7.14256649756402,0,1,0,0,1,0,0,0,0,0,1
1517.049,4,3,5,2024,12,1,6,4,1,1,379.26225,7.325181236749497,1,0,0,0,1,0,0,0,0,1,0
27.88,1,1,4,2024,11,20,2,4,0,1,27.88,3.3631493140246254,0,1,0,0,0,0,1,0,0,0,1
37.05,1,1,4,2024,5,23,3,2,0,0,37.05,3.6389010843076948,1,0,0,0,0,0,1,0,0,0,1
370.184,2,2,5,2024,7,21,6,3,1,0,185.092,5.91669789653479,1,0,0,0,0,1,0,0,0,0,1
503.4,4,2,2,2024,9,12,3,3,0,0,125.85,6.223369604090764,0,1,0,0,0,0,1,0,0,1,0
1120.368,2,2,7,2024,12,13,4,4,0,1,560.184,7.022304647523547,0,1,0,0,0,0,1,0,0,0,1
165.6,1,1,6,2024,12,2,0,4,0,1,165.6,5.115595729732743,0,1,0,0,0,0,1,0,0,0,1
10.74,1,1,0,2024,11,4,0,4,0,1,10.74,2.4630018143999504,1,0,0,0,0,1,0,0,1,0,0
547.997,2,2,4,2024,9,26,3,3,0,0,273.9985,6.308092977013726,0,1,0,1,0,0,0,0,0,0,1
11.84,1,1,0,2024,11,5,1,4,0,1,11.84,2.552565298261815,1,0,0,1,0,0,0,0,1,0,0
33.216,3,1,2,2024,9,11,2,3,0,0,11.072000000000001,3.5326933709246076,0,1,0,0,0,0,1,1,0,0,0
403.92,1,1,2,2024,12,11,2,4,0,1,403.92,6.003689516730551,0,0,1,0,0,0,1,1,0,0,0
8539.02,4,2,4,2024,5,23,3,2,0,0,2134.755,9.052518628700248,1,0,0,0,1,0,0,0,0,0,1
81.94,1,1,2,2024,12,5,3,4,0,1,81.94,4.418117454818235,0,1,0,0,1,0,0,1,0,0,0
2145.25,2,1,2,2024,12,1,6,4,1,1,1072.625,7.6714774122116856,0,1,0,0,0,1,0,0,0,1,0
145.764,1,1,4,2024,8,12,0,3,0,0,145.764,4.988825854498598,0,0,1,0,1,0,0,0,0,0,1
130.36,2,1,6,2024,7,28,6,3,1,0,65.18,4.8779416457041185,0,0,1,1,0,0,0,0,0,0,1
262.1,3,1,0,2024,6,26,2,2,0,0,87.36666666666667,5.572534188046247,0,1,0,0,0,0,1,0,1,0,0
344.01800000000003,3,3,2,2024,11,5,1,4,0,1,114.67266666666667,5.843596589583392,1,0,0,0,0,0,1,0,0,1,0
863.128,1,1,5,2024,7,31,2,3,0,0,863.128,6.761720905979351,0,1,0,0,0,0,1,0,0,0,1
1085.42,1,1,4,2024,10,31,3,4,0,0,1085.42,6.9906431660606065,0,1,0,0,0,0,1,0,0,0,1
698.5,2,1,6,2024,12,10,1,4,0,1,349.25,6.550365794105536,1,0,0,0,1,0,0,0,0,0,1
19.648,1,1,4,2024,8,1,3,3,0,0,19.648,3.0276184624163127,0,1,0,1,0,0,0,0,0,1,0
314.39300000000003,4,2,0,2024,10,28,0,4,0,0,78.59825000000001,5.753819480243331,1,0,0,0,0,1,0,0,1,0,0
57.576,1,1,4,2024,2,23,4,1,0,0,57.576,4.070325056377881,0,1,0,0,1,0,0,0,0,0,1
91.23,2,1,5,2024,9,5,3,3,0,0,45.615,4.524285457247627,0,0,1,1,0,0,0,0,0,0,1
119.976,1,1,5,2024,11,7,3,4,0,1,119.976,4.795592178815914,0,1,0,0,1,0,0,0,0,0,1
73.784,1,1,6,2024,2,2,4,1,0,0,73.784,4.3146039583564475,0,1,0,1,0,0,0,0,0,0,1
154.44,1,1,4,2024,10,21,0,4,0,0,154.44,5.046259805069185,1,0,0,0,0,0,1,0,0,0,1
1427.308,3,2,6,2024,9,2,0,3,0,0,475.76933333333335,7.264245805917099,1,0,0,1,0,0,0,0,0,0,1
13.83,2,1,5,2024,4,18,3,2,0,0,6.915,2.696652156149841,0,1,0,0,1,0,0,0,0,0,1
111.888,1,1,4,2024,4,30,1,2,0,0,111.888,4.726396176755459,0,1,0,0,0,0,1,0,0,0,1
6.3,1,1,2,2024,7,22,0,3,0,0,6.3,1.9878743481543455,0,1,0,0,0,0,1,0,0,1,0
186.95,2,2,3,2024,11,27,2,4,0,1,93.475,5.236175970010187,0,1,0,1,0,0,0,1,0,0,0
599.292,1,1,5,2024,10,3,3,4,0,0,599.292,6.397416203498998,1,0,0,0,1,0,0,0,0,0,1
11.952,1,1,3,2024,12,5,3,4,0,1,11.952,2.561250216375334,0,1,0,1,0,0,0,0,0,1,0
73.33,2,2,2,2024,11,26,1,4,0,1,36.665,4.308514638737202,0,0,1,0,1,0,0,1,0,0,0
899.59,9,3,4,2024,11,10,6,4,1,1,99.95444444444445,6.803050104097186,0,0,1,0,1,0,0,0,0,0,1
10.784,1,1,2,2024,9,6,4,3,0,0,10.784,2.4667426791603293,1,0,0,1,0,0,0,1,0,0,0
79.14,1,1,2,2024,5,5,6,2,1,0,79.14,4.383775105207999,1,0,0,0,0,1,0,1,0,0,0
610.418,7,3,3,2024,12,18,2,4,0,1,87.20257142857143,6.415780849651434,0,0,1,0,0,0,1,1,0,0,0
179.53680000000003,3,2,3,2024,8,28,2,3,0,0,59.84560000000001,5.19593463510896,1,0,0,1,0,0,0,1,0,0,0
39.0,1,1,7,2024,11,20,2,4,0,1,39.0,3.6888794541139363,0,1,0,0,0,0,1,0,0,0,1
3.282,1,1,1,2024,5,30,3,2,0,0,3.282,1.4544201901674911,1,0,0,0,0,1,0,1,0,0,0
492.966,6,3,5,2024,11,11,0,4,0,1,82.161,6.2024666889083795,0,1,0,0,1,0,0,0,0,0,1
256.19599999999997,7,2,6,2024,10,13,6,4,1,0,36.59942857142857,5.549838440142995,1,0,0,0,0,0,1,0,0,0,1
393.25,1,1,4,2024,9,20,4,3,0,0,393.25,5.976985225843148,1,0,0,0,1,0,0,0,0,0,1
3354.98,2,2,6,2024,9,11,2,3,0,0,1677.49,8.118499108093772,1,0,0,0,0,0,1,0,0,0,1
64.248,2,2,4,2024,10,4,4,4,0,0,32.124,4.178195394392045,0,1,0,0,0,1,0,0,0,0,1
962.406,3,3,5,2024,3,3,6,1,1,0,320.80199999999996,6.8704749221194295,1,0,0,1,0,0,0,0,0,0,1
40.74,1,1,3,2024,6,17,0,2,0,0,40.74,3.7314599016490546,1,0,0,0,1,0,0,0,0,1,0
124.58,4,1,0,2024,9,26,3,3,0,0,31.145,4.832943005685963,1,0,0,0,0,0,1,0,1,0,0
1264.14,3,2,5,2024,9,18,2,3,0,0,421.38000000000005,7.1429380669746925,1,0,0,0,0,1,0,0,0,0,1
802.02,3,2,5,2024,12,18,2,4,0,1,267.34,6.688379620236846,0,1,0,0,0,0,1,0,0,0,1
549.775,6,3,5,2024,8,27,1,3,0,0,91.62916666666666,6.311326377298629,1,0,0,0,1,0,0,0,0,1,0
40.635,1,1,3,2024,5,20,0,2,0,0,40.635,3.728941159687783,0,0,1,0,0,0,1,1,0,0,0
133.38,1,1,5,2024,12,14,5,4,1,1,133.38,4.900671607492004,1,0,0,0,0,1,0,0,0,0,1
264.18,1,1,5,2024,2,14,2,1,0,0,264.18,5.580408840686573,1,0,0,0,0,1,0,0,0,0,1
141.576,3,2,5,2024,11,21,3,4,0,1,47.192,4.959875190870364,1,0,0,1,0,0,0,0,0,0,1
558.24,2,2,4,2024,3,11,0,1,0,0,279.12,6.326578719119624,0,0,1,0,0,1,0,0,0,0,1
1020.8900000000001,2,2,4,2024,9,10,1,3,0,0,510.44500000000005,6.929409132876967,1,0,0,1,0,0,0,0,0,1,0
12.96,1,1,5,2024,1,22,0,1,0,0,12.96,2.6361960973342264,1,0,0,0,0,0,1,0,0,0,1
216.22400000000002,2,2,3,2024,12,14,5,4,1,1,108.11200000000001,5.380929079192979,0,1,0,0,0,0,1,1,0,0,0
67.32000000000001,2,1,0,2024,4,21,6,2,1,0,33.660000000000004,4.224202549480315,1,0,0,0,1,0,0,0,1,0,0
39.68,1,1,4,2024,1,28,6,1,1,0,39.68,3.7057365711803594,0,1,0,0,0,0,1,0,0,1,0
1.941,1,1,2,2024,7,21,6,3,1,0,1.941,1.078749659571858,0,1,0,0,1,0,0,0,0,1,0
1054.928,2,1,2,2024,11,15,4,4,0,1,527.464,6.962175280123539,1,0,0,0,0,0,1,0,0,1,0
67.0,1,1,2,2024,10,29,1,4,0,0,67.0,4.219507705176107,1,0,0,1,0,0,0,1,0,0,0
192.8,1,1,0,2024,11,4,0,4,0,1,192.8,5.266826699456666,1,0,0,0,0,0,1,0,1,0,0
90.51599999999999,2,1,0,2024,5,2,3,2,0,0,45.257999999999996,4.516513820382634,1,0,0,0,1,0,0,0,1,0,0
1403.92,1,1,5,2024,10,31,3,4,0,0,1403.92,7.247735640644952,0,1,0,0,0,0,1,0,0,0,1
1562.086,6,3,5,2024,5,22,2,2,0,0,260.34766666666667,7.354417351300635,1,0,0,0,1,0,0,0,0,0,1
442.5,2,1,3,2024,12,10,1,4,0,1,221.25,6.094697801749634,1,0,0,0,1,0,0,1,0,0,0
18.84,1,1,4,2024,12,18,2,4,0,1,18.84,2.987700101856727,0,1,0,1,0,0,0,0,0,0,1
217.44,2,2,4,2024,12,17,1,4,0,1,108.72,5.386511377283953,0,1,0,1,0,0,0,0,0,0,1
80.28,1,1,2,2024,12,10,1,4,0,1,80.28,4.397899983830172,0,0,1,0,0,0,1,1,0,0,0
1376.445,4,2,2,2024,7,4,3,3,0,0,344.11125,7.227985612825231,1,0,0,0,0,0,1,1,0,0,0
2377.56,2,2,4,2024,10,17,3,4,0,0,1188.78,7.7742505415369285,0,0,1,1,0,0,0,0,0,1,0
695.7,1,1,3,2024,6,9,6,2,1,0,695.7,6.546354902036073,1,0,0,0,0,1,0,1,0,0,0
1321.467,2,2,2,2024,6,12,2,2,0,0,660.7335,7.187254210680109,0,0,1,1,0,0,0,0,0,1,0
1439.976,1,1,2,2024,7,25,3,3,0,0,1439.976,7.2730759407602,1,0,0,0,1,0,0,1,0,0,0
117.96,1,1,5,2024,2,2,4,1,0,0,117.96,4.778787302151899,1,0,0,0,1,0,0,0,0,0,1
38.88,1,1,4,2024,5,30,3,2,0,0,38.88,3.6858749450936377,0,0,1,0,0,0,1,0,0,0,1
89.97,1,1,5,2024,12,26,3,4,0,1,89.97,4.51052978183397,1,0,0,0,1,0,0,0,0,0,1
31.56,1,1,4,2024,4,22,0,2,0,0,31.56,3.4830845411343394,1,0,0,0,0,0,1,0,0,1,0
14.82,1,1,5,2024,11,7,3,4,0,1,14.82,2.761274962339508,0,1,0,0,0,0,1,0,0,0,1
19.54,1,1,4,2024,11,13,2,4,0,1,19.54,3.0223742045004123,0,0,1,0,0,0,1,0,0,0,1
15.552,1,1,2,2024,1,31,2,1,0,0,15.552,2.8065069404432417,1,0,0,1,0,0,0,0,0,1,0
161.28,1,1,3,2024,8,16,4,3,0,0,161.28,5.089323238338246,0,1,0,0,0,0,1,1,0,0,0
6.48,1,1,3,2024,8,26,0,3,0,0,6.48,2.012232791986386,1,0,0,0,0,0,1,0,0,1,0
165.55200000000002,2,1,5,2024,1,22,0,1,0,0,82.77600000000001,5.115307572973473,0,0,1,0,1,0,0,0,0,0,1
179.97,1,1,4,2024,8,7,2,3,0,0,179.97,5.19833127167211,0,1,0,0,0,0,1,0,0,0,1
46.35,1,1,2,2024,6,16,6,2,1,0,46.35,3.8575668196320874,1,0,0,0,0,0,1,0,0,1,0
870.04,4,3,4,2024,12,25,2,4,0,1,217.51,6.7696879000230465,1,0,0,0,0,1,0,0,0,0,1
86.352,1,1,5,2024,5,2,3,2,0,0,86.352,4.469945932711765,1,0,0,1,0,0,0,0,0,0,1
361.376,1,1,4,2024,11,15,4,4,0,1,361.376,5.892682346810278,0,1,0,0,0,0,1,0,0,0,1
477.666,1,1,2,2024,9,25,2,3,0,0,477.666,6.17100306818143,0,1,0,0,0,0,1,1,0,0,0
383.8,1,1,4,2024,4,14,6,2,1,0,383.8,5.952723718791551,1,0,0,0,0,0,1,0,0,0,1
1119.1480000000001,5,3,5,2024,5,26,6,2,1,0,223.82960000000003,7.021216098416185,1,0,0,0,0,0,1,0,0,0,1
53.248,1,1,3,2024,11,5,1,4,0,1,53.248,3.993566125381541,1,0,0,0,0,0,1,1,0,0,0
55.416,2,2,4,2024,4,17,2,2,0,0,27.708,4.03275280621546,0,0,1,0,0,1,0,0,0,1,0
52.096000000000004,3,1,2,2024,9,5,3,3,0,0,17.365333333333336,3.972101595843624,0,1,0,1,0,0,0,0,0,1,0
77.88,1,1,5,2024,9,6,4,3,0,0,77.88,4.36792771029438,0,1,0,1,0,0,0,0,0,0,1
26.94,1,1,4,2024,5,26,6,2,1,0,26.94,3.330059353828816,1,0,0,1,0,0,0,0,0,0,1
1344.4199999999998,3,2,4,2024,4,24,2,2,0,0,448.13999999999993,7.204461510948534,0,0,1,0,0,0,1,0,0,0,1
195.184,1,1,5,2024,7,2,1,3,0,0,195.184,5.2790529943665785,0,1,0,0,0,0,1,0,0,1,0
37.17,1,1,0,2024,7,25,3,3,0,0,37.17,3.6420498667571386,0,0,1,0,0,0,1,0,1,0,0
22.752,1,1,1,2024,11,12,1,4,0,1,22.752,3.1676667374614587,0,1,0,1,0,0,0,1,0,0,0
5.344,1,1,4,2024,9,15,6,3,1,0,5.344,1.847509484332547,1,0,0,0,1,0,0,0,0,0,1
10.44,1,1,1,2024,7,25,3,3,0,0,10.44,2.437115985951652,0,0,1,0,0,1,0,1,0,0,0
4.18,1,1,6,2024,11,13,2,4,0,1,4.18,1.6448050562713916,0,0,1,0,0,0,1,0,0,0,1
7.38,1,1,5,2024,11,14,3,4,0,1,7.38,2.1258479144939915,1,0,0,0,0,0,1,0,0,0,1
273.92,1,1,3,2024,12,9,0,4,0,1,273.92,5.616480146253404,0,1,0,0,0,0,1,1,0,0,0
61.38,1,1,4,2024,6,5,2,2,0,0,61.38,4.133244711179657,0,1,0,0,0,0,1,0,0,0,1
60.144,1,1,7,2024,10,8,1,4,0,0,60.144,4.113231737940583,0,0,1,1,0,0,0,0,0,0,1
545.01,4,2,4,2024,12,3,1,4,0,1,136.2525,6.302637290595502,1,0,0,0,0,0,1,0,0,0,1
131.104,3,1,3,2024,9,4,2,3,0,0,43.70133333333334,4.883589491160687,1,0,0,0,0,1,0,0,0,1,0
841.568,1,1,5,2024,9,15,6,3,1,0,841.568,6.736454371135637,0,1,0,0,1,0,0,0,0,0,1
88.04,1,1,5,2024,4,1,0,2,0,0,88.04,4.489085706967289,1,0,0,0,1,0,0,0,0,0,1
66.92,2,2,2,2024,12,22,6,4,1,1,33.46,4.218330542003092,0,0,1,0,0,0,1,0,0,1,0
64.59,2,2,5,2024,6,20,3,2,0,0,32.295,4.183423245305645,0,1,0,1,0,0,0,0,0,0,1
487.22,2,2,5,2024,9,23,0,3,0,0,243.61,6.190766123936621,1,0,0,0,0,1,0,0,0,1,0
17.92,1,1,6,2024,4,8,0,2,0,0,17.92,2.9402195636237325,1,0,0,0,0,1,0,0,0,0,1
7.9079999999999995,2,1,5,2024,9,11,2,3,0,0,3.9539999999999997,2.1869497493951213,1,0,0,1,0,0,0,0,0,0,1
90.48,1,1,6,2024,2,4,6,1,1,0,90.48,4.516120369154581,1,0,0,0,1,0,0,0,0,0,1
10.86,1,1,4,2024,8,16,4,3,0,0,10.86,2.4731713935695794,1,0,0,0,0,0,1,0,0,0,1
1599.864,6,3,7,2024,8,23,4,3,0,0,266.644,7.378298762480339,1,0,0,0,0,0,1,0,0,0,1
252.007,4,2,4,2024,5,31,4,2,0,0,63.00175,5.533417156328959,1,0,0,1,0,0,0,0,0,0,1
10.776,1,1,5,2024,11,17,6,4,1,1,10.776,2.4660635619865205,1,0,0,0,0,0,1,0,0,0,1
11.992,1,1,2,2024,3,20,2,1,0,0,11.992,2.5643337834193223,1,0,0,1,0,0,0,0,0,1,0
900.08,1,1,2,2024,12,18,2,4,0,1,900.08,6.803594043899793,0,0,1,0,1,0,0,0,0,1,0
211.168,1,1,7,2024,8,6,1,3,0,0,211.168,5.357378413677241,1,0,0,0,0,0,1,0,0,0,1
14.78,1,1,3,2024,8,20,1,3,0,0,14.78,2.7587433154177283,0,0,1,1,0,0,0,1,0,0,0
230.088,2,2,1,2024,9,12,3,3,0,0,115.044,5.4427985903588105,0,0,1,0,0,0,1,0,1,0,0
34.34,2,2,4,2024,12,20,4,4,0,1,17.17,3.5650154668915506,0,0,1,0,0,1,0,0,0,0,1
7.92,1,1,5,2024,10,21,0,4,0,0,7.92,2.188295946591918,0,1,0,0,1,0,0,0,0,0,1
17.05,1,1,5,2024,10,23,2,4,0,0,17.05,2.89314568477889,0,0,1,0,0,0,1,0,0,0,1
112.12,3,1,1,2024,9,5,3,3,0,0,37.373333333333335,4.728449202148263,1,0,0,0,0,0,1,1,0,0,0
8.32,1,1,3,2024,4,21,6,2,1,0,8.32,2.2321626286975,1,0,0,0,0,0,1,1,0,0,0
18.72,1,1,7,2024,12,26,3,4,0,1,18.72,2.9816333491744893,0,1,0,0,0,0,1,0,0,0,1
744.15,4,3,6,2024,9,1,6,3,1,0,186.0375,6.613585540394801,1,0,0,0,1,0,0,0,0,0,1
16.52,1,1,7,2024,9,22,6,3,1,0,16.52,2.8633430855082453,0,0,1,0,1,0,0,0,0,0,1
311.97,3,2,4,2024,1,15,0,1,0,0,103.99000000000001,5.7461073393012025,0,0,1,0,1,0,0,0,0,0,1
271.992,1,1,2,2024,11,27,2,4,0,1,271.992,5.609442490726284,1,0,0,0,0,0,1,0,0,1,0
993.9000000000001,2,1,3,2024,11,8,4,4,0,1,496.95000000000005,6.9026422295953145,1,0,0,0,0,1,0,0,0,1,0
85.5,3,1,0,2024,7,1,0,3,0,0,28.5,4.460144413937834,1,0,0,0,0,1,0,0,1,0,0
383.14,5,1,3,2024,11,12,1,4,0,1,76.628,5.951007069476706,0,1,0,1,0,0,0,0,0,1,0
1603.136,1,1,5,2024,11,7,3,4,0,1,1603.136,7.3803405728620834,0,0,1,0,0,0,1,0,0,0,1
1184.6999999999998,2,2,2,2024,8,26,0,3,0,0,592.3499999999999,7.078088596464025,0,1,0,1,0,0,0,1,0,0,0
5.304,1,1,4,2024,6,26,2,2,0,0,5.304,1.841184352555578,0,1,0,1,0,0,0,0,0,0,1
13.776,1,1,6,2024,5,15,2,2,0,0,13.776,2.6930042428969387,1,0,0,0,1,0,0,0,0,0,1
68.52,1,1,6,2024,9,12,3,3,0,0,68.52,4.241614480957137,0,1,0,1,0,0,0,0,0,0,1
839.9440000000001,2,2,0,2024,7,8,0,3,0,0,419.97200000000004,6.734525070359952,1,0,0,0,0,1,0,0,1,0,0
12.96,1,1,4,2024,7,8,0,3,0,0,12.96,2.6361960973342264,0,1,0,0,1,0,0,0,0,0,1
44.040000000000006,2,1,5,2024,6,20,3,2,0,0,22.020000000000003,3.807550983831435,0,1,0,0,0,0,1,0,0,1,0
1702.38,3,3,4,2024,3,29,4,1,0,0,567.46,7.440369791414616,0,0,1,1,0,0,0,0,0,1,0
40.2,1,1,6,2024,10,27,6,4,1,0,40.2,3.7184382563554808,1,0,0,0,1,0,0,0,0,0,1
32.4,1,1,5,2024,11,21,3,4,0,1,32.4,3.5085558999826545,0,1,0,0,0,0,1,0,0,0,1
436.96000000000004,2,2,3,2024,10,17,3,4,0,0,218.48000000000002,6.082127582005224,1,0,0,0,1,0,0,1,0,0,0
1282.6100000000001,8,3,5,2024,5,30,3,2,0,0,160.32625000000002,7.157431699794324,0,0,1,1,0,0,0,0,0,0,1
173.488,1,1,3,2024,6,15,5,2,1,0,173.488,5.161855971369551,1,0,0,1,0,0,0,1,0,0,0
6.12,1,1,2,2024,4,13,5,2,1,0,6.12,1.9629077254238845,1,0,0,0,0,0,1,1,0,0,0
29.472,1,1,4,2024,4,28,6,2,1,0,29.472,3.416808229176303,0,0,1,0,0,0,1,0,0,0,1
29.74,1,1,3,2024,11,10,6,4,1,1,29.74,3.4255647381104497,1,0,0,0,0,0,1,1,0,0,0
146.04,1,1,0,2024,9,8,6,3,1,0,146.04,4.990704658607377,1,0,0,0,0,0,1,0,1,0,0
224.75,1,1,3,2024,9,11,2,3,0,0,224.75,5.419428192297095,1,0,0,1,0,0,0,1,0,0,0
1111.4180000000001,2,2,4,2024,9,14,5,3,1,0,555.7090000000001,7.014291303458669,1,0,0,0,1,0,0,0,0,0,1
30.96,1,1,5,2024,9,3,1,3,0,0,30.96,3.464485120898074,0,1,0,0,1,0,0,0,0,0,1
435.84999999999997,4,2,3,2024,3,9,5,1,1,0,108.96249999999999,6.079589886744103,1,0,0,0,1,0,0,1,0,0,0
783.96,1,1,3,2024,10,25,4,4,0,0,783.96,6.665632761070125,0,1,0,0,0,1,0,1,0,0,0
27.21,2,1,2,2024,1,25,3,1,0,0,13.605,3.339676525013905,0,1,0,0,1,0,0,1,0,0,0
39.99,1,1,6,2024,8,18,6,3,1,0,39.99,3.7133281345162463,0,1,0,0,1,0,0,0,0,0,1
577.1220000000001,2,2,4,2024,6,27,3,2,0,0,288.56100000000004,6.359784919064037,0,1,0,1,0,0,0,0,0,0,1
1761.8500000000001,2,2,3,2024,12,3,1,4,0,1,880.9250000000001,7.474687096532,1,0,0,0,0,0,1,1,0,0,0
381.804,3,1,1,2024,1,30,1,1,0,0,127.26799999999999,5.947523108844999,1,0,0,0,0,0,1,1,0,0,0
839.988,1,1,2,2024,5,30,3,2,0,0,839.988,6.734577391143444,0,1,0,0,1,0,0,1,0,0,0
143.702,2,1,4,2024,10,30,2,4,0,0,71.851,4.974676455241989,0,1,0,0,1,0,0,0,0,0,1
362.342,5,3,6,2024,10,13,6,4,1,0,72.4684,5.895344539481606,1,0,0,1,0,0,0,0,0,0,1
16.99,1,1,6,2024,3,4,0,1,0,0,16.99,2.8898160479624417,0,0,1,0,0,0,1,0,0,0,1
187.056,1,1,6,2024,5,2,3,2,0,0,187.056,5.236739790815217,1,0,0,0,0,1,0,0,0,0,1
105.52,1,1,6,2024,2,1,3,1,0,0,105.52,4.668332760945732,0,1,0,0,0,0,1,0,0,0,1
222.384,1,1,7,2024,5,22,2,2,0,0,222.384,5.4088922636584185,0,1,0,0,0,0,1,0,0,0,1
127.95,1,1,4,2024,9,24,1,3,0,0,127.95,4.859424732327354,1,0,0,1,0,0,0,0,0,0,1
4.98,1,1,4,2024,5,23,3,2,0,0,4.98,1.7884205679625405,0,0,1,0,0,1,0,0,0,0,1
28.4,1,1,4,2024,11,16,5,4,1,1,28.4,3.380994674344636,1,0,0,0,0,0,1,0,0,0,1
9.555,1,1,4,2024,9,5,3,3,0,0,9.555,2.356599681300284,1,0,0,0,1,0,0,0,0,0,1
692.94,1,1,7,2024,6,9,6,2,1,0,692.94,6.542385501437915,0,0,1,1,0,0,0,0,0,0,1
225.296,1,1,2,2024,8,15,3,3,0,0,225.296,5.421843876831486,1,0,0,0,0,1,0,0,0,1,0
72.892,3,2,4,2024,11,22,4,4,0,1,24.29733333333333,4.302604567696391,0,1,0,0,1,0,0,0,0,0,1
321.568,1,1,5,2024,12,10,1,4,0,1,321.568,5.776313966722697,1,0,0,0,0,0,1,0,0,1,0
475.86,5,2,2,2024,6,28,4,2,0,0,95.172,6.167222946760261,1,0,0,0,1,0,0,0,0,1,0
7.712,1,1,4,2024,4,30,1,2,0,0,7.712,2.1647013856306594,1,0,0,0,1,0,0,0,0,0,1
37.94,1,1,2,2024,4,7,6,2,1,0,37.94,3.6620219999440535,0,1,0,0,1,0,0,1,0,0,0
377.97,1,1,2,2024,6,13,3,2,0,0,377.97,5.937457046276627,0,0,1,1,0,0,0,0,0,1,0
10.56,1,1,5,2024,10,7,0,4,0,0,10.56,2.4475508632442313,1,0,0,0,0,0,1,0,0,0,1
99.87199999999999,2,2,4,2024,9,8,6,3,1,0,49.93599999999999,4.613852386370925,1,0,0,0,0,1,0,0,0,0,1
239.43,2,2,7,2024,12,26,3,4,0,1,119.715,5.482428986888488,0,1,0,0,1,0,0,0,0,0,1
83.66,2,1,2,2024,9,24,1,3,0,0,41.83,4.438643235092778,0,1,0,0,0,0,1,0,0,1,0
46.53,1,1,5,2024,12,17,1,4,0,1,46.53,3.861361090625918,0,0,1,0,0,0,1,0,0,0,1
25.92,1,1,4,2024,9,14,5,3,1,0,25.92,3.2928695047765273,0,0,1,0,0,1,0,0,0,0,1
21.21,1,1,7,2024,12,16,0,4,0,1,21.21,3.100542637906336,0,0,1,0,0,0,1,0,0,0,1
127.28,2,2,6,2024,7,8,0,3,0,0,63.64,4.854215374824954,1,0,0,0,0,0,1,0,0,0,1
71.156,3,2,4,2024,9,1,6,3,1,0,23.718666666666667,4.278830441845432,0,1,0,0,1,0,0,0,0,0,1
44.02,1,1,4,2024,11,13,2,4,0,1,44.02,3.8071068354785864,0,0,1,0,0,0,1,0,0,0,1
1179.27,4,2,0,2024,10,21,0,4,0,0,294.8175,7.073498504845203,0,1,0,0,1,0,0,0,1,0,0
2003.52,1,1,4,2024,12,17,1,4,0,1,2003.52,7.603159909583297,1,0,0,0,0,0,1,0,0,0,1
240.04,2,1,5,2024,4,18,3,2,0,0,120.02,5.484962894822046,0,0,1,1,0,0,0,0,0,0,1
54.9,1,1,0,2024,5,28,1,2,0,0,54.9,4.023564380161053,0,1,0,0,1,0,0,0,1,0,0
21.503999999999998,2,1,4,2024,8,13,1,3,0,0,10.751999999999999,3.1136930711875555,1,0,0,0,0,1,0,0,0,1,0
337.176,1,1,7,2024,6,14,4,2,0,0,337.176,5.823566470019751,0,1,0,0,1,0,0,0,0,0,1
1399.944,1,1,3,2024,8,12,0,3,0,0,1399.944,7.2449015740891625,1,0,0,1,0,0,0,0,0,1,0
1085.688,2,2,0,2024,8,1,3,3,0,0,542.844,6.990889817401781,0,1,0,0,0,0,1,0,1,0,0
111.75,2,2,1,2024,10,1,1,4,0,0,55.875,4.725172978382788,1,0,0,1,0,0,0,1,0,0,0
38.376,1,1,6,2024,12,31,1,4,0,1,38.376,3.6731564936487,1,0,0,0,0,0,1,0,0,0,1
250.48000000000002,2,2,5,2024,8,13,1,3,0,0,125.24000000000001,5.5273634635148605,0,1,0,1,0,0,0,0,0,1,0
482.584,3,3,2,2024,8,2,4,3,0,0,160.86133333333333,6.181225032998935,0,1,0,0,0,0,1,0,0,1,0
754.45,1,1,4,2024,12,29,6,4,1,1,754.45,6.62731359818585,1,0,0,1,0,0,0,0,0,0,1
305.248,6,3,6,2024,10,14,0,4,0,0,50.87466666666666,5.724395231225367,1,0,0,0,0,1,0,0,0,0,1
60.485,3,2,4,2024,5,29,2,2,0,0,20.161666666666665,4.1187932426244105,1,0,0,0,0,1,0,0,0,0,1
911.256,2,2,2,2024,7,8,0,3,0,0,455.628,6.815920652439351,0,1,0,1,0,0,0,0,0,1,0
933.95,4,2,6,2024,11,30,5,4,1,1,233.4875,6.840493051922969,1,0,0,1,0,0,0,0,0,0,1
68.952,2,1,6,2024,10,27,6,4,1,0,34.476,4.247809292554074,0,1,0,0,0,0,1,0,0,0,1
57.239999999999995,2,1,6,2024,7,16,1,3,0,0,28.619999999999997,4.06457240388843,0,1,0,1,0,0,0,0,0,0,1
199.18,6,2,4,2024,7,16,1,3,0,0,33.196666666666665,5.299216961790873,0,1,0,0,0,1,0,0,0,1,0
425.954,2,1,2,2024,7,19,4,3,0,0,212.977,6.056676279088274,0,0,1,0,0,0,1,1,0,0,0
641.96,1,1,5,2024,5,19,6,2,1,0,641.96,6.466082513904463,1,0,0,0,0,1,0,0,0,0,1
799.56,1,1,4,2024,12,24,1,4,0,1,799.56,6.6853114827822,1,0,0,0,1,0,0,0,0,0,1
83.15,4,2,6,2024,5,26,6,2,1,0,20.7875,4.4326009206368155,1,0,0,0,1,0,0,0,0,0,1
1120.73,3,2,2,2024,11,5,1,4,0,1,373.57666666666665,7.022627415412549,1,0,0,0,0,1,0,1,0,0,0
840.0,2,2,4,2024,12,1,6,4,1,1,420.0,6.734591659972948,1,0,0,0,1,0,0,0,0,1,0
18.48,1,1,2,2024,11,19,1,4,0,1,18.48,2.969388298214389,1,0,0,0,0,1,0,1,0,0,0
107.396,3,2,2,2024,9,18,2,3,0,0,35.79866666666667,4.685791187955707,1,0,0,0,1,0,0,1,0,0,0
88.15,2,2,5,2024,7,14,6,3,1,0,44.075,4.49032034430915,1,0,0,0,0,1,0,0,0,0,1
194.848,1,1,1,2024,10,1,1,4,0,0,194.848,5.277338848162839,1,0,0,0,0,0,1,1,0,0,0
227.65800000000002,3,2,2,2024,10,10,3,4,0,0,75.88600000000001,5.432227437464884,0,1,0,0,0,0,1,1,0,0,0
9.99,1,1,5,2024,9,26,3,3,0,0,9.99,2.3969857684155302,0,1,0,1,0,0,0,0,0,1,0
27.792,1,1,2,2024,12,29,6,4,1,1,27.792,3.3600975707767295,1,0,0,0,0,0,1,0,0,1,0
677.9490000000001,7,3,5,2024,6,4,1,2,0,0,96.84985714285715,6.520546014281211,1,0,0,1,0,0,0,0,0,1,0
140.81,1,1,5,2024,7,18,3,3,0,0,140.81,4.954488133473255,0,1,0,0,0,1,0,0,0,0,1
1999.96,1,1,5,2024,12,23,0,4,0,1,1999.96,7.6013823443789335,0,1,0,0,1,0,0,0,0,1,0
24.85,1,1,6,2024,12,23,0,4,0,1,24.85,3.2523106009544382,0,1,0,1,0,0,0,0,0,0,1
1091.4399999999998,3,1,4,2024,8,23,4,3,0,0,363.8133333333333,6.996169005553125,0,1,0,0,1,0,0,0,0,0,1
23.36,1,1,4,2024,1,31,2,1,0,0,23.36,3.192942442841696,0,1,0,0,1,0,0,0,0,1,0
1422.252,2,2,2,2024,9,3,1,3,0,0,711.126,7.260699673064702,0,0,1,0,1,0,0,1,0,0,0
109.252,2,1,4,2024,1,4,3,1,0,0,54.626,4.702768654751986,0,1,0,0,1,0,0,0,0,0,1
686.4,1,1,4,2024,11,4,0,4,0,1,686.4,6.532916364415733,1,0,0,0,0,0,1,0,0,0,1
10.584,1,1,4,2024,12,8,6,4,1,1,10.584,2.4496248356433608,0,0,1,0,1,0,0,0,0,1,0
159.98,1,1,4,2024,3,4,0,1,0,0,159.98,5.0812801336655875,0,1,0,0,1,0,0,0,0,0,1
253.03000000000003,3,2,1,2024,5,17,4,2,0,0,84.34333333333335,5.537452370280293,1,0,0,0,1,0,0,1,0,0,0
123.92,1,1,5,2024,5,30,3,2,0,0,123.92,4.827673532414877,1,0,0,0,1,0,0,0,0,0,1
162.388,3,2,4,2024,8,29,3,3,0,0,54.129333333333335,5.0961277403166125,0,0,1,1,0,0,0,0,0,0,1
103.968,1,1,6,2024,11,18,0,4,0,1,103.968,4.653655541803414,0,1,0,0,1,0,0,0,0,0,1
69.52,1,1,3,2024,9,19,3,3,0,0,69.52,4.25589635752967,1,0,0,0,1,0,0,1,0,0,0
35.88,1,1,6,2024,9,22,6,3,1,0,35.88,3.607669398688393,1,0,0,1,0,0,0,0,0,0,1
1467.1339999999998,7,2,3,2024,11,10,6,4,1,1,209.5905714285714,7.291747485662587,1,0,0,0,0,0,1,0,0,1,0
1024.637,4,2,4,2024,9,5,3,3,0,0,256.15925,6.933069161958724,1,0,0,0,1,0,0,0,0,0,1
48.996,2,2,4,2024,1,7,6,1,1,0,24.498,3.9119430022279755,1,0,0,1,0,0,0,0,0,0,1
361.104,2,2,3,2024,3,13,2,1,0,0,180.552,5.891931463382772,0,0,1,0,0,0,1,1,0,0,0
8805.04,3,3,2,2024,2,2,4,1,0,0,2935.013333333334,9.083193128662867,1,0,0,0,0,1,0,0,0,1,0
70.88,1,1,1,2024,8,6,1,3,0,0,70.88,4.274998061915358,0,1,0,0,1,0,0,1,0,0,0
15.552,1,1,4,2024,10,24,3,4,0,0,15.552,2.8065069404432417,0,1,0,1,0,0,0,0,0,0,1
197.96800000000002,2,2,4,2024,9,23,0,3,0,0,98.98400000000001,5.293144007774039,0,1,0,0,0,0,1,0,0,0,1
4173.812,2,2,1,2024,3,10,6,1,1,0,2086.906,8.336824606330957,0,0,1,0,0,0,1,1,0,0,0
184.149,2,2,2,2024,11,3,6,4,1,1,92.0745,5.2211609063188416,1,0,0,0,0,0,1,1,0,0,0
177.78,2,2,1,2024,4,4,3,2,0,0,88.89,5.186155999659706,0,0,1,0,0,1,0,1,0,0,0
273.59,2,2,4,2024,11,1,4,4,0,1,136.795,5.615279076064797,0,0,1,0,0,1,0,0,0,0,1
111.96,1,1,5,2024,6,17,0,2,0,0,111.96,4.727033773744932,1,0,0,0,0,0,1,0,0,0,1
628.937,3,2,5,2024,3,13,2,1,0,0,209.64566666666667,6.445619814385245,1,0,0,1,0,0,0,0,0,0,1
31.56,1,1,5,2024,11,27,2,4,0,1,31.56,3.4830845411343394,0,1,0,0,1,0,0,0,0,0,1
14.73,1,1,0,2024,5,22,2,2,0,0,14.73,2.7555697170701863,1,0,0,0,0,1,0,0,1,0,0
158.368,1,1,5,2024,4,5,4,2,0,0,158.368,5.071215993379483,0,0,1,1,0,0,0,0,0,1,0
219.472,2,2,4,2024,9,17,1,3,0,0,109.736,5.395770702696749,0,0,1,0,0,0,1,0,0,0,1
8.808,1,1,6,2024,9,3,1,3,0,0,8.808,2.2831983791938555,1,0,0,1,0,0,0,0,0,0,1
27.86,1,1,3,2024,5,9,3,2,0,0,27.86,3.3624565533457247,1,0,0,0,0,1,0,0,0,1,0
1396.35,2,1,6,2024,1,31,2,1,0,0,698.175,7.2423328647425524,0,0,1,0,0,1,0,0,0,0,1
419.87,4,2,5,2024,8,29,3,3,0,0,104.9675,6.042323997398791,0,1,0,0,1,0,0,0,0,0,1
339.98,4,2,4,2024,7,7,6,3,1,0,84.995,5.831823824537085,0,1,0,1,0,0,0,0,0,1,0
40.68,1,1,4,2024,12,9,0,4,0,1,40.68,3.7300213974451113,1,0,0,0,0,1,0,0,0,0,1
1085.87,2,1,4,2024,12,8,6,4,1,1,542.935,6.99105728475294,1,0,0,1,0,0,0,0,0,0,1
100.61599999999999,3,2,0,2024,11,23,5,4,1,1,33.538666666666664,4.6212010030606185,0,1,0,0,1,0,0,0,1,0,0
9.248,1,1,6,2024,11,3,6,4,1,1,9.248,2.327082564594433,0,1,0,1,0,0,0,0,0,0,1
338.53999999999996,3,2,6,2024,10,20,6,4,1,0,112.84666666666665,5.827591760382488,1,0,0,1,0,0,0,0,0,0,1
135.95,1,1,7,2024,6,26,2,2,0,0,135.95,4.919615895709087,1,0,0,0,0,1,0,0,0,0,1
242.176,1,1,5,2024,11,29,4,4,0,1,242.176,5.493785461011878,0,0,1,1,0,0,0,0,0,1,0
405.91999999999996,2,2,5,2024,1,2,1,1,0,0,202.95999999999998,6.008616605925547,0,1,0,0,1,0,0,0,0,0,1
163.408,2,1,6,2024,12,31,1,4,0,1,81.704,5.102351143238619,0,1,0,0,0,0,1,0,0,0,1
35.4,1,1,5,2024,9,15,6,3,1,0,35.4,3.594568774642695,1,0,0,0,0,0,1,0,0,0,1
72.224,1,1,5,2024,12,30,0,4,0,1,72.224,4.293523236082478,1,0,0,0,0,1,0,0,0,0,1
305.49600000000004,2,2,3,2024,5,5,6,2,1,0,152.74800000000002,5.725204704720144,1,0,0,0,0,0,1,1,0,0,0
883.3199999999999,2,2,5,2024,11,25,0,4,0,1,441.65999999999997,6.784818988084953,0,1,0,0,1,0,0,0,0,0,1
31.008,1,1,2,2024,8,26,0,3,0,0,31.008,3.465985871554934,0,1,0,0,0,1,0,1,0,0,0
3528.488,3,1,5,2024,6,6,3,2,0,0,1176.1626666666666,8.168908096914745,0,0,1,0,0,0,1,0,0,0,1
633.1759999999999,3,2,5,2024,12,11,2,4,0,1,211.05866666666665,6.4523265184364345,0,1,0,0,0,0,1,0,0,1,0
278.4,1,1,1,2024,9,5,3,3,0,0,278.4,5.632644446822861,1,0,0,1,0,0,0,1,0,0,0
423.04999999999995,2,1,5,2024,7,21,6,3,1,0,211.52499999999998,6.049851372807709,0,1,0,0,0,0,1,0,0,0,1
772.68,1,1,6,2024,12,3,1,4,0,1,772.68,6.651158351408708,1,0,0,0,0,0,1,0,0,0,1
41.32,2,1,0,2024,6,28,4,2,0,0,20.66,3.7452597875500437,0,1,0,0,0,0,1,0,1,0,0
8.0,1,1,4,2024,5,9,3,2,0,0,8.0,2.1972245773362196,0,0,1,0,1,0,0,0,0,0,1
27.93,1,1,5,2024,8,29,3,3,0,0,27.93,3.3648791189880436,0,0,1,0,1,0,0,0,0,0,1
34.68,2,1,2,2024,3,26,1,1,0,0,17.34,3.5745903077118086,1,0,0,0,0,0,1,0,0,1,0
407.976,1,1,5,2024,12,5,3,4,0,1,407.976,6.0136564746144785,1,0,0,0,0,0,1,0,0,0,1
46.001999999999995,3,1,4,2024,4,1,0,2,0,0,15.333999999999998,3.8501901539961865,0,1,0,0,1,0,0,0,0,0,1
11.96,1,1,6,2024,5,10,4,2,0,0,11.96,2.561867690924129,1,0,0,0,0,0,1,0,0,0,1
30.352,1,1,2,2024,2,7,2,1,0,0,30.352,3.4452780608973304,1,0,0,0,1,0,0,1,0,0,0
90.396,4,1,2,2024,11,7,3,4,0,1,22.599,4.515201713826298,0,1,0,0,0,0,1,1,0,0,0
33.8,1,1,5,2024,7,18,3,3,0,0,33.8,3.5496173867804286,0,1,0,0,0,0,1,0,0,0,1
615.406,4,2,6,2024,10,21,0,4,0,0,153.8515,6.423905837337586,1,0,0,0,0,0,1,0,0,0,1
40.88,1,1,1,2024,9,29,6,3,1,0,40.88,3.734808386002336,0,0,1,1,0,0,0,1,0,0,0
385.288,2,2,3,2024,4,28,6,2,1,0,192.644,5.956583205249799,0,1,0,1,0,0,0,1,0,0,0
887.966,2,2,4,2024,4,5,4,2,0,0,443.983,6.79005898956319,1,0,0,0,1,0,0,0,0,0,1
201.584,1,1,2,2024,6,27,3,2,0,0,201.584,5.311154615349529,1,0,0,0,0,0,1,0,0,1,0
392.06,3,2,3,2024,3,14,3,1,0,0,130.68666666666667,5.97396227197184,1,0,0,1,0,0,0,1,0,0,0
55.992,1,1,4,2024,7,18,3,3,0,0,55.992,4.042910907107251,1,0,0,0,0,0,1,0,0,0,1
351.51,2,2,4,2024,4,23,1,2,0,0,175.755,5.865078990644263,0,1,0,0,0,0,1,0,0,0,1
121.78,1,1,2,2024,9,16,0,3,0,0,121.78,4.81039413599935,0,0,1,0,0,1,0,1,0,0,0
1252.636,5,2,0,2024,12,11,2,4,0,1,250.5272,7.13380340792367,0,1,0,0,1,0,0,0,1,0,0
10.272,1,1,0,2024,4,3,2,2,0,0,10.272,2.422321774596379,0,0,1,1,0,0,0,0,1,0,0
1106.924,3,2,2,2024,11,4,0,4,0,1,368.9746666666667,7.010243272896925,0,1,0,0,0,1,0,0,0,1,0
167.292,1,1,3,2024,11,27,2,4,0,1,167.292,5.125700565901795,0,1,0,1,0,0,0,1,0,0,0
9.98,1,1,5,2024,11,10,6,4,1,1,9.98,2.3960754360813845,0,0,1,0,0,0,1,0,0,0,1
1302.83,2,2,2,2024,6,30,6,2,1,0,651.415,7.1730613658897795,1,0,0,0,0,1,0,0,0,1,0
103.054,3,2,6,2024,9,5,3,3,0,0,34.351333333333336,4.644909995156951,1,0,0,0,1,0,0,0,0,0,1
1671.08,3,2,6,2024,12,6,4,4,0,1,557.0266666666666,7.421823639389973,0,1,0,0,1,0,0,0,0,0,1
11.416,1,1,4,2024,7,23,1,3,0,0,11.416,2.518985963440863,0,0,1,1,0,0,0,0,0,0,1
27.264,1,1,6,2024,10,7,0,4,0,0,27.264,3.341588910056844,1,0,0,0,0,0,1,0,0,0,1
34.048,2,1,6,2024,12,27,4,4,0,1,17.024,3.5567185505115972,1,0,0,1,0,0,0,0,0,0,1
5.98,1,1,1,2024,5,11,5,2,1,0,5.98,1.943048916774281,1,0,0,0,0,0,1,1,0,0,0
86.45,1,1,5,2024,3,20,2,1,0,0,86.45,4.471067201464611,0,1,0,0,0,1,0,0,0,1,0
31.4,1,1,3,2024,3,28,3,1,0,0,31.4,3.4781584227982836,0,1,0,0,0,1,0,1,0,0,0
253.764,1,1,2,2024,7,24,2,3,0,0,253.764,5.540337626431875,0,1,0,0,1,0,0,0,0,1,0
241.5,1,1,7,2024,2,8,3,1,0,0,241.5,5.491001710377538,0,1,0,1,0,0,0,0,0,0,1
100.716,2,2,4,2024,3,21,3,1,0,0,50.358,4.622184616147221,0,1,0,1,0,0,0,0,0,0,1
2673.6899999999996,4,3,3,2024,11,28,3,4,0,1,668.4224999999999,7.891588764764124,0,1,0,0,0,1,0,0,0,1,0
186.54,1,1,4,2024,8,26,0,3,0,0,186.54,5.233992155991479,1,0,0,0,0,1,0,0,0,0,1
2.907,1,1,5,2024,9,27,4,3,0,0,2.907,1.3627698160729336,0,1,0,0,1,0,0,0,0,0,1
4.928,1,1,3,2024,10,7,0,4,0,0,4.928,1.7796868879937857,0,0,1,0,1,0,0,1,0,0,0
1465.032,6,2,2,2024,11,4,0,4,0,1,244.172,7.2903147103120505,0,1,0,0,0,0,1,0,0,1,0
45.616,2,1,2,2024,11,10,6,4,1,1,22.808,3.841943829840773,0,0,1,0,0,0,1,1,0,0,0
55.971999999999994,3,1,5,2024,5,3,4,2,0,0,18.65733333333333,4.04255991907234,1,0,0,1,0,0,0,0,0,0,1
1219.96,1,1,3,2024,11,24,6,4,1,1,1219.96,7.107392713541323,1,0,0,0,0,0,1,1,0,0,0
250.416,3,2,2,2024,4,12,4,2,0,0,83.472,5.527108937726842,1,0,0,0,0,0,1,1,0,0,0
3.536,1,1,4,2024,12,5,3,4,0,1,3.536,1.512045566425451,0,0,1,1,0,0,0,0,0,1,0
209.88,1,1,4,2024,11,4,0,4,0,1,209.88,5.351289251314142,0,1,0,0,0,0,1,0,0,1,0
1110.5,6,2,6,2024,7,19,4,3,0,0,185.08333333333334,7.013465733404251,1,0,0,0,0,1,0,0,0,0,1
2781.77,3,3,6,2024,12,2,0,4,0,1,927.2566666666667,7.931202113482536,0,0,1,0,1,0,0,0,0,0,1
24.85,1,1,3,2024,1,10,2,1,0,0,24.85,3.2523106009544382,1,0,0,0,0,0,1,0,0,1,0
16.52,1,1,3,2024,12,30,0,4,0,1,16.52,2.8633430855082453,0,1,0,0,1,0,0,1,0,0,0
120.666,1,1,4,2024,10,17,3,4,0,0,120.666,4.801279585447315,0,0,1,0,0,0,1,0,0,0,1
54.5,1,1,7,2024,9,3,1,3,0,0,54.5,4.0163830207523885,1,0,0,1,0,0,0,0,0,0,1
23.12,1,1,5,2024,6,12,2,2,0,0,23.12,3.1830413718589847,1,0,0,1,0,0,0,0,0,0,1
547.33,2,2,5,2024,9,17,1,3,0,0,273.665,6.3068772954855294,0,1,0,0,1,0,0,0,0,0,1
59.94800000000001,2,1,6,2024,9,11,2,3,0,0,29.974000000000004,4.110021041607109,0,0,1,0,1,0,0,0,0,0,1
67.56,1,1,2,2024,9,10,1,3,0,0,67.56,4.227709274289524,0,0,1,0,0,1,0,0,0,1,0
878.328,2,2,3,2024,11,12,1,4,0,1,439.164,6.779157979389847,0,0,1,0,0,0,1,1,0,0,0
17.456,1,1,4,2024,1,30,1,1,0,0,17.456,2.9153895208714524,1,0,0,0,0,0,1,0,0,0,1
9.248,1,1,5,2024,9,5,3,3,0,0,9.248,2.327082564594433,0,0,1,1,0,0,0,0,0,1,0
147.91199999999998,3,1,5,2024,11,19,1,4,0,1,49.303999999999995,5.003355527443355,1,0,0,0,1,0,0,0,0,0,1
732.156,2,1,5,2024,7,29,0,3,0,0,366.078,6.597358503253749,1,0,0,0,0,1,0,0,0,0,1
128.4,1,1,4,2024,3,4,0,1,0,0,128.4,4.8629083820668,1,0,0,1,0,0,0,0,0,0,1
211.96,1,1,5,2024,5,8,2,2,0,0,211.96,5.361104354646802,0,1,0,0,1,0,0,0,0,1,0
81.2,1,1,5,2024,4,14,6,2,1,0,81.2,4.409155302062135,1,0,0,0,0,1,0,0,0,1,0
812.6800000000001,2,2,2,2024,12,2,0,4,0,1,406.34000000000003,6.701567168317341,0,1,0,1,0,0,0,0,0,1,0
377.346,3,2,3,2024,5,1,2,2,0,0,125.782,5.935809120863157,1,0,0,0,0,1,0,1,0,0,0
12.9,1,1,5,2024,11,7,3,4,0,1,12.9,2.631888840136646,0,0,1,0,0,0,1,0,0,0,1
341.991,1,1,0,2024,7,10,2,3,0,0,341.991,5.837704207754634,0,1,0,0,1,0,0,0,1,0,0
69.93,1,1,2,2024,2,11,6,1,1,0,69.93,4.261693475213995,0,1,0,1,0,0,0,1,0,0,0
46.72,1,1,2,2024,2,25,6,1,1,0,46.72,3.8653505972297153,1,0,0,0,1,0,0,0,0,1,0
31.4,1,1,2,2024,10,22,1,4,0,0,31.4,3.4781584227982836,0,0,1,1,0,0,0,1,0,0,0
386.48,3,1,6,2024,6,5,2,2,0,0,128.82666666666668,5.9596642345581845,1,0,0,0,1,0,0,0,0,0,1
162.344,2,1,6,2024,3,5,1,1,0,0,81.172,5.095858406426659,0,1,0,1,0,0,0,0,0,0,1
324.38700000000006,3,2,4,2024,7,23,1,3,0,0,108.12900000000002,5.785015243157134,0,1,0,0,0,1,0,0,0,0,1
1937.924,11,3,0,2024,12,11,2,4,0,1,176.1749090909091,7.569888459012912,1,0,0,0,0,0,1,0,1,0,0
5.08,1,1,5,2024,11,25,0,4,0,1,5.08,1.8050046959780757,0,0,1,0,0,1,0,0,0,0,1
70.97200000000001,2,2,6,2024,10,23,2,4,0,0,35.486000000000004,4.2762771544902725,0,1,0,1,0,0,0,0,0,0,1
25.35,1,1,4,2024,11,24,6,4,1,1,25.35,3.2714682749873716,0,0,1,0,0,0,1,0,0,0,1
15.232,1,1,4,2024,5,15,2,2,0,0,15.232,2.7869846025235137,1,0,0,0,1,0,0,0,0,1,0
12.96,1,1,4,2024,9,26,3,3,0,0,12.96,2.6361960973342264,0,1,0,0,0,0,1,0,0,0,1
50.496,1,1,5,2024,11,4,0,4,0,1,50.496,3.9415041347503146,0,1,0,0,0,1,0,0,0,0,1
1562.694,4,3,0,2024,6,4,1,2,0,0,390.6735,7.35480624978896,1,0,0,0,1,0,0,0,1,0,0
143.24,4,1,4,2024,9,10,1,3,0,0,35.81,4.971478578895062,1,0,0,0,0,0,1,0,0,0,1
387.0,2,2,7,2024,8,30,4,3,0,0,193.5,5.961005339623274,1,0,0,0,0,0,1,0,0,0,1
75.126,2,2,5,2024,8,15,3,3,0,0,37.563,4.332389862232779,0,1,0,0,0,0,1,0,0,1,0
129.032,2,2,4,2024,11,18,0,4,0,1,64.516,4.867780574010849,0,0,1,0,0,0,1,0,0,0,1
8.712,1,1,4,2024,6,24,0,2,0,0,8.712,2.2733622343171422,0,1,0,1,0,0,0,0,0,0,1
199.99,1,1,0,2024,10,24,3,4,0,0,199.99,5.30325515557766,1,0,0,0,0,0,1,0,1,0,0
158.256,2,2,6,2024,4,16,1,2,0,0,79.128,5.070512970351633,1,0,0,0,0,1,0,0,0,0,1
106.08,1,1,4,2024,10,21,0,4,0,0,106.08,4.673576218652152,1,0,0,1,0,0,0,0,0,0,1
138.53,2,2,4,2024,5,30,3,2,0,0,69.265,4.938279631904115,0,1,0,0,0,1,0,0,0,0,1
999.98,1,1,6,2024,9,2,0,3,0,0,999.98,6.908734799095638,1,0,0,0,0,0,1,0,0,0,1
38.29,1,1,1,2024,11,4,0,4,0,1,38.29,3.6709700335703683,1,0,0,0,0,0,1,1,0,0,0
16.496,1,1,7,2024,2,20,1,1,0,0,16.496,2.8619722833744667,1,0,0,0,0,1,0,0,0,0,1
37.629999999999995,2,2,4,2024,11,14,3,4,0,1,18.814999999999998,3.65402917667819,1,0,0,0,1,0,0,0,0,0,1
25.06,1,1,3,2024,4,14,6,2,1,0,25.06,3.260401571696699,1,0,0,0,1,0,0,1,0,0,0
560.78,6,2,2,2024,4,1,0,2,0,0,93.46333333333332,6.3311103141788525,1,0,0,0,1,0,0,0,0,1,0
163.88,1,1,4,2024,9,20,4,3,0,0,163.88,5.1052179365822035,0,0,1,0,0,0,1,0,0,0,1
81.98,1,1,2,2024,1,15,0,1,0,0,81.98,4.418599614904722,0,0,1,0,1,0,0,1,0,0,0
588.784,1,1,5,2024,4,4,3,2,0,0,588.784,6.379756368173264,1,0,0,0,1,0,0,0,0,0,1
533.0899999999999,4,3,7,2024,8,15,3,3,0,0,133.27249999999998,6.2805643640848805,1,0,0,0,0,0,1,0,0,0,1
11.68,1,1,5,2024,10,30,2,4,0,0,11.68,2.5400259490090797,1,0,0,1,0,0,0,0,0,0,1
54.9,1,1,5,2024,5,12,6,2,1,0,54.9,4.023564380161053,1,0,0,0,0,0,1,0,0,0,1
65.944,3,2,6,2024,12,22,6,4,1,1,21.981333333333335,4.203856449002403,1,0,0,0,0,0,1,0,0,0,1
498.60799999999995,4,2,4,2024,3,29,4,1,0,0,124.65199999999999,6.213823790933467,1,0,0,0,1,0,0,0,0,0,1
6.48,1,1,0,2024,8,12,0,3,0,0,6.48,2.012232791986386,1,0,0,1,0,0,0,0,1,0,0
30.344,1,1,2,2024,4,28,6,2,1,0,30.344,3.445022861202185,1,0,0,1,0,0,0,0,0,1,0
331.08,2,2,6,2024,4,3,2,2,0,0,165.54,5.805375903744784,1,0,0,1,0,0,0,0,0,0,1
134.85,1,1,5,2024,3,3,6,1,1,0,134.85,4.911551335872357,1,0,0,1,0,0,0,0,0,1,0
33.44,1,1,3,2024,8,21,2,3,0,0,33.44,3.53921867955953,0,1,0,0,0,0,1,0,0,1,0
2067.7960000000003,3,3,4,2024,1,30,1,1,0,0,689.2653333333334,7.634722074527712,1,0,0,1,0,0,0,0,0,0,1
831.502,4,2,3,2024,1,25,3,1,0,0,207.8755,6.724435624254116,0,1,0,0,1,0,0,0,0,1,0
258.696,1,1,3,2024,4,24,2,2,0,0,258.696,5.559511716162715,0,0,1,1,0,0,0,0,0,1,0
2545.12,4,2,2,2024,9,19,3,3,0,0,636.28,7.842325910763905,0,0,1,0,1,0,0,1,0,0,0
0.836,1,1,4,2024,6,21,4,2,0,0,0.836,0.6075892921982987,0,1,0,1,0,0,0,0,0,0,1
66.3,1,1,4,2024,12,20,4,4,0,1,66.3,4.209160236650682,1,0,0,0,0,1,0,0,0,0,1
706.86,1,1,4,2024,7,3,2,3,0,0,706.86,6.562246334027572,0,1,0,0,1,0,0,0,0,0,1
8.928,1,1,4,2024,9,19,3,3,0,0,8.928,2.295359047902306,0,1,0,0,0,0,1,0,0,0,1
1002.7,2,2,3,2024,5,29,2,2,0,0,501.35,6.911448450819755,1,0,0,0,0,1,0,0,0,1,0
535.41,1,1,5,2024,9,4,2,3,0,0,535.41,6.284898794037626,0,1,0,1,0,0,0,0,0,0,1
479.97,1,1,6,2024,11,7,3,4,0,1,479.97,6.175804898098298,0,1,0,0,0,0,1,0,0,0,1
186.85199999999998,2,2,6,2024,5,31,4,2,0,0,93.42599999999999,5.235654418755955,1,0,0,0,1,0,0,0,0,0,1
903.7700000000001,5,2,5,2024,11,3,6,4,1,1,180.75400000000002,6.807680767753548,1,0,0,0,0,1,0,0,0,1,0
19.296,1,1,2,2024,10,20,6,4,1,0,19.296,3.0104238222969806,0,1,0,0,0,0,1,1,0,0,0
167.182,4,2,4,2024,2,16,4,1,0,0,41.7955,5.125046726354497,0,1,0,1,0,0,0,0,0,0,1
23.34,1,1,5,2024,8,8,3,3,0,0,23.34,3.1921210875593813,0,0,1,0,0,1,0,0,0,0,1
1466.32,2,2,5,2024,3,8,4,1,0,0,733.16,7.291192886598275,1,0,0,0,0,1,0,0,0,0,1
93.98,1,1,5,2024,5,9,3,2,0,0,93.98,4.553666343120976,1,0,0,0,0,0,1,0,0,0,1
66.8,2,1,5,2024,6,20,3,2,0,0,33.4,4.216562194946349,1,0,0,0,1,0,0,0,0,0,1
29.61,1,1,4,2024,7,14,6,3,1,0,29.61,3.421326752957321,1,0,0,0,1,0,0,0,0,1,0
111.672,1,1,3,2024,10,21,0,4,0,0,111.672,4.724480942972642,1,0,0,0,0,1,0,0,0,1,0
3384.45,2,1,3,2024,3,10,6,1,1,0,1692.225,8.12724211594941,0,0,1,0,0,0,1,1,0,0,0
2563.056,1,1,6,2024,12,25,2,4,0,1,2563.056,7.849345658675687,1,0,0,0,1,0,0,0,0,0,1
1745.9099999999999,3,3,4,2024,11,25,0,4,0,1,581.9699999999999,7.465603791920926,0,1,0,1,0,0,0,0,0,0,1
116.96,3,2,0,2024,10,22,1,4,0,0,38.986666666666665,4.770345583947075,1,0,0,0,0,0,1,0,1,0,0
22.16,3,2,6,2024,6,11,1,2,0,0,7.386666666666667,3.1424266527047946,0,1,0,1,0,0,0,0,0,0,1
821.2239999999999,5,2,5,2024,5,19,6,2,1,0,164.2448,6.7120128640158665,1,0,0,0,1,0,0,0,0,0,1
366.78,3,2,4,2024,9,26,3,3,0,0,122.25999999999999,5.907484933312707,0,0,1,0,0,0,1,0,0,0,1
66.288,2,1,5,2024,9,4,2,3,0,0,33.144,4.208981914660136,1,0,0,1,0,0,0,0,0,0,1
29.689999999999998,3,2,5,2025,11,6,3,4,0,1,9.896666666666667,3.4239368686316447,1,0,0,0,0,0,1,0,0,0,1
152.59,2,2,4,2025,5,28,2,2,0,0,76.295,5.0342867144275365,0,1,0,0,1,0,0,0,0,0,1
1115.25,2,2,3,2025,11,26,2,4,0,1,557.625,7.017730132190708,1,0,0,0,1,0,0,0,0,1,0
7359.918,14,3,6,2025,9,20,5,3,1,0,525.7084285714285,8.90393993220587,1,0,0,0,1,0,0,0,0,0,1
49.687999999999995,3,1,4,2025,9,7,6,3,1,0,16.562666666666665,3.9256891961919607,1,0,0,0,1,0,0,0,0,0,1
396.394,5,2,5,2025,7,5,5,3,1,0,79.2788,5.984928231865842,0,1,0,1,0,0,0,0,0,0,1
149.872,3,2,4,2025,12,11,3,4,0,1,49.95733333333334,5.016431795210064,1,0,0,0,1,0,0,0,0,0,1
11.68,1,1,4,2025,10,15,2,4,0,0,11.68,2.5400259490090797,0,1,0,0,0,0,1,0,0,0,1
372.44599999999997,3,2,6,2025,9,29,0,3,0,0,124.14866666666666,5.922773415807167,0,0,1,1,0,0,0,0,0,0,1
73.008,1,1,6,2025,9,7,6,3,1,0,73.008,4.304173195469017,0,0,1,1,0,0,0,0,0,0,1
23.992,1,1,4,2025,10,21,1,4,0,0,23.992,3.2185557736572754,1,0,0,1,0,0,0,0,0,0,1
421.42,2,1,7,2025,6,24,1,2,0,0,210.71,6.046000079755996,0,1,0,0,0,0,1,0,0,0,1
141.96,1,1,4,2025,12,22,0,4,0,1,141.96,4.962564870851173,0,0,1,0,0,1,0,0,0,0,1
12.48,1,1,4,2025,6,4,2,2,0,0,12.48,2.601207105484161,1,0,0,0,0,1,0,0,0,0,1
25.92,1,1,5,2025,8,11,0,3,0,0,25.92,3.2928695047765273,0,0,1,0,1,0,0,0,0,0,1
782.4,3,3,2,2025,3,31,0,1,0,0,260.8,6.663643421231731,1,0,0,0,1,0,0,0,0,1,0
36.024,1,1,7,2025,8,13,2,3,0,0,36.024,3.611566351011266,0,1,0,0,0,0,1,0,0,0,1
48.86,1,1,4,2025,11,16,6,4,1,1,48.86,3.9092190780954117,1,0,0,0,0,0,1,0,0,0,1
347.378,3,2,4,2025,4,20,6,2,1,0,115.79266666666666,5.853288097175152,1,0,0,1,0,0,0,0,0,0,1
1030.742,4,2,4,2025,11,3,0,4,0,1,257.6855,6.939003914786299,1,0,0,0,0,1,0,0,0,0,1
272.94,1,1,4,2025,6,26,3,2,0,0,272.94,5.6129091043066754,1,0,0,0,1,0,0,0,0,0,1
1295.78,1,1,4,2025,6,29,6,2,1,0,1295.78,7.167639547723882,0,1,0,0,0,0,1,0,0,1,0
58.48,1,1,7,2025,5,13,1,2,0,0,58.48,4.085640121591954,0,0,1,0,0,0,1,0,0,0,1
30.384,1,1,4,2025,9,4,3,3,0,0,30.384,3.4462982089072516,0,0,1,1,0,0,0,0,0,1,0
47.744,2,1,3,2025,11,21,4,4,0,1,23.872,3.8865821129461935,1,0,0,0,1,0,0,1,0,0,0
99.87,1,1,5,2025,9,9,1,3,0,0,99.87,4.613832559066744,0,1,0,0,0,0,1,0,0,0,1
699.4000000000001,2,2,4,2025,11,17,0,4,0,1,349.70000000000005,6.551651600411697,1,0,0,0,0,1,0,0,0,0,1
720.76,1,1,1,2025,6,9,0,2,0,0,720.76,6.581692673660086,0,1,0,1,0,0,0,1,0,0,0
148.02,1,1,6,2025,8,29,4,3,0,0,148.02,5.004080525125581,0,1,0,0,0,0,1,0,0,0,1
843.84,2,2,4,2025,11,19,2,4,0,1,421.92,6.739147260315941,1,0,0,0,0,1,0,0,0,0,1
59.176,2,2,4,2025,6,21,5,2,1,0,29.588,4.097273601727981,1,0,0,0,1,0,0,0,0,1,0
6.848,1,1,5,2025,3,25,1,1,0,0,6.848,2.060258722263062,1,0,0,1,0,0,0,0,0,1,0
56.136,2,2,1,2025,9,4,3,3,0,0,28.068,4.045434390852093,0,0,1,0,0,0,1,1,0,0,0
13.152,2,1,3,2025,8,25,0,3,0,0,6.576,2.649855956857484,1,0,0,0,0,1,0,0,0,1,0
410.71000000000004,2,2,6,2025,11,27,3,4,0,1,205.35500000000002,6.0203192180120855,0,1,0,0,0,0,1,0,0,0,1
14.336,1,1,3,2025,8,27,2,3,0,0,14.336,2.7302030057433435,1,0,0,0,0,1,0,0,0,1,0
93.724,2,2,5,2025,10,2,3,4,0,0,46.862,4.550967399973775,0,0,1,0,0,0,1,0,0,0,1
340.704,1,1,3,2025,12,28,6,4,1,1,340.704,5.833944865227736,0,1,0,0,0,0,1,1,0,0,0
249.79,2,2,7,2025,6,20,4,2,0,0,124.895,5.524615935555547,1,0,0,0,1,0,0,0,0,0,1
61.216,3,2,3,2025,7,29,1,3,0,0,20.405333333333335,4.130612201392642,1,0,0,0,0,1,0,0,0,1,0
9.24,1,1,6,2025,9,28,6,3,1,0,9.24,2.3263016196113617,1,0,0,0,0,0,1,0,0,0,1
177.225,1,1,5,2025,10,22,2,4,0,0,177.225,5.183046797003692,0,1,0,0,0,0,1,0,0,0,1
12.768,1,1,1,2025,3,24,0,1,0,0,12.768,2.6223470589092384,0,1,0,1,0,0,0,0,1,0,0
5.16,1,1,6,2025,11,25,1,4,0,1,5.16,1.8180767775454285,1,0,0,0,0,0,1,0,0,0,1
30.351999999999997,2,2,3,2025,4,23,2,2,0,0,15.175999999999998,3.4452780608973304,1,0,0,0,0,0,1,1,0,0,0
2.296,1,1,4,2025,8,19,1,3,0,0,2.296,1.1927096120472251,1,0,0,1,0,0,0,0,0,0,1
171.288,1,1,5,2025,10,3,4,4,0,0,171.288,5.149167495142153,0,1,0,0,0,0,1,0,0,0,1
63.339999999999996,2,2,4,2025,12,11,3,4,0,1,31.669999999999998,4.16418152181088,1,0,0,0,1,0,0,0,0,0,1
627.84,3,2,5,2025,12,1,0,4,0,1,209.28,6.443876852323314,0,1,0,0,0,0,1,0,0,0,1
10.824,1,1,4,2025,11,24,0,4,0,1,10.824,2.470131364205846,1,0,0,1,0,0,0,0,0,0,1
17.62,2,1,6,2025,2,28,4,1,0,0,8.81,2.924236271848921,1,0,0,0,1,0,0,0,0,0,1
51.989999999999995,3,1,1,2025,12,18,3,4,0,1,17.33,3.9701032165046706,1,0,0,0,0,0,1,1,0,0,0
373.94,2,1,4,2025,7,13,6,3,1,0,186.97,5.926766013169045,0,1,0,1,0,0,0,0,0,0,1
364.272,3,1,6,2025,12,20,5,4,1,1,121.42399999999999,5.900642281534209,0,1,0,0,1,0,0,0,0,0,1
3740.51,3,2,5,2025,5,1,3,2,0,0,1246.8366666666668,8.227244552241684,1,0,0,0,0,1,0,0,0,0,1
11.696,1,1,2,2025,9,2,1,3,0,0,11.696,2.541286983224108,1,0,0,0,0,0,1,0,0,1,0
2.368,1,1,4,2025,11,30,6,4,1,1,2.368,1.2143190963800803,1,0,0,1,0,0,0,0,0,0,1
212.91,2,2,2,2025,9,23,1,3,0,0,106.455,5.365555365813714,1,0,0,0,0,1,0,0,0,1,0
683.022,3,3,3,2025,6,13,4,2,0,0,227.674,6.5279900808479985,0,0,1,1,0,0,0,1,0,0,0
1378.948,3,3,4,2025,12,2,1,4,0,1,459.64933333333335,7.229801096281878,0,1,0,0,0,0,1,0,0,0,1
1096.4879999999998,3,2,4,2025,12,9,1,4,0,1,365.4959999999999,7.000779210948775,0,0,1,0,0,0,1,0,0,1,0
49.896,3,2,3,2025,5,15,3,2,0,0,16.632,3.9297843350067883,1,0,0,0,0,0,1,0,0,1,0
190.67,2,2,2,2025,11,27,3,4,0,1,95.335,5.255775143282362,0,1,0,1,0,0,0,1,0,0,0
3.76,1,1,4,2025,6,11,2,2,0,0,3.76,1.5602476682433286,0,0,1,0,0,1,0,0,0,0,1
248.396,4,2,4,2025,11,4,1,4,0,1,62.099,5.519041994624937,1,0,0,0,0,1,0,0,0,0,1
54.9,1,1,6,2025,12,9,1,4,0,1,54.9,4.023564380161053,1,0,0,1,0,0,0,0,0,0,1
55.616,1,1,5,2025,10,26,6,4,1,0,55.616,4.0362916307734835,0,0,1,1,0,0,0,0,0,0,1
177.07999999999998,3,2,4,2025,9,5,4,3,0,0,59.026666666666664,5.182232887527235,1,0,0,0,0,1,0,0,0,0,1
1322.352,1,1,4,2025,9,4,3,3,0,0,1322.352,7.1879231907070915,0,1,0,0,0,0,1,0,0,1,0
84.95,1,1,5,2025,3,31,0,1,0,0,84.95,4.453765731828859,1,0,0,0,1,0,0,0,0,0,1
419.944,1,1,4,2025,5,7,2,2,0,0,419.944,6.042499808207807,1,0,0,0,0,0,1,0,0,0,1
199.98,1,1,4,2025,3,9,6,1,1,0,199.98,5.303205400620812,0,1,0,0,0,0,1,0,0,0,1
796.036,8,3,5,2025,11,5,2,4,0,1,99.5045,6.680899847155303,1,0,0,0,1,0,0,0,0,1,0
75.792,1,1,5,2025,6,30,0,2,0,0,75.792,4.341100468061236,0,0,1,0,0,0,1,0,0,0,1
67.4,1,1,4,2025,9,22,0,3,0,0,67.4,4.225372824628505,0,0,1,0,1,0,0,0,0,0,1
190.01,3,2,5,2025,9,19,4,3,0,0,63.336666666666666,5.252325782697044,0,1,0,0,0,0,1,0,0,0,1
26.4,1,1,2,2025,11,3,0,4,0,1,26.4,3.3105430133940246,0,1,0,0,0,1,0,0,0,1,0
59.824,4,2,0,2025,10,20,0,4,0,0,14.956,4.107984447926135,1,0,0,0,0,1,0,0,1,0,0
24.048,1,1,1,2025,11,23,6,4,1,1,24.048,3.2207939840241044,1,0,0,0,1,0,0,1,0,0,0
1541.51,3,2,1,2025,10,13,0,4,0,0,513.8366666666667,7.3411662387407,1,0,0,0,0,1,0,1,0,0,0
114.414,2,1,3,2025,11,27,3,4,0,1,57.207,4.74852566387338,1,0,0,0,1,0,0,0,0,1,0
739.736,5,2,4,2025,11,21,4,4,0,1,147.9472,6.607644286511319,0,0,1,0,0,0,1,0,0,0,1
13.592,1,1,5,2025,12,3,2,4,0,1,13.592,2.6804734333319757,1,0,0,1,0,0,0,0,0,0,1
315.896,3,2,6,2025,12,17,2,4,0,1,105.29866666666668,5.758573644338893,1,0,0,0,1,0,0,0,0,0,1
97.056,2,1,3,2025,7,21,0,3,0,0,48.528,4.585538744038864,0,1,0,1,0,0,0,0,0,1,0
209.568,1,1,4,2025,11,20,3,4,0,1,209.568,5.349808641336175,1,0,0,0,0,1,0,0,0,0,1
41.4,1,1,4,2025,7,23,2,3,0,0,41.4,3.747148362237912,0,1,0,0,1,0,0,0,0,0,1
9.248,1,1,2,2025,9,23,1,3,0,0,9.248,2.327082564594433,0,1,0,1,0,0,0,1,0,0,0
8.36,1,1,3,2025,9,12,4,3,0,0,8.36,2.2364452904895007,1,0,0,0,0,0,1,1,0,0,0
13.762,1,1,6,2025,11,24,0,4,0,1,13.762,2.692056311347861,0,1,0,1,0,0,0,0,0,0,1
1577.94,1,1,7,2025,9,7,6,3,1,0,1577.94,7.364509014800296,0,0,1,1,0,0,0,0,0,0,1
629.64,1,1,6,2025,12,1,0,4,0,1,629.64,6.446735176751653,0,0,1,0,0,0,1,0,0,0,1
307.666,1,1,6,2025,10,7,1,4,0,0,307.666,5.732259786148523,1,0,0,0,0,0,1,0,0,0,1
54.9,1,1,2,2025,4,23,2,2,0,0,54.9,4.023564380161053,1,0,0,0,1,0,0,1,0,0,0
9.408,1,1,5,2025,8,29,4,3,0,0,9.408,2.3425747412102043,0,1,0,0,1,0,0,0,0,1,0
205.03,1,1,5,2025,12,5,4,4,0,1,205.03,5.328021789254367,0,1,0,0,1,0,0,0,0,0,1
174.56,2,1,7,2025,3,8,5,1,1,0,87.28,5.167980864820033,1,0,0,0,0,0,1,0,0,0,1
12.16,1,1,7,2025,12,2,1,4,0,1,12.16,2.5771819258971713,0,1,0,1,0,0,0,0,0,0,1
230.69,2,1,3,2025,11,1,5,4,1,1,115.345,5.445400271249282,1,0,0,0,1,0,0,0,0,1,0
340.22,6,3,6,2025,1,30,3,1,0,0,56.70333333333334,5.832527430546763,0,1,0,1,0,0,0,0,0,0,1
20.768,1,1,5,2025,5,13,1,2,0,0,20.768,3.080441001480945,0,1,0,0,0,1,0,0,0,0,1
33.376,1,1,7,2025,12,16,1,4,0,1,33.376,3.537358646472694,0,0,1,0,1,0,0,0,0,0,1
79.96,1,1,2,2025,7,5,5,3,1,0,79.96,4.3939552055391555,0,1,0,1,0,0,0,1,0,0,0
87.6,1,1,5,2025,5,12,0,2,0,0,87.6,4.484131857611035,1,0,0,0,1,0,0,0,0,0,1
412.996,3,2,5,2025,1,24,4,1,0,0,137.66533333333334,6.025856311942889,0,1,0,0,0,0,1,0,0,0,1
1362.056,2,2,6,2025,11,10,0,4,0,1,681.028,7.217484516692592,0,1,0,0,1,0,0,0,0,0,1
37.44,1,1,6,2025,2,23,6,1,1,0,37.44,3.6490985841020915,1,0,0,0,0,0,1,0,0,0,1
951.98,7,3,6,2025,7,21,0,3,0,0,135.99714285714285,6.859593917075118,1,0,0,0,0,1,0,0,0,0,1
79.344,2,1,6,2025,5,29,3,2,0,0,39.672,4.386317416091038,1,0,0,1,0,0,0,0,0,0,1
914.12,3,3,6,2025,2,13,3,1,0,0,304.70666666666665,6.819055204217418,1,0,0,0,0,0,1,0,0,0,1
24.55,1,1,0,2025,10,20,0,4,0,0,24.55,3.2406373166497136,0,0,1,0,1,0,0,0,1,0,0
291.136,1,1,6,2025,6,13,4,2,0,0,291.136,5.67721944726348,0,0,1,0,0,0,1,0,0,0,1
552.856,5,1,5,2025,11,18,1,4,0,1,110.5712,6.316904725162365,0,1,0,0,0,1,0,0,0,1,0
627.48,4,2,6,2025,3,2,6,1,1,0,156.87,6.443304205726046,0,1,0,0,1,0,0,0,0,0,1
17.94,1,1,4,2025,2,13,3,1,0,0,17.94,2.9412760877579323,0,1,0,0,1,0,0,0,0,0,1
74.95,1,1,4,2025,11,18,1,4,0,1,74.95,4.330075229041782,1,0,0,0,1,0,0,0,0,0,1
108.13,3,1,4,2025,12,22,0,4,0,1,36.04333333333333,4.692539832124998,1,0,0,1,0,0,0,0,0,0,1
17.472,1,1,2,2025,7,7,0,3,0,0,17.472,2.916256072052194,1,0,0,0,1,0,0,0,0,1,0
21.744,1,1,5,2025,6,24,1,2,0,0,21.744,3.1243013743486987,1,0,0,0,1,0,0,0,0,0,1
52.495999999999995,2,1,4,2025,11,21,4,4,0,1,26.247999999999998,3.9796068847516772,0,1,0,0,0,0,1,0,0,0,1
23.68,1,1,7,2025,11,4,1,4,0,1,23.68,3.205993199037187,0,0,1,1,0,0,0,0,0,0,1
11.05,1,1,6,2025,3,25,1,1,0,0,11.05,2.489064659936664,1,0,0,0,1,0,0,0,0,0,1
1231.5,2,2,3,2025,6,16,0,2,0,0,615.75,7.116799905916845,1,0,0,0,0,0,1,1,0,0,0
334.52,3,2,6,2025,12,5,4,4,0,1,111.50666666666666,5.81568156715361,0,1,0,0,1,0,0,0,0,0,1
25.92,1,1,7,2025,8,20,2,3,0,0,25.92,3.2928695047765273,1,0,0,0,0,0,1,0,0,0,1
899.1099999999999,3,2,4,2025,11,30,6,4,1,1,299.7033333333333,6.802516978078006,0,0,1,0,1,0,0,0,0,0,1
976.828,4,2,3,2025,3,19,2,1,0,0,244.207,6.885333785447376,1,0,0,0,0,0,1,1,0,0,0
9.432,1,1,5,2025,2,20,3,1,0,0,9.432,2.344878005184297,0,1,0,0,0,0,1,0,0,1,0
13.464,2,1,6,2025,12,20,5,4,1,1,6.732,2.671662803649821,0,1,0,0,1,0,0,0,0,0,1
419.832,4,2,6,2025,10,8,2,4,0,0,104.958,6.042233704159554,0,1,0,0,0,0,1,0,0,0,1
33.29,1,1,0,2025,11,24,0,4,0,1,33.29,3.534853766474829,0,1,0,1,0,0,0,0,1,0,0
141.0,2,2,3,2025,12,25,3,4,0,1,70.5,4.955827057601261,1,0,0,0,0,1,0,1,0,0,0
1749.902,4,3,5,2025,9,17,2,3,0,0,437.4755,7.467886362701309,0,0,1,1,0,0,0,0,0,1,0
238.19799999999998,2,2,3,2025,2,20,3,1,0,0,119.09899999999999,5.477291660837508,0,1,0,0,0,0,1,1,0,0,0
487.96,1,1,4,2025,6,22,6,2,1,0,487.96,6.192280686538101,0,0,1,1,0,0,0,0,0,0,1
1332.496,1,1,7,2025,3,13,3,1,0,0,1332.496,7.195559343992524,1,0,0,0,0,0,1,0,0,0,1
18.96,1,1,5,2025,12,18,3,4,0,1,18.96,2.993730270883318,1,0,0,0,1,0,0,0,0,0,1
1687.2600000000002,2,1,6,2025,10,2,3,4,0,0,843.6300000000001,7.43145369173076,0,0,1,0,0,0,1,0,0,0,1
418.296,1,1,7,2025,8,14,3,3,0,0,418.296,6.038577114422175,1,0,0,0,0,0,1,0,0,0,1
120.783,3,2,1,2025,5,5,0,2,0,0,40.261,4.8022407724639615,1,0,0,0,0,0,1,1,0,0,0
87.92,1,1,3,2025,10,15,2,4,0,0,87.92,4.487737089095996,0,0,1,0,0,0,1,0,0,1,0
3.816,1,1,6,2025,7,12,5,3,1,0,3.816,1.57194370800652,1,0,0,0,1,0,0,0,0,0,1
337.81800000000004,4,2,5,2025,10,23,3,4,0,0,84.45450000000001,5.825463090056113,1,0,0,1,0,0,0,0,0,0,1
132.52,1,1,5,2025,6,10,1,2,0,0,132.52,4.89425127935358,1,0,0,1,0,0,0,0,0,0,1
163.38,3,1,5,2025,9,18,3,3,0,0,54.46,5.102180820720354,0,1,0,0,0,0,1,0,0,0,1
11.12,1,1,3,2025,4,2,2,2,0,0,11.12,2.4948569806411682,0,0,1,0,1,0,0,1,0,0,0
330.4712,2,2,5,2025,10,19,6,4,1,0,165.2356,5.803540928023766,1,0,0,1,0,0,0,0,0,0,1
20.736,1,1,5,2025,8,12,1,3,0,0,20.736,3.0789698721240466,1,0,0,0,0,1,0,0,0,0,1
1.248,1,1,6,2025,11,6,3,4,0,1,1.248,0.8100409320314447,1,0,0,1,0,0,0,0,0,0,1
102.3,1,1,1,2025,7,3,3,3,0,0,102.3,4.637637376125593,1,0,0,0,1,0,0,1,0,0,0
375.34,1,1,6,2025,12,21,6,4,1,1,375.34,5.930492990116498,1,0,0,1,0,0,0,0,0,0,1
5.94,1,1,4,2025,7,7,0,3,0,0,5.94,1.937301774518713,1,0,0,0,0,0,1,0,0,0,1
189.918,3,2,2,2025,6,1,6,2,1,0,63.306000000000004,5.2518440164909554,1,0,0,0,1,0,0,1,0,0,0
36.352,2,1,7,2025,6,20,4,2,0,0,18.176,3.6203864576686358,1,0,0,0,1,0,0,0,0,0,1
780.086,5,2,5,2025,3,13,3,1,0,0,156.0172,6.660685259014324,0,0,1,0,0,0,1,0,0,1,0
8.64,1,1,5,2025,11,14,4,4,0,1,8.64,2.265921108622454,1,0,0,0,1,0,0,0,0,0,1
11.808,1,1,3,2025,12,17,2,4,0,1,11.808,2.5500699756944134,0,0,1,0,0,0,1,1,0,0,0
136.328,2,2,5,2025,11,27,3,4,0,1,68.164,4.922372224975864,1,0,0,0,0,0,1,0,0,0,1
913.168,4,1,4,2025,6,26,3,2,0,0,228.292,6.818014362003457,0,1,0,0,1,0,0,0,0,0,1
1347.52,1,1,4,2025,6,10,1,2,0,0,1347.52,7.206762973763833,0,1,0,0,0,1,0,0,0,0,1
2595.388,3,2,7,2025,11,6,3,4,0,1,865.1293333333333,7.8618765273646245,0,0,1,0,0,0,1,0,0,0,1
19.76,1,1,4,2025,9,7,6,3,1,0,19.76,3.033028058297688,1,0,0,0,0,0,1,0,0,0,1
106.32,1,1,6,2025,4,6,6,2,1,0,106.32,4.675815025557423,0,0,1,1,0,0,0,0,0,0,1
2.78,1,1,1,2025,9,5,4,3,0,0,2.78,1.3297240096314962,0,0,1,0,0,0,1,1,0,0,0
25.83,1,1,3,2025,11,30,6,4,1,1,25.83,3.2895206644375325,0,0,1,0,0,0,1,1,0,0,0
696.08,2,2,4,2025,8,31,6,3,1,0,348.04,6.5469001817924415,0,0,1,0,0,0,1,0,0,0,1
28.16,1,1,5,2025,12,17,2,4,0,1,28.16,3.3727979071404572,0,0,1,1,0,0,0,0,0,0,1
23.88,1,1,5,2025,12,21,6,4,1,1,23.88,3.2140642678709788,1,0,0,0,0,1,0,0,0,1,0
48.896,1,1,5,2025,1,1,2,1,0,0,48.896,3.9099408392238217,1,0,0,0,1,0,0,0,0,0,1
2011.9,2,2,4,2025,2,5,2,1,0,0,1005.95,7.607331747306986,0,1,0,0,0,0,1,0,0,0,1
6.68,1,1,0,2025,5,5,0,2,0,0,6.68,2.038619547159581,1,0,0,0,1,0,0,0,1,0,0
457.176,4,3,0,2025,12,14,6,4,1,1,114.294,6.12725338977372,1,0,0,1,0,0,0,0,1,0,0
174.3,1,1,4,2025,3,13,3,1,0,0,174.3,5.1664987919271885,1,0,0,0,1,0,0,0,0,0,1
46.26,1,1,7,2025,11,6,3,4,0,1,46.26,3.8556642717587617,0,0,1,0,1,0,0,0,0,0,1
29.472,1,1,4,2025,10,19,6,4,1,0,29.472,3.416808229176303,0,0,1,1,0,0,0,0,0,1,0
108.80000000000001,2,2,2,2025,12,10,2,4,0,1,54.400000000000006,4.69866052907543,1,0,0,0,0,0,1,0,0,1,0
41.472,1,1,3,2025,5,8,3,2,0,0,41.472,3.7488450352813705,0,1,0,1,0,0,0,0,0,1,0
143.48,4,2,0,2025,11,18,1,4,0,1,35.87,4.973141089668675,0,1,0,1,0,0,0,0,1,0,0
7.476,1,1,3,2025,11,23,6,4,1,1,7.476,2.1372386404060526,0,1,0,0,1,0,0,0,0,1,0
12.96,1,1,5,2025,5,26,0,2,0,0,12.96,2.6361960973342264,1,0,0,0,0,0,1,0,0,0,1
27.42,1,1,4,2025,11,21,4,4,0,1,27.42,3.3470931226689546,1,0,0,0,1,0,0,0,0,0,1
42.91,2,2,5,2025,9,1,0,3,0,0,21.455,3.7821420845736258,1,0,0,0,0,0,1,0,0,0,1
169.192,2,1,3,2025,7,2,2,3,0,0,84.596,5.136927211509309,0,0,1,1,0,0,0,1,0,0,0
31.44,1,1,0,2025,12,13,5,4,1,1,31.44,3.479392229247212,1,0,0,0,0,0,1,0,1,0,0
9.78,1,1,4,2025,1,12,6,1,1,0,9.78,2.377692565480851,0,1,0,0,0,0,1,0,0,0,1
491.888,2,1,4,2025,11,29,5,4,1,1,245.944,6.200281967705902,1,0,0,0,0,1,0,0,0,0,1
308.753,2,2,4,2025,4,16,2,2,0,0,154.3765,5.7357752056923745,1,0,0,0,0,0,1,0,0,0,1
23.36,1,1,5,2025,11,16,6,4,1,1,23.36,3.192942442841696,0,0,1,0,0,0,1,0,0,0,1
559.2,2,1,5,2025,11,15,5,4,1,1,279.6,6.328293862826008,1,0,0,0,0,1,0,0,0,0,1
12.672,1,1,2,2025,12,18,3,4,0,1,12.672,2.6153499458132896,1,0,0,0,0,1,0,1,0,0,0
34.5,1,1,0,2025,12,10,2,4,0,1,34.5,3.56953269648137,0,0,1,1,0,0,0,0,1,0,0
26.056,2,2,5,2025,4,30,2,2,0,0,13.028,3.2979087921562247,0,1,0,0,0,1,0,0,0,0,1
444.768,1,1,5,2025,12,9,1,4,0,1,444.768,6.099798637307641,1,0,0,0,0,0,1,0,0,0,1
954.548,4,2,6,2025,6,12,3,2,0,0,238.637,6.862284997897375,1,0,0,0,1,0,0,0,0,0,1
745.2800000000001,3,1,2,2025,3,21,4,1,0,0,248.4266666666667,6.615100864903798,1,0,0,0,0,0,1,0,0,1,0
244.64999999999998,2,1,6,2025,4,23,2,2,0,0,122.32499999999999,5.503907758614657,1,0,0,0,1,0,0,0,0,0,1
1058.108,4,3,7,2025,7,8,1,3,0,0,264.527,6.965182323404326,1,0,0,0,0,0,1,0,0,0,1
1324.574,3,1,4,2025,10,7,1,4,0,0,441.5246666666667,7.189600852160194,1,0,0,0,0,0,1,0,0,0,1
91.14,2,1,3,2025,9,12,4,3,0,0,45.57,4.523309159507771,0,1,0,0,1,0,0,1,0,0,0
31.8,1,1,4,2025,12,25,3,4,0,1,31.8,3.4904285153900982,1,0,0,0,1,0,0,0,0,0,1
558.81,2,2,4,2025,7,27,6,3,1,0,279.405,6.327597440444489,1,0,0,0,1,0,0,0,0,0,1
243.584,4,1,6,2025,12,8,0,4,0,1,60.896,5.499558808194502,0,1,0,0,0,0,1,0,0,0,1
103.056,1,1,5,2025,9,24,2,3,0,0,103.056,4.644929215761439,1,0,0,0,1,0,0,0,0,0,1
20.12,2,1,5,2025,9,14,6,3,1,0,10.06,3.050220458838061,1,0,0,0,1,0,0,0,0,0,1
1448.853,5,3,3,2025,2,17,0,1,0,0,289.7706,7.279217450965046,0,0,1,0,1,0,0,1,0,0,0
40.99,1,1,5,2025,10,6,0,4,0,0,40.99,3.737431494696102,0,1,0,0,1,0,0,0,0,0,1
649.0,1,1,5,2025,12,4,3,4,0,1,649.0,6.476972362889683,1,0,0,0,0,1,0,0,0,0,1
16.98,1,1,6,2025,4,4,4,2,0,0,16.98,2.8892600290434745,0,0,1,0,1,0,0,0,0,0,1
435.999,1,1,2,2025,6,30,0,2,0,0,435.999,6.079930906763453,1,0,0,0,0,0,1,0,0,1,0
71.0,1,1,3,2025,12,21,6,4,1,1,71.0,4.276666119016055,1,0,0,0,0,1,0,1,0,0,0
178.89000000000001,5,1,1,2025,12,2,1,4,0,1,35.778000000000006,5.1923455529745945,0,1,0,0,0,0,1,0,1,0,0
15.984,1,1,5,2025,12,9,1,4,0,1,15.984,2.8322717244009548,1,0,0,1,0,0,0,0,0,0,1
29.97,1,1,6,2025,7,22,1,3,0,0,29.97,3.4330189939851112,0,1,0,0,1,0,0,0,0,0,1
49.704,4,1,5,2025,9,4,3,3,0,0,12.426,3.926004802948565,1,0,0,0,1,0,0,0,0,1,0
2.912,1,1,5,2025,7,16,2,3,0,0,2.912,1.3640487521725708,0,0,1,1,0,0,0,0,0,0,1
16.52,1,1,5,2025,4,16,2,2,0,0,16.52,2.8633430855082453,0,0,1,1,0,0,0,0,0,0,1
188.24,4,2,2,2025,12,9,1,4,0,1,47.06,5.2430160507629475,1,0,0,1,0,0,0,0,0,1,0
318.96,2,2,1,2025,5,1,3,2,0,0,159.48,5.768195987980621,1,0,0,0,0,1,0,1,0,0,0
48.9,1,1,4,2025,5,1,3,2,0,0,48.9,3.910021002757473,0,0,1,0,0,1,0,0,0,0,1
68.967,3,1,6,2025,10,27,0,4,0,0,22.989,4.248023702320545,0,1,0,0,0,1,0,0,0,0,1
34.24,2,2,3,2025,10,27,0,4,0,0,17.12,3.562181801067979,0,0,1,1,0,0,0,0,0,1,0
6.57,1,1,5,2025,9,2,1,3,0,0,6.57,2.0241930674493576,1,0,0,0,0,0,1,0,0,0,1
11.673,1,1,5,2025,11,3,0,4,0,1,11.673,2.5394737460999273,1,0,0,0,1,0,0,0,0,0,1
1242.6319999999998,3,2,4,2025,11,21,4,4,0,1,414.2106666666666,7.125791409600085,1,0,0,0,0,0,1,0,0,0,1
24.57,2,1,5,2025,3,4,1,1,0,0,12.285,3.2414197893030954,0,1,0,0,0,0,1,0,0,0,1
27.46,1,1,7,2025,12,23,1,4,0,1,27.46,3.3484995926617063,0,0,1,0,1,0,0,0,0,0,1
237.608,2,2,1,2025,8,7,3,3,0,0,118.804,5.474822038020426,1,0,0,1,0,0,0,1,0,0,0
151.93,3,1,5,2025,11,11,1,4,0,1,50.64333333333334,5.029980300360032,1,0,0,0,0,0,1,0,0,0,1
117.51,2,1,5,2025,3,7,4,1,0,0,58.755,4.774997345200357,1,0,0,0,1,0,0,0,0,0,1
808.92,8,2,5,2025,9,10,2,3,0,0,101.115,6.696935477356759,1,0,0,1,0,0,0,0,0,1,0
25.06,1,1,4,2025,11,19,2,4,0,1,25.06,3.260401571696699,1,0,0,0,0,1,0,0,0,0,1
121.536,1,1,5,2025,7,23,2,3,0,0,121.536,4.808404864362253,1,0,0,1,0,0,0,0,0,0,1
19.56,1,1,7,2025,6,15,6,2,1,0,19.56,3.0233474405869645,1,0,0,1,0,0,0,0,0,0,1
257.508,3,1,6,2025,9,2,1,3,0,0,85.836,5.55492664124524,0,1,0,1,0,0,0,0,0,0,1
65.728,3,2,4,2025,10,28,1,4,0,0,21.909333333333333,4.20062465493931,1,0,0,1,0,0,0,0,0,1,0
503.872,2,2,2,2025,6,16,0,2,0,0,251.936,6.224304931801055,1,0,0,0,1,0,0,0,0,1,0
891.53,5,1,2,2025,5,20,1,2,0,0,178.30599999999998,6.794060126534253,1,0,0,1,0,0,0,0,0,1,0
4.956,1,1,4,2025,2,24,0,1,0,0,4.956,1.7843991148217626,1,0,0,0,1,0,0,0,0,0,1
215.976,1,1,0,2025,9,2,1,3,0,0,215.976,5.379786748345589,0,0,1,0,0,0,1,0,1,0,0
1559.6680000000001,4,3,2,2025,11,20,3,4,0,1,389.91700000000003,7.352869213718136,1,0,0,0,1,0,0,1,0,0,0
307.776,1,1,5,2025,10,16,3,4,0,0,307.776,5.732616094922996,0,1,0,0,0,0,1,0,0,0,1
425.056,4,2,4,2025,3,21,4,1,0,0,106.264,6.054570793028928,0,0,1,0,0,0,1,0,0,0,1
167.968,1,1,4,2025,7,3,3,3,0,0,167.968,5.129709347881841,1,0,0,1,0,0,0,0,0,0,1
1311.372,2,2,2,2025,11,30,6,4,1,1,655.686,7.179591465900499,0,0,1,0,1,0,0,0,0,1,0
239.358,1,1,6,2025,10,10,4,4,0,0,239.358,5.482129478579053,1,0,0,1,0,0,0,0,0,0,1
2031.3919999999998,2,1,4,2025,1,3,4,1,0,0,1015.6959999999999,7.616968703478805,1,0,0,0,0,0,1,0,0,0,1
52.76,1,1,4,2025,7,8,1,3,0,0,52.76,3.984529696214894,0,0,1,0,0,0,1,0,0,0,1
10.8,1,1,4,2025,12,16,1,4,0,1,10.8,2.468099531471619,1,0,0,1,0,0,0,0,0,0,1
280.96,2,2,7,2025,3,3,0,1,0,0,140.48,5.641765216905675,1,0,0,1,0,0,0,0,0,0,1
199.49099999999999,2,1,3,2025,9,25,3,3,0,0,99.74549999999999,5.300769357958589,0,1,0,0,1,0,0,1,0,0,0
470.376,1,1,4,2025,3,25,1,1,0,0,470.376,6.155656077029466,1,0,0,1,0,0,0,0,0,0,1
14.13,1,1,4,2025,6,10,1,2,0,0,14.13,2.7166795278002644,0,1,0,0,1,0,0,0,0,1,0
2633.5099999999998,2,1,6,2025,4,8,1,2,0,0,1316.7549999999999,7.876452485428813,0,0,1,0,1,0,0,0,0,0,1
441.71999999999997,2,2,2,2025,10,12,6,4,1,0,220.85999999999999,6.092937516038615,1,0,0,0,0,0,1,0,0,1,0
50.136,1,1,7,2025,5,25,6,2,1,0,50.136,3.9344887501438097,1,0,0,1,0,0,0,0,0,0,1
3.132,1,1,4,2025,12,26,4,4,0,1,3.132,1.4187615512573921,0,0,1,0,1,0,0,0,0,0,1
1782.104,7,2,4,2025,9,17,2,3,0,0,254.5862857142857,7.486110944821653,0,1,0,0,0,0,1,0,0,1,0
749.8919999999999,2,2,2,2025,11,19,2,4,0,1,374.94599999999997,6.621261833167077,0,1,0,1,0,0,0,1,0,0,0
17.798000000000002,3,1,5,2025,5,18,6,2,1,0,5.932666666666667,2.9337504811981097,0,1,0,1,0,0,0,0,0,0,1
142.344,3,2,7,2025,1,30,3,1,0,0,47.448,4.9652473358552225,0,0,1,0,0,0,1,0,0,0,1
956.8035,2,2,5,2025,6,18,2,2,0,0,478.40175,6.864642642109391,1,0,0,0,0,0,1,0,0,0,1
34.504,1,1,1,2025,9,11,3,3,0,0,34.504,3.569645366190238,1,0,0,0,0,1,0,1,0,0,0
228.188,3,1,4,2025,8,18,0,3,0,0,76.06266666666666,5.434542627449018,1,0,0,1,0,0,0,0,0,0,1
198.54999999999998,2,2,3,2025,11,13,3,4,0,1,99.27499999999999,5.296064831494743,0,1,0,0,1,0,0,0,0,1,0
36.048,1,1,4,2025,5,18,6,2,1,0,36.048,3.6122143691784507,1,0,0,0,1,0,0,0,0,0,1
478.24,1,1,3,2025,4,9,2,2,0,0,478.24,6.1722015157716985,1,0,0,1,0,0,0,0,0,1,0
394.47999999999996,3,2,6,2025,8,21,3,3,0,0,131.4933333333333,5.980100217028932,0,0,1,0,1,0,0,0,0,0,1
20.544,1,1,2,2025,9,16,1,3,0,0,20.544,3.0700973555092976,1,0,0,0,1,0,0,0,0,1,0
40.68,1,1,4,2025,9,2,1,3,0,0,40.68,3.7300213974451113,1,0,0,1,0,0,0,0,0,0,1
60.84,1,1,7,2025,3,26,2,1,0,0,60.84,4.124550404279167,0,1,0,1,0,0,0,0,0,0,1
536.858,2,2,4,2025,12,1,0,4,0,1,268.429,6.287594584802909,1,0,0,1,0,0,0,0,0,0,1
1704.89,1,1,2,2025,10,1,2,4,0,0,1704.89,7.4418422476609685,0,0,1,0,1,0,0,1,0,0,0
401.36400000000003,2,2,7,2025,10,21,1,4,0,0,200.68200000000002,5.997357151562781,1,0,0,0,1,0,0,0,0,0,1
272.97,1,1,2,2025,11,7,4,4,0,1,272.97,5.6130186113426115,0,1,0,0,1,0,0,0,0,1,0
325.86,1,1,1,2025,3,30,6,1,1,0,325.86,5.789531944664912,1,0,0,1,0,0,0,1,0,0,0
740.214,3,2,2,2025,1,2,3,1,0,0,246.73800000000003,6.608289382522084,0,1,0,0,0,1,0,1,0,0,0
726.828,4,3,2,2025,5,19,0,2,0,0,181.707,6.590064756545749,0,0,1,0,0,0,1,0,0,1,0
729.648,2,1,5,2025,10,21,1,4,0,0,364.824,6.5939318116282,0,0,1,0,0,1,0,0,0,0,1
7.88,1,1,4,2025,11,7,4,4,0,1,7.88,2.1838015570040787,1,0,0,0,1,0,0,0,0,0,1
715.19,2,2,2,2025,10,15,2,4,0,0,357.595,6.57394549488657,0,1,0,0,0,0,1,1,0,0,0
874.8,6,3,2,2025,3,27,3,1,0,0,145.79999999999998,6.775137754367298,1,0,0,0,0,1,0,0,0,1,0
267.7912,2,2,6,2025,11,13,3,4,0,1,133.8956,5.593934870017853,0,1,0,1,0,0,0,0,0,0,1
508.78799999999995,3,3,6,2025,6,3,1,2,0,0,169.59599999999998,6.233994953022372,0,1,0,0,1,0,0,0,0,0,1
819.2800000000001,4,2,4,2025,12,25,3,4,0,1,204.82000000000002,6.7096457453875695,0,0,1,0,0,1,0,0,0,1,0
12.192,1,1,4,2025,9,2,1,3,0,0,12.192,2.579610585257298,1,0,0,0,1,0,0,0,0,0,1
492.768,1,1,5,2025,11,5,2,4,0,1,492.768,6.2020657712470415,0,1,0,1,0,0,0,0,0,1,0
49.616,1,1,3,2025,3,14,4,1,0,0,49.616,3.924267731844583,0,1,0,1,0,0,0,0,0,1,0
15.552,1,1,5,2025,4,15,1,2,0,0,15.552,2.8065069404432417,1,0,0,0,0,1,0,0,0,0,1
19.05,1,1,3,2025,9,14,6,3,1,0,19.05,2.998229153752578,1,0,0,1,0,0,0,0,0,1,0
13.468,1,1,5,2025,3,31,0,1,0,0,13.468,2.6719393140898515,1,0,0,1,0,0,0,0,0,1,0
15.072,1,1,6,2025,9,2,1,3,0,0,15.072,2.7770786275126333,0,1,0,0,1,0,0,0,0,0,1
192.16,1,1,4,2025,8,25,0,3,0,0,192.16,5.263518861005341,1,0,0,0,0,1,0,0,0,0,1
52.792,1,1,2,2025,10,17,4,4,0,0,52.792,3.985124757226205,0,1,0,0,0,0,1,0,0,1,0
16.739,2,2,4,2025,4,10,3,2,0,0,8.3695,2.8757656055068024,0,1,0,0,0,1,0,0,0,1,0
240.784,1,1,5,2025,2,6,3,1,0,0,240.784,5.488044765602584,1,0,0,0,1,0,0,0,0,0,1
142.98000000000002,2,2,4,2025,10,26,6,4,1,0,71.49000000000001,4.969674401041157,0,1,0,0,1,0,0,0,0,0,1
892.98,1,1,3,2025,1,8,2,1,0,0,892.98,6.795683403558618,0,1,0,0,0,0,1,1,0,0,0
244.55,1,1,5,2025,8,7,3,3,0,0,244.55,5.503500592485254,1,0,0,0,0,0,1,0,0,0,1
43.92,1,1,5,2025,5,11,6,2,1,0,43.92,3.8048831298702424,1,0,0,0,1,0,0,0,0,1,0
83.76,1,1,6,2025,6,26,3,2,0,0,83.76,4.4398237334000985,1,0,0,0,0,0,1,0,0,0,1
34.623999999999995,2,1,4,2025,12,30,1,4,0,1,17.311999999999998,3.5730195680194012,0,1,0,0,0,0,1,0,0,0,1
88.92,1,1,3,2025,11,11,1,4,0,1,88.92,4.498920386145381,1,0,0,0,0,1,0,1,0,0,0
562.5500000000001,2,2,4,2025,5,14,2,2,0,0,281.27500000000003,6.334256060688087,1,0,0,0,1,0,0,0,0,0,1
2888.518,4,2,6,2025,12,18,3,4,0,1,722.1295,7.968844985189892,1,0,0,0,1,0,0,0,0,0,1
67.304,2,1,3,2025,7,9,2,3,0,0,33.652,4.223968330015606,0,1,0,1,0,0,0,1,0,0,0
19.44,1,1,5,2025,8,19,1,3,0,0,19.44,3.017493765335504,1,0,0,0,1,0,0,0,0,0,1
36.792,1,1,0,2025,7,31,3,3,0,0,36.792,3.632097440014952,1,0,0,1,0,0,0,0,1,0,0
1017.136,2,1,3,2025,9,14,6,3,1,0,508.568,6.925728783472285,0,1,0,0,0,1,0,1,0,0,0
126.98,4,2,4,2025,12,22,0,4,0,1,31.745,4.851874001711314,0,1,0,0,0,0,1,0,0,0,1
277.71,2,2,3,2025,1,28,1,1,0,0,138.855,5.630171814719692,0,0,1,0,0,0,1,0,0,1,0
10.16,1,1,4,2025,10,2,3,4,0,0,10.16,2.412335956953165,0,1,0,0,0,1,0,0,0,1,0
400.784,1,1,2,2025,6,25,2,2,0,0,400.784,5.995914630781593,1,0,0,0,1,0,0,0,0,1,0
21.336,1,1,3,2025,2,11,1,1,0,0,21.336,3.1061997265799617,0,1,0,0,0,0,1,0,0,1,0
390.75,1,1,4,2025,11,5,2,4,0,1,390.75,5.97062388123613,1,0,0,0,1,0,0,0,0,0,1
242.94,1,1,5,2025,3,12,2,1,0,0,242.94,5.496922293415092,0,1,0,0,0,0,1,0,0,0,1
46.019999999999996,2,1,4,2025,11,2,6,4,1,1,23.009999999999998,3.8505730431119236,0,1,0,1,0,0,0,0,0,0,1
35.1,1,1,4,2025,5,30,4,2,0,0,35.1,3.586292865338835,1,0,0,0,0,0,1,0,0,0,1
904.9,1,1,2,2025,10,13,0,4,0,0,904.9,6.808928924675242,1,0,0,0,1,0,0,1,0,0,0
155.94,1,1,4,2025,11,30,6,4,1,1,155.94,5.055863566699327,1,0,0,0,1,0,0,0,0,0,1
1491.616,2,2,2,2025,9,4,3,3,0,0,745.808,7.308285564189612,1,0,0,0,0,0,1,0,0,1,0
678.1,3,1,3,2025,12,2,1,4,0,1,226.03333333333333,6.520768392119746,0,1,0,0,0,0,1,1,0,0,0
504.9,1,1,4,2025,12,17,2,4,0,1,504.9,6.22633902129789,1,0,0,0,0,1,0,0,0,0,1
177.55,1,1,4,2025,9,25,3,3,0,0,177.55,5.184868674040458,1,0,0,0,0,1,0,0,0,0,1
193.63400000000001,3,2,4,2025,12,19,4,4,0,1,64.54466666666667,5.271120871859565,1,0,0,0,0,0,1,0,0,0,1
552.0,1,1,1,2025,4,24,3,2,0,0,552.0,6.315358001522335,1,0,0,0,0,0,1,1,0,0,0
1433.19,3,3,2,2025,6,27,4,2,0,0,477.73,7.268355508895928,0,1,0,0,0,0,1,0,0,1,0
21.96,1,1,6,2025,9,22,0,3,0,0,21.96,3.133753571451366,1,0,0,0,0,0,1,0,0,0,1
116.47999999999999,2,1,5,2025,8,7,3,3,0,0,58.239999999999995,4.766268106330419,1,0,0,0,1,0,0,0,0,0,1
31.072000000000003,2,1,2,2025,9,11,3,3,0,0,15.536000000000001,3.467983375340206,1,0,0,1,0,0,0,0,0,1,0
863.88,1,1,4,2025,10,23,3,4,0,0,863.88,6.762590768984516,1,0,0,0,0,1,0,0,0,0,1
518.68,2,2,5,2025,10,31,4,4,0,0,259.34,6.2532132375332585,0,1,0,1,0,0,0,0,0,0,1
32.67,2,1,3,2025,12,5,4,4,0,1,16.335,3.516607233172983,1,0,0,0,1,0,0,0,0,1,0
8.856,1,1,2,2025,3,21,4,1,0,0,8.856,2.2880804067911638,1,0,0,0,1,0,0,0,0,1,0
659.9,1,1,5,2025,8,31,6,3,1,0,659.9,6.493602542476407,1,0,0,0,0,1,0,0,0,0,1
2110.72,5,3,2,2025,2,26,2,1,0,0,422.14399999999995,7.655258060279634,0,0,1,0,0,0,1,0,0,1,0
13.128,1,1,5,2025,7,23,2,3,0,0,13.128,2.648158643861604,0,1,0,0,1,0,0,0,0,0,1
54.32,1,1,6,2025,9,4,3,3,0,0,54.32,4.013134506796558,0,1,0,0,0,0,1,0,0,0,1
1816.3600000000001,5,3,5,2025,12,8,0,4,0,1,363.27200000000005,7.505140177554965,1,0,0,1,0,0,0,0,0,0,1
19.04,1,1,6,2025,9,4,3,3,0,0,19.04,2.997730276216664,1,0,0,0,1,0,0,0,0,0,1
865.0,3,2,4,2025,5,18,6,2,1,0,288.3333333333333,6.763884908562435,0,0,1,1,0,0,0,0,0,1,0
171.848,3,1,4,2025,10,21,1,4,0,0,57.28266666666667,5.15241259557463,0,0,1,0,1,0,0,0,0,0,1
10.36,1,1,6,2025,6,8,6,2,1,0,10.36,2.4300984132930052,1,0,0,0,1,0,0,0,0,0,1
189.71200000000002,2,1,2,2025,12,23,1,4,0,1,94.85600000000001,5.250764436688489,0,1,0,1,0,0,0,0,0,1,0
3955.507,9,3,4,2025,12,8,0,4,0,1,439.5007777777778,8.283116844288173,1,0,0,0,0,0,1,0,0,0,1
291.96,1,1,6,2025,9,23,1,3,0,0,291.96,5.6800360809262,1,0,0,1,0,0,0,0,0,0,1
399.672,1,1,5,2025,3,3,0,1,0,0,399.672,5.993143137486538,0,1,0,0,0,0,1,0,0,0,1
551.038,4,2,6,2025,5,12,0,2,0,0,137.7595,6.313616884487401,0,1,0,0,0,0,1,0,0,0,1
91.275,1,1,4,2025,10,19,6,4,1,0,91.275,4.524773248916063,1,0,0,1,0,0,0,0,0,0,1
588.008,5,3,5,2025,12,4,3,4,0,1,117.6016,6.378439765902302,0,1,0,0,1,0,0,0,0,0,1
13.76,1,1,3,2025,8,5,1,3,0,0,13.76,2.6919208191723265,0,1,0,0,0,1,0,1,0,0,0
1071.7400000000002,3,2,6,2025,11,28,4,4,0,1,357.2466666666667,6.977971401991784,0,0,1,0,1,0,0,0,0,0,1
104.85,1,1,6,2025,10,1,2,4,0,0,104.85,4.662022997580874,1,0,0,1,0,0,0,0,0,0,1
63.92,1,1,4,2025,6,12,3,2,0,0,63.92,4.17315574264639,1,0,0,0,1,0,0,0,0,0,1
17.608,2,2,5,2025,5,18,6,2,1,0,8.804,2.923591595776309,1,0,0,0,1,0,0,0,0,0,1
193.974,3,2,3,2025,1,27,0,1,0,0,64.658,5.272866216340734,1,0,0,0,1,0,0,0,0,1,0
69.48,1,1,4,2025,12,8,0,4,0,1,69.48,4.255328981627924,0,1,0,0,0,0,1,0,0,1,0
35.91,1,1,5,2025,12,24,2,4,0,1,35.91,3.608482517041907,1,0,0,0,1,0,0,0,0,0,1
283.774,5,3,5,2025,8,18,0,3,0,0,56.7548,5.651695883235608,0,1,0,0,1,0,0,0,0,1,0
498.15,3,1,6,2025,12,4,3,4,0,1,166.04999999999998,6.2129066517824345,1,0,0,0,1,0,0,0,0,0,1
306.36,8,3,3,2025,12,3,2,4,0,1,38.295,5.728019699020247,1,0,0,0,0,0,1,0,0,1,0
13.904,1,1,7,2025,11,17,0,4,0,1,13.904,2.7016296332992873,0,1,0,0,0,0,1,0,0,0,1
14.8,2,1,1,2025,9,16,1,3,0,0,7.4,2.760009940032921,0,1,0,0,0,0,1,1,0,0,0
805.99,5,3,2,2025,5,9,4,2,0,0,161.198,6.6933112766194425,0,0,1,0,0,0,1,1,0,0,0
240.14999999999998,3,1,2,2025,11,5,2,4,0,1,80.05,5.485419146514981,0,0,1,1,0,0,0,1,0,0,0
399.95,1,1,1,2025,7,23,2,3,0,0,399.95,5.993836731253038,0,0,1,1,0,0,0,1,0,0,0
42.93,1,1,6,2025,4,1,1,2,0,0,42.93,3.782597457987688,1,0,0,0,1,0,0,0,0,0,1
47.98,1,1,5,2025,10,28,1,4,0,0,47.98,3.8914120515240214,0,1,0,0,1,0,0,0,0,1,0
243.92,1,1,5,2025,9,29,0,3,0,0,243.92,5.500931626609754,1,0,0,0,0,1,0,0,0,0,1
169.28,2,2,4,2025,6,17,1,2,0,0,84.64,5.137444140959952,1,0,0,0,0,0,1,0,0,1,0
37.94,1,1,4,2025,2,16,6,1,1,0,37.94,3.6620219999440535,1,0,0,0,1,0,0,0,0,0,1
55.488,2,1,4,2025,12,1,0,4,0,1,27.744,4.034028226214046,1,0,0,0,0,0,1,0,0,0,1
150.17999999999998,2,1,5,2025,10,6,0,4,0,0,75.08999999999999,5.01847117986403,1,0,0,0,1,0,0,0,0,0,1
78.504,2,2,6,2025,7,20,6,3,1,0,39.252,4.375807334859965,1,0,0,1,0,0,0,0,0,0,1
16.59,1,1,2,2025,1,2,3,1,0,0,16.59,2.8673305587494666,0,1,0,0,0,0,1,0,0,1,0
1629.712,2,2,4,2025,7,21,0,3,0,0,814.856,7.396772008243124,0,1,0,0,0,0,1,0,0,1,0
126.656,2,2,2,2025,11,20,3,4,0,1,63.328,4.849339146108126,1,0,0,0,0,0,1,0,0,1,0
397.74399999999997,4,3,5,2025,2,9,6,1,1,0,99.43599999999999,5.988319606963903,1,0,0,1,0,0,0,0,0,0,1
196.45,1,1,3,2025,4,15,1,2,0,0,196.45,5.285485387732658,0,1,0,0,0,0,1,1,0,0,0
119.96,1,1,4,2025,6,15,6,2,1,0,119.96,4.795459912431223,0,1,0,0,0,0,1,0,0,1,0
695.944,2,2,4,2025,12,29,0,4,0,1,347.972,6.54670506319989,1,0,0,0,0,0,1,0,0,0,1
4416.174,1,1,5,2025,8,17,6,3,1,0,4416.174,8.393255404073972,1,0,0,0,1,0,0,0,0,1,0
105.408,3,2,5,2025,11,23,6,4,1,1,35.136,4.6672807620509955,1,0,0,0,0,1,0,0,0,0,1
351.65999999999997,3,2,5,2025,8,20,2,3,0,0,117.21999999999998,5.865504419979778,0,1,0,0,0,0,1,0,0,0,1
631.5989999999999,2,2,2,2025,12,22,0,4,0,1,315.79949999999997,6.4498367300925565,1,0,0,0,1,0,0,1,0,0,0
2942.784,7,3,5,2025,6,15,6,2,1,0,420.3977142857143,7.9874511075918715,0,1,0,0,0,1,0,0,0,0,1
173.8,1,1,4,2025,11,30,6,4,1,1,173.8,5.163642463221435,1,0,0,0,0,1,0,0,0,0,1
60.312,1,1,2,2025,4,17,3,2,0,0,60.312,4.115975582348395,1,0,0,0,1,0,0,1,0,0,0
91.416,2,2,2,2025,6,12,3,2,0,0,45.708,4.526300123830306,1,0,0,0,0,0,1,0,0,1,0
1805.88,1,1,6,2025,3,21,4,1,0,0,1805.88,7.49935687997536,1,0,0,1,0,0,0,0,0,0,1
523.392,1,1,4,2025,11,9,6,4,1,1,523.392,6.2622394962430485,0,1,0,0,0,0,1,0,0,0,1
22.77,1,1,5,2025,12,15,0,4,0,1,22.77,3.1684242813721024,0,0,1,0,0,0,1,0,0,0,1
916.14,2,2,5,2025,12,22,0,4,0,1,458.07,6.821260132359043,0,1,0,0,1,0,0,0,0,1,0
183.42000000000002,2,1,4,2025,4,20,6,2,1,0,91.71000000000001,5.217215765110995,1,0,0,1,0,0,0,0,0,0,1
5.67,1,1,6,2025,1,24,4,1,0,0,5.67,1.8976198599275325,1,0,0,0,0,1,0,0,0,0,1
240.368,3,3,4,2025,11,23,6,4,1,1,80.12266666666666,5.486322739810289,1,0,0,1,0,0,0,0,0,0,1
3859.488,3,2,7,2025,8,18,0,3,0,0,1286.4959999999999,8.258548879338392,0,1,0,0,0,0,1,0,0,0,1
594.5,2,2,5,2025,2,16,6,1,1,0,297.25,6.3894013887953545,0,1,0,0,1,0,0,0,0,0,1
155.372,1,1,5,2025,11,2,6,4,1,1,155.372,5.052237783950769,0,0,1,0,1,0,0,0,0,1,0
92.39399999999999,2,1,7,2025,4,25,4,2,0,0,46.196999999999996,4.536827103342637,1,0,0,0,0,0,1,0,0,0,1
806.05,4,3,0,2025,5,25,6,2,1,0,201.5125,6.693385624219289,1,0,0,0,1,0,0,0,1,0,0
45.92,1,1,5,2025,11,11,1,4,0,1,45.92,3.848444023785275,1,0,0,1,0,0,0,0,0,0,1
2283.4300000000003,4,2,3,2025,12,22,0,4,0,1,570.8575000000001,7.733871819255694,1,0,0,1,0,0,0,1,0,0,0
623.9300000000001,3,2,4,2025,11,20,3,4,0,1,207.9766666666667,6.437639643463934,0,1,0,0,1,0,0,0,0,1,0
37.52,1,1,5,2025,5,30,4,2,0,0,37.52,3.651177586929925,0,1,0,0,0,0,1,0,0,0,1
147.184,1,1,6,2025,9,5,4,3,0,0,147.184,4.998454744820422,0,0,1,0,0,1,0,0,0,0,1
34.76,1,1,3,2025,3,23,6,1,1,0,34.76,3.576829950305313,0,0,1,0,0,0,1,1,0,0,0
91.96,1,1,4,2025,9,4,3,3,0,0,91.96,4.5321692931036015,1,0,0,0,1,0,0,0,0,0,1
28.08,1,1,4,2025,4,28,0,2,0,0,28.08,3.3700506526653187,1,0,0,0,0,1,0,0,0,0,1
495.3,2,1,4,2025,12,17,2,4,0,1,247.65,6.207180582593395,0,1,0,0,0,0,1,0,0,0,1
147.168,1,1,5,2025,9,10,2,3,0,0,147.168,4.998346765120501,0,1,0,1,0,0,0,0,0,0,1
2340.06,2,1,4,2025,8,18,0,3,0,0,1170.03,7.758359097235084,0,1,0,0,0,0,1,0,0,0,1
988.204,7,3,4,2025,7,14,0,3,0,0,141.172,6.896900579310739,1,0,0,0,0,0,1,0,0,0,1
847.46,4,2,6,2025,7,9,2,3,0,0,211.865,6.74342294154774,1,0,0,0,1,0,0,0,0,0,1
205.744,3,2,4,2025,5,30,4,2,0,0,68.58133333333333,5.331481312926469,0,0,1,0,0,0,1,0,0,0,1
65.84,4,1,0,2025,11,4,1,4,0,1,16.46,4.202301703727193,0,0,1,1,0,0,0,0,1,0,0
264.32,1,1,3,2025,12,24,2,4,0,1,264.32,5.580936644657355,1,0,0,1,0,0,0,1,0,0,0
57.984,2,1,2,2025,12,23,1,4,0,1,28.992,4.077266220687349,1,0,0,1,0,0,0,0,0,1,0
477.09200000000004,5,2,3,2025,7,25,4,3,0,0,95.4184,6.169803182590995,1,0,0,0,1,0,0,0,0,1,0
693.13,6,3,0,2025,9,29,0,3,0,0,115.52166666666666,6.542659262849352,0,0,1,0,1,0,0,0,1,0,0
251.64,1,1,3,2025,9,23,1,3,0,0,251.64,5.531965550507332,1,0,0,0,0,1,0,1,0,0,0
424.172,2,1,4,2025,12,25,3,4,0,1,212.086,6.052493792935433,0,1,0,0,0,0,1,0,0,0,1
29.328,1,1,4,2025,9,23,1,3,0,0,29.328,3.4120713782140335,0,1,0,0,0,0,1,0,0,0,1
771.8,2,2,2,2025,4,2,2,2,0,0,385.9,6.650020282898308,0,0,1,0,0,1,0,1,0,0,0
31.968,1,1,1,2025,11,19,2,4,0,1,31.968,3.4955373940365164,1,0,0,0,0,0,1,1,0,0,0
994.4639999999999,3,3,4,2025,8,21,3,3,0,0,331.488,6.903208960118068,0,1,0,0,0,0,1,0,0,1,0
871.028,2,2,3,2025,7,3,3,3,0,0,435.514,6.770821533485205,0,1,0,1,0,0,0,0,0,1,0
88.768,1,1,3,2025,11,28,4,4,0,1,88.768,4.497228564362565,1,0,0,0,0,0,1,1,0,0,0
522.79,4,2,6,2025,5,29,3,2,0,0,130.6975,6.261090840635166,1,0,0,1,0,0,0,0,0,0,1
75.9,3,1,6,2025,11,3,0,4,0,1,25.3,4.3425058765115985,1,0,0,1,0,0,0,0,0,0,1
344.704,1,1,2,2025,5,18,6,2,1,0,344.704,5.845582917586702,1,0,0,0,0,0,1,1,0,0,0
1.824,1,1,4,2025,11,16,6,4,1,1,1.824,1.0381543196309957,0,1,0,0,1,0,0,0,0,1,0
356.79,1,1,4,2025,2,26,2,1,0,0,356.79,5.879946222109427,1,0,0,0,0,0,1,0,0,0,1
750.68,1,1,0,2025,12,26,4,4,0,1,750.68,6.622310701470548,0,1,0,1,0,0,0,0,1,0,0
2113.567,4,3,7,2025,1,30,3,1,0,0,528.39175,7.656605342388326,1,0,0,1,0,0,0,0,0,0,1
72.8,1,1,5,2025,3,3,0,1,0,0,72.8,4.301358731606427,1,0,0,0,0,1,0,0,0,0,1
52.696,2,1,1,2025,11,20,3,4,0,1,26.348,3.983338510844741,1,0,0,0,0,1,0,1,0,0,0
1169.694,1,1,4,2025,9,24,2,3,0,0,1169.694,7.065352014333687,0,0,1,0,1,0,0,0,0,0,1
878.816,3,2,6,2025,9,23,1,3,0,0,292.9386666666667,6.779712794700609,1,0,0,0,0,0,1,0,0,0,1
1081.69,4,3,2,2025,9,15,0,3,0,0,270.4225,6.987203964105362,1,0,0,0,1,0,0,0,0,1,0
54.816,1,1,5,2025,7,31,3,3,0,0,54.816,4.022060566636935,0,1,0,0,1,0,0,0,0,0,1
90.86,1,1,2,2025,3,18,1,1,0,0,90.86,4.520265678897648,0,1,0,0,0,0,1,0,0,1,0
10.782,1,1,7,2025,8,18,0,3,0,0,10.782,2.4665729430994956,1,0,0,0,1,0,0,0,0,0,1
1107.68,6,3,5,2025,7,20,6,3,1,0,184.61333333333334,7.010925397470654,0,1,0,1,0,0,0,0,0,0,1
181.86,1,1,4,2025,6,13,4,2,0,0,181.86,5.20872083273628,1,0,0,0,0,1,0,0,0,0,1
109.208,2,2,6,2025,5,19,0,2,0,0,54.604,4.702369489365211,1,0,0,1,0,0,0,0,0,0,1
95.92,1,1,4,2025,6,24,1,2,0,0,95.92,4.573885895948325,1,0,0,0,0,0,1,0,0,0,1
24.448,1,1,4,2025,9,25,3,3,0,0,24.448,3.236637154446843,0,1,0,0,1,0,0,0,0,0,1
284.19,3,1,2,2025,4,9,2,2,0,0,94.73,5.653155624811811,1,0,0,0,0,1,0,1,0,0,0
153.41000000000003,4,3,2,2025,5,12,0,2,0,0,38.352500000000006,5.039611402332773,1,0,0,0,1,0,0,0,0,1,0
391.98,1,1,2,2025,9,22,0,3,0,0,391.98,5.97375871998905,1,0,0,0,1,0,0,1,0,0,0
18.76,1,1,0,2025,9,10,2,3,0,0,18.76,2.983659692319722,1,0,0,0,1,0,0,0,1,0,0
271.764,1,1,4,2025,3,24,0,1,0,0,271.764,5.608606952451801,1,0,0,0,1,0,0,0,0,0,1
1365.48,2,1,5,2025,9,24,2,3,0,0,682.74,7.2199933693298055,0,1,0,0,0,0,1,0,0,0,1
3321.2780000000002,4,2,5,2025,11,13,3,4,0,1,830.3195000000001,8.108405971199279,1,0,0,0,0,0,1,0,0,0,1
821.514,2,1,5,2025,11,7,4,4,0,1,410.757,6.712365503771262,0,0,1,0,0,0,1,0,0,1,0
422.909,3,2,4,2025,12,1,0,4,0,1,140.96966666666665,6.049518809555713,1,0,0,0,1,0,0,0,0,0,1
282.688,3,2,6,2025,12,14,6,4,1,1,94.22933333333333,5.647875042717885,0,0,1,1,0,0,0,0,0,0,1
29.392000000000003,2,2,5,2025,11,12,2,4,0,1,14.696000000000002,3.4141794158853247,0,1,0,0,1,0,0,0,0,0,1
1245.86,1,1,2,2025,2,19,2,1,0,0,1245.86,7.128383669930678,0,1,0,0,0,1,0,0,0,1,0
220.752,1,1,4,2025,11,26,2,4,0,1,220.752,5.401559640314743,1,0,0,0,1,0,0,0,0,0,1
503.22,2,2,2,2025,4,16,2,2,0,0,251.61,6.2230126807660024,0,1,0,0,0,1,0,1,0,0,0
69.66,2,1,3,2025,4,12,5,2,1,0,34.83,4.257879641930999,1,0,0,0,1,0,0,0,0,1,0
330.76800000000003,2,1,0,2025,3,20,3,1,0,0,165.38400000000001,5.80443592946461,1,0,0,1,0,0,0,0,1,0,0
261.52,4,2,5,2025,12,13,5,4,1,1,65.38,5.570327269605522,1,0,0,0,0,0,1,0,0,0,1
122.53,2,1,4,2025,12,28,6,4,1,1,61.265,4.816484041548723,1,0,0,0,0,0,1,0,0,0,1
17.31,1,1,6,2025,11,16,6,4,1,1,17.31,2.907447358686419,1,0,0,0,0,0,1,0,0,0,1
80.564,2,1,0,2025,8,16,5,3,1,0,40.282,4.401387988152502,1,0,0,0,0,1,0,0,1,0,0
359.97,1,1,3,2025,2,6,3,1,0,0,359.97,5.888794852386603,1,0,0,0,0,1,0,1,0,0,0
284.98400000000004,3,2,6,2025,9,2,1,3,0,0,94.99466666666667,5.655935865198981,1,0,0,0,0,0,1,0,0,0,1
367.53000000000003,2,2,5,2025,9,3,2,3,0,0,183.76500000000001,5.909522119441872,0,0,1,0,0,0,1,0,0,0,1
159.98,1,1,2,2025,9,30,1,3,0,0,159.98,5.0812801336655875,0,0,1,0,0,0,1,0,0,1,0
296.952,2,1,7,2025,9,10,2,3,0,0,148.476,5.696932399706119,1,0,0,0,1,0,0,0,0,0,1
28.416,2,1,5,2025,8,24,6,3,1,0,14.208,3.381538743998971,0,1,0,0,1,0,0,0,0,0,1
10.368,1,1,3,2025,12,3,2,4,0,1,10.368,2.4308023907947995,1,0,0,1,0,0,0,1,0,0,0
1219.7920000000001,2,2,5,2025,3,3,0,1,0,0,609.8960000000001,7.107255107428774,1,0,0,0,0,0,1,0,0,0,1
129.93,1,1,5,2025,5,2,4,2,0,0,129.93,4.874662829239662,0,1,0,0,1,0,0,0,0,0,1
91.032,1,1,4,2025,7,27,6,3,1,0,91.032,4.522136342658527,1,0,0,0,0,1,0,0,0,1,0
10.64,1,1,2,2025,10,17,4,4,0,0,10.64,2.454447442303292,1,0,0,0,0,0,1,0,0,1,0
80.48,1,1,4,2025,9,21,6,3,1,0,80.48,4.400357591358605,1,0,0,0,0,1,0,0,0,0,1
2059.85,2,2,4,2025,11,28,4,4,0,1,1029.925,7.630873798038067,0,1,0,0,1,0,0,0,0,0,1
1993.772,6,3,6,2025,10,30,3,4,0,0,332.2953333333333,7.598285037078568,1,0,0,0,0,0,1,0,0,0,1
82.95,1,1,4,2025,11,13,3,4,0,1,82.95,4.43022138352355,1,0,0,0,0,0,1,0,0,1,0
191.646,1,1,7,2025,6,27,4,2,0,0,191.646,5.260854307814826,0,0,1,0,1,0,0,0,0,0,1
23.12,1,1,3,2025,2,10,0,1,0,0,23.12,3.1830413718589847,1,0,0,0,1,0,0,1,0,0,0
234.2,2,1,3,2025,5,26,0,2,0,0,117.1,5.460436216024472,0,1,0,0,0,1,0,1,0,0,0
27.76,1,1,3,2025,11,24,0,4,0,1,27.76,3.358985532852846,1,0,0,0,0,0,1,1,0,0,0
186.78400000000002,2,1,7,2025,9,23,1,3,0,0,93.39200000000001,5.235292366126586,1,0,0,0,0,0,1,0,0,0,1
2690.74,2,2,2,2025,11,1,5,4,1,1,1345.37,7.897943103633664,1,0,0,0,0,0,1,0,0,1,0
65.99,1,1,6,2025,10,2,3,4,0,0,65.99,4.204543354520176,0,1,0,0,1,0,0,0,0,0,1
203.983,1,1,4,2025,2,10,0,1,0,0,203.983,5.32292704887052,0,0,1,0,0,0,1,0,0,0,1
0.556,1,1,0,2025,3,2,6,1,1,0,0.556,0.4421184257561999,0,1,0,1,0,0,0,0,1,0,0
8.856,1,1,2,2025,6,12,3,2,0,0,8.856,2.2880804067911638,1,0,0,1,0,0,0,0,0,1,0
1038.26,4,3,4,2025,9,15,0,3,0,0,259.565,6.946264200410244,0,1,0,0,1,0,0,0,0,0,1
34.24,1,1,5,2025,11,14,4,4,0,1,34.24,3.562181801067979,1,0,0,0,0,0,1,0,0,0,1
712.85,2,2,4,2025,12,24,2,4,0,1,356.425,6.5706728562352295,1,0,0,0,0,1,0,0,0,0,1
317.624,2,2,5,2025,9,7,6,3,1,0,158.812,5.764011724205674,1,0,0,0,0,0,1,0,0,0,1
770.21,4,2,3,2025,3,19,2,1,0,0,192.5525,6.647960710017247,1,0,0,0,0,0,1,0,0,1,0
54.896,1,1,3,2025,8,1,4,3,0,0,54.896,4.02349282125015,0,1,0,0,0,0,1,0,0,1,0
32.088,3,1,5,2025,4,30,2,2,0,0,10.696,3.499170678885964,0,0,1,0,0,1,0,0,0,0,1
327.7328,1,1,6,2025,11,17,0,4,0,1,327.7328,5.795245262731632,1,0,0,1,0,0,0,0,0,0,1
168.58,3,1,4,2025,3,27,3,1,0,0,56.193333333333335,5.133324791875857,0,0,1,0,0,0,1,0,0,0,1
536.48,3,1,4,2025,6,21,5,2,1,0,178.82666666666668,6.286891550007209,0,0,1,0,1,0,0,0,0,0,1
723.92,1,1,5,2025,11,25,1,4,0,1,723.92,6.58606130393865,1,0,0,0,0,1,0,0,0,0,1
9.552,1,1,1,2025,7,3,3,3,0,0,9.552,2.3563154154150134,0,1,0,0,0,1,0,1,0,0,0
184.66,1,1,4,2025,9,11,3,3,0,0,184.66,5.223917043971786,0,0,1,0,0,1,0,0,0,0,1
47.904,1,1,5,2025,2,21,4,1,0,0,47.904,3.8898591927264246,1,0,0,1,0,0,0,0,0,0,1
67.78,1,1,4,2025,3,6,3,1,0,0,67.78,4.23091300500412,0,1,0,0,0,0,1,0,0,1,0
106.104,2,2,0,2025,4,10,3,2,0,0,53.052,4.673800325028916,1,0,0,1,0,0,0,0,1,0,0
456.51200000000006,3,2,6,2025,10,19,6,4,1,0,152.17066666666668,6.125803113879785,0,1,0,0,1,0,0,0,0,0,1
83.214,2,1,6,2025,4,24,3,2,0,0,41.607,4.433361178210674,1,0,0,1,0,0,0,0,0,0,1
40.28,2,1,4,2025,11,6,3,4,0,1,20.14,3.720378121173307,0,0,1,1,0,0,0,0,0,1,0
13.92,1,1,7,2025,7,23,2,3,0,0,13.92,2.702702594775615,0,0,1,0,1,0,0,0,0,0,1
107.97,1,1,2,2025,4,25,4,2,0,0,107.97,4.691072614988795,1,0,0,0,0,0,1,0,0,1,0
89.26,2,2,4,2025,10,19,6,4,1,0,44.63,4.502694394398855,0,1,0,0,1,0,0,0,0,0,1
1169.98,6,2,1,2025,10,23,3,4,0,0,194.99666666666667,7.065596284032563,0,1,0,0,1,0,0,1,0,0,0
253.86,3,2,1,2025,5,30,4,2,0,0,84.62,5.540714374784133,1,0,0,0,0,1,0,1,0,0,0
3.304,1,1,4,2025,7,25,4,3,0,0,3.304,1.4595448228594832,1,0,0,0,1,0,0,0,0,0,1
19.52,1,1,4,2025,6,30,0,2,0,0,19.52,3.021400020302569,0,1,0,0,0,1,0,0,0,0,1
41.424,1,1,4,2025,7,31,3,3,0,0,41.424,3.7477142398348287,0,0,1,0,0,1,0,0,0,0,1
1.788,1,1,5,2025,2,25,1,1,0,0,1.788,1.0253244928982774,1,0,0,1,0,0,0,0,0,0,1
427.59200000000004,2,1,0,2025,1,16,3,1,0,0,213.79600000000002,6.06050541744297,0,1,0,0,0,0,1,0,1,0,0
39.624,1,1,4,2025,10,19,6,4,1,0,39.624,3.7043590249623226,1,0,0,0,0,0,1,0,0,0,1
12.39,1,1,4,2025,11,3,0,4,0,1,12.39,2.5945081597030812,0,1,0,0,0,1,0,0,0,0,1
1278.158,4,3,6,2025,8,28,3,3,0,0,319.5395,7.153957327960091,0,0,1,0,0,0,1,0,0,0,1
275.65000000000003,4,2,4,2025,10,2,3,4,0,0,68.91250000000001,5.622753169344119,1,0,0,1,0,0,0,0,0,0,1
40.852000000000004,2,1,4,2025,10,14,1,4,0,0,20.426000000000002,3.734139585518801,0,0,1,1,0,0,0,0,0,0,1
285.576,1,1,5,2025,7,31,3,3,0,0,285.576,5.658003771482903,1,0,0,0,1,0,0,0,0,0,1
209.3,1,1,6,2025,12,30,1,4,0,1,209.3,5.348535082708654,0,0,1,1,0,0,0,0,0,0,1
323.71,2,2,5,2025,11,19,2,4,0,1,161.855,5.78293247629394,1,0,0,0,0,0,1,0,0,0,1
119.17800000000001,2,1,5,2025,2,3,0,1,0,0,59.589000000000006,4.788973977063197,1,0,0,0,0,1,0,0,0,0,1
35.168,1,1,4,2025,6,3,1,2,0,0,35.168,3.5881747499923042,0,1,0,0,0,1,0,0,0,0,1
85.2,1,1,4,2025,9,8,0,3,0,0,85.2,4.456670177669648,0,1,0,1,0,0,0,0,0,1,0
14.88,1,1,3,2025,9,10,2,3,0,0,14.88,2.7650604558189897,0,1,0,0,1,0,0,1,0,0,0
102.83,2,2,2,2025,10,12,6,4,1,0,51.415,4.642754946315362,0,0,1,0,0,0,1,1,0,0,0
81.4,1,1,4,2025,3,29,5,1,1,0,81.4,4.411585436915426,1,0,0,1,0,0,0,0,0,1,0
94.2,1,1,2,2025,3,30,6,1,1,0,94.2,4.55597994179732,1,0,0,0,0,0,1,0,0,1,0
479.984,1,1,4,2025,7,17,3,3,0,0,479.984,6.175834005519237,0,0,1,0,0,0,1,0,0,0,1
7.98,1,1,2,2025,9,29,0,3,0,0,7.98,2.194999882314108,0,1,0,0,1,0,0,1,0,0,0
4.91,1,1,5,2025,4,29,1,2,0,0,4.91,1.776645831418007,1,0,0,0,1,0,0,0,0,0,1
4.89,1,1,2,2025,4,15,1,2,0,0,4.89,1.7732559976634952,1,0,0,0,0,1,0,1,0,0,0
470.376,1,1,1,2025,6,5,3,2,0,0,470.376,6.155656077029466,1,0,0,1,0,0,0,1,0,0,0
92.94,1,1,2,2025,12,5,4,4,0,1,92.94,4.542656280598849,1,0,0,0,0,0,1,0,0,1,0
776.0799999999999,2,1,4,2025,6,15,6,2,1,0,388.03999999999996,6.65554330517058,1,0,0,0,0,1,0,0,0,0,1
514.05,2,2,6,2025,9,17,2,3,0,0,257.025,6.244263983329702,1,0,0,0,1,0,0,0,0,0,1
87.52,3,1,7,2025,8,21,3,3,0,0,29.173333333333332,4.483228515182849,1,0,0,1,0,0,0,0,0,0,1
1239.833,5,2,6,2025,1,21,1,1,0,0,247.96660000000003,7.1235382072533495,0,0,1,1,0,0,0,0,0,0,1
300.904,1,1,2,2025,9,15,0,3,0,0,300.904,5.7101090860453585,0,0,1,0,0,0,1,0,0,1,0
74.45,1,1,5,2025,4,14,0,2,0,0,74.45,4.323470185213858,0,1,0,0,1,0,0,0,0,0,1
13716.458,4,2,2,2025,10,22,2,4,0,0,3429.1145,9.526424607146048,0,0,1,0,1,0,0,1,0,0,0
7.056,1,1,2,2025,4,3,3,2,0,0,7.056,2.086417155416261,1,0,0,1,0,0,0,1,0,0,0
102.65599999999999,2,1,7,2025,10,30,3,4,0,0,51.327999999999996,4.64107772432651,1,0,0,0,0,0,1,0,0,0,1
175.08599999999998,5,2,4,2025,1,14,1,1,0,0,35.017199999999995,5.170972512057916,1,0,0,0,0,1,0,0,0,0,1
116.512,2,2,3,2025,12,1,0,4,0,1,58.256,4.766540456029114,1,0,0,0,1,0,0,1,0,0,0
1443.72,2,2,4,2025,2,24,0,1,0,0,721.86,7.275670810144088,0,1,0,0,1,0,0,0,0,0,1
4189.38,4,2,5,2025,1,22,2,1,0,0,1047.345,8.340546700928007,0,0,1,0,0,0,1,0,0,0,1
298.464,1,1,4,2025,7,10,3,3,0,0,298.464,5.701994209996975,0,0,1,1,0,0,0,0,0,0,1
512.3679999999999,4,2,4,2025,2,3,0,1,0,0,128.09199999999998,6.240992936926883,0,0,1,1,0,0,0,0,0,1,0
64.784,1,1,6,2025,12,28,6,4,1,1,64.784,4.186376647668594,0,0,1,0,0,1,0,0,0,0,1
26.88,1,1,4,2025,3,3,0,1,0,0,26.88,3.327909585892323,1,0,0,1,0,0,0,0,0,0,1
30.32,1,1,6,2025,7,11,4,3,0,0,30.32,3.4442568711226023,1,0,0,1,0,0,0,0,0,0,1
30.41,2,2,4,2025,6,2,0,2,0,0,15.205,3.447126313550555,0,0,1,0,1,0,0,0,0,0,1
6.208,1,1,5,2025,8,31,6,3,1,0,6.208,1.9751915203060368,0,0,1,0,0,0,1,0,0,0,1
209.88,2,1,2,2025,9,11,3,3,0,0,104.94,5.351289251314142,1,0,0,0,0,1,0,0,0,1,0
891.504,4,3,4,2025,11,2,6,4,1,1,222.876,6.794030995436468,0,1,0,0,1,0,0,0,0,0,1
26.16,1,1,4,2025,5,19,0,2,0,0,26.16,3.3017453026904953,0,1,0,0,0,1,0,0,0,0,1
24.288,2,1,7,2025,10,27,0,4,0,0,12.144,3.2303299749133165,0,1,0,1,0,0,0,0,0,0,1
181.95,1,1,4,2025,12,23,1,4,0,1,181.95,5.209212891465215,0,1,0,0,1,0,0,0,0,0,1
598.1600000000001,2,2,0,2025,9,1,0,3,0,0,299.08000000000004,6.395528674300518,0,1,0,0,0,0,1,0,1,0,0
481.524,3,3,5,2025,2,2,6,1,1,0,160.508,6.179030660474644,0,1,0,0,0,0,1,0,0,0,1
36.672,1,1,5,2025,12,19,4,4,0,1,36.672,3.628917112941253,1,0,0,0,0,0,1,0,0,1,0
1247.64,1,1,5,2025,11,17,0,4,0,1,1247.64,7.1298102379946915,0,1,0,0,1,0,0,0,0,1,0
406.93999999999994,2,2,2,2025,11,24,0,4,0,1,203.46999999999997,6.011120104766423,0,1,0,0,0,1,0,0,0,1,0
338.86,3,2,4,2025,8,5,1,3,0,0,112.95333333333333,5.8285337681059595,1,0,0,1,0,0,0,0,0,0,1
74.89,2,1,6,2025,9,29,0,3,0,0,37.445,4.3292849234158215,1,0,0,0,1,0,0,0,0,0,1
2382.9260000000004,7,3,5,2025,8,13,2,3,0,0,340.41800000000006,7.776503987435025,1,0,0,0,0,1,0,0,0,0,1
369.536,2,2,0,2025,9,10,2,3,0,0,184.768,5.914950606007735,0,1,0,0,0,0,1,0,1,0,0
4.24,1,1,4,2025,10,7,1,4,0,0,4.24,1.6563214983329508,1,0,0,1,0,0,0,0,0,0,1
71.98,1,1,6,2025,8,26,1,3,0,0,71.98,4.290185431008302,0,0,1,0,0,1,0,0,0,0,1
18.84,1,1,4,2025,7,10,3,3,0,0,18.84,2.987700101856727,1,0,0,0,0,1,0,0,0,1,0
47.992,1,1,2,2025,12,3,2,4,0,1,47.992,3.8916570194752733,1,0,0,0,0,1,0,0,0,1,0
850.92,2,1,7,2025,12,24,2,4,0,1,425.46,6.747492625707128,0,0,1,0,0,0,1,0,0,0,1
629.86,4,1,4,2025,5,4,6,2,1,0,157.465,6.447083967876869,1,0,0,0,0,1,0,0,0,0,1
81.568,1,1,5,2025,9,7,6,3,1,0,81.568,4.413622196263632,0,1,0,0,0,1,0,0,0,0,1
248.82,2,2,0,2025,9,7,6,3,1,0,124.41,5.520740658537763,1,0,0,1,0,0,0,0,1,0,0
908.82,1,1,2,2025,4,21,0,2,0,0,908.82,6.813246777747659,1,0,0,0,1,0,0,1,0,0,0
921.228,3,2,2,2025,6,19,3,2,0,0,307.07599999999996,6.826792481489085,0,1,0,0,1,0,0,0,0,1,0
562.702,6,3,5,2025,4,17,3,2,0,0,93.78366666666666,6.334525743067753,1,0,0,0,0,0,1,0,0,0,1
501.81,1,1,2,2025,11,25,1,4,0,1,501.81,6.220212365142023,0,0,1,1,0,0,0,0,0,1,0
4590.344,5,3,3,2025,8,23,5,3,1,0,918.0688,8.431928070651491,1,0,0,0,0,1,0,0,0,1,0
127.95,1,1,2,2025,4,1,1,2,0,0,127.95,4.859424732327354,0,1,0,0,0,1,0,1,0,0,0
540.934,4,1,5,2025,3,16,6,1,1,0,135.2335,6.295144222807218,0,1,0,0,0,0,1,0,0,0,1
504.59000000000003,2,1,5,2025,5,14,2,2,0,0,252.29500000000002,6.225726064156039,0,1,0,0,0,0,1,0,0,0,1
413.784,4,2,1,2025,10,1,2,4,0,0,103.446,6.02775790280525,1,0,0,0,0,0,1,1,0,0,0
740.5899999999999,4,3,5,2025,6,16,0,2,0,0,185.14749999999998,6.608796529802586,1,0,0,0,0,1,0,0,0,1,0
419.136,1,1,4,2025,9,26,4,3,0,0,419.136,6.040578468386235,0,0,1,0,0,1,0,0,0,0,1
17.456,1,1,4,2025,3,17,0,1,0,0,17.456,2.9153895208714524,1,0,0,0,0,0,1,0,0,1,0
128.85,1,1,7,2025,12,11,3,4,0,1,128.85,4.866379938108757,0,1,0,0,1,0,0,0,0,0,1
8.896,1,1,4,2025,4,25,4,2,0,0,8.896,2.292130635090187,1,0,0,0,0,0,1,0,0,0,1
7.4,1,1,5,2025,12,28,6,4,1,1,7.4,2.128231705849268,0,1,0,0,0,0,1,0,0,0,1
43.85,2,1,6,2025,12,9,1,4,0,1,21.925,3.803323588504805,1,0,0,1,0,0,0,0,0,0,1
59.76,1,1,4,2025,3,30,6,1,1,0,59.76,4.106931677727572,0,0,1,0,0,1,0,0,0,0,1
1132.56,2,2,0,2025,8,27,2,3,0,0,566.28,7.033118401938809,0,1,0,0,1,0,0,0,1,0,0
31.872,1,1,4,2025,9,15,0,3,0,0,31.872,3.4926212315811087,0,1,0,1,0,0,0,0,0,0,1
12.62,2,1,4,2025,5,22,3,2,0,0,6.31,2.611539300721366,0,0,1,0,0,0,1,0,0,0,1
582.304,2,2,2,2025,10,22,2,4,0,0,291.152,6.368708491270795,1,0,0,0,0,0,1,0,0,1,0
38.379999999999995,2,1,4,2025,9,24,2,3,0,0,19.189999999999998,3.673258073210979,0,0,1,0,0,0,1,0,0,1,0
582.0699999999999,2,2,0,2025,10,22,2,4,0,0,291.03499999999997,6.368307247753468,1,0,0,1,0,0,0,0,1,0,0
544.38,1,1,4,2025,12,17,2,4,0,1,544.38,6.301482799405415,1,0,0,0,0,1,0,0,0,0,1
199.73,3,2,3,2025,12,5,4,4,0,1,66.57666666666667,5.3019607214628355,1,0,0,1,0,0,0,1,0,0,0
779.1600000000001,3,1,6,2025,11,12,2,4,0,1,259.72,6.659499026852852,1,0,0,1,0,0,0,0,0,0,1
673.344,1,1,0,2025,10,12,6,4,1,0,673.344,6.5137403664664735,1,0,0,0,1,0,0,0,1,0,0
33.568,1,1,3,2025,11,26,2,4,0,1,33.568,3.542928398629632,1,0,0,1,0,0,0,1,0,0,0
88.06,2,2,4,2025,12,29,0,4,0,1,44.03,4.489310299893557,1,0,0,0,0,0,1,0,0,0,1
17.9,1,1,4,2025,9,16,1,3,0,0,17.9,2.9391619220655967,0,1,0,0,0,0,1,0,0,0,1
652.505,2,2,1,2025,10,27,0,4,0,0,326.2525,6.482350184144418,0,1,0,0,0,0,1,1,0,0,0
127.688,2,2,5,2025,7,29,1,3,0,0,63.844,4.857390870161713,0,1,0,1,0,0,0,0,0,0,1
16.272,1,1,3,2025,11,3,0,4,0,1,16.272,2.8490866932125063,1,0,0,0,0,1,0,0,0,1,0
1170.5639999999999,3,2,4,2025,7,28,0,3,0,0,390.18799999999993,7.066094887270836,0,1,0,0,0,0,1,0,0,0,1
22.744,2,1,5,2025,4,11,4,2,0,0,11.372,3.16732986698497,1,0,0,0,0,1,0,0,0,0,1
53.982,1,1,6,2025,3,10,0,1,0,0,53.982,4.007005858939792,1,0,0,0,1,0,0,0,0,0,1
56.512,2,1,2,2025,9,18,3,3,0,0,28.256,4.051993621681571,1,0,0,1,0,0,0,1,0,0,0
210.008,1,1,1,2025,8,22,4,3,0,0,210.008,5.351896047449266,1,0,0,0,0,0,1,1,0,0,0
25.472,1,1,4,2025,4,3,3,2,0,0,25.472,3.276087570619311,1,0,0,0,1,0,0,0,0,0,1
39.792,2,1,4,2025,12,5,4,4,0,1,19.896,3.7084859837528548,1,0,0,0,0,0,1,0,0,0,1
253.12800000000001,2,2,5,2025,4,14,0,2,0,0,126.56400000000001,5.5378380770927995,1,0,0,0,1,0,0,0,0,0,1
1729.286,3,2,2,2025,11,19,2,4,0,1,576.4286666666667,7.456041991747399,1,0,0,1,0,0,0,1,0,0,0
251.112,2,1,3,2025,2,5,2,1,0,0,125.556,5.52987343321969,1,0,0,1,0,0,0,0,0,1,0
62.65,1,1,4,2025,11,28,4,4,0,1,62.65,4.153399325003416,1,0,0,0,0,0,1,0,0,0,1
319.53200000000004,2,2,5,2025,11,24,0,4,0,1,159.76600000000002,5.7699821153704045,0,1,0,0,1,0,0,0,0,0,1
95.388,4,2,5,2025,10,19,6,4,1,0,23.847,4.568381712540256,0,1,0,0,0,0,1,0,0,1,0
23.887999999999998,3,1,3,2025,6,17,1,2,0,0,7.962666666666666,3.214385759595336,0,1,0,1,0,0,0,1,0,0,0
114.9,1,1,4,2025,9,1,0,3,0,0,114.9,4.752727750345706,1,0,0,0,1,0,0,0,0,1,0
5.248,1,1,4,2025,10,31,4,4,0,0,5.248,1.8322614125373848,0,0,1,1,0,0,0,0,0,0,1
5.22,1,1,7,2025,1,29,2,1,0,0,5.22,1.827769906751088,1,0,0,0,1,0,0,0,0,0,1
270.8,2,2,6,2025,6,30,0,2,0,0,135.4,5.605066501717044,1,0,0,0,1,0,0,0,0,0,1
753.112,6,3,5,2025,10,5,6,4,1,0,125.51866666666666,6.625540898090875,0,1,0,0,0,0,1,0,0,0,1
1051.912,2,2,2,2025,2,11,1,1,0,0,525.956,6.9593149378915085,0,1,0,0,0,0,1,0,0,1,0
654.242,6,3,4,2025,1,21,1,1,0,0,109.04033333333332,6.48500463304848,0,0,1,0,0,0,1,0,0,0,1
228.92,1,1,5,2025,7,9,2,3,0,0,228.92,5.437731422330715,1,0,0,1,0,0,0,0,0,0,1
832.96,2,1,5,2025,5,3,5,2,1,0,416.48,6.726185439577856,0,1,0,0,0,0,1,0,0,1,0
52.344,2,1,5,2025,11,27,3,4,0,1,26.172,3.9767615065683835,1,0,0,0,0,1,0,0,0,0,1
504.50600000000003,5,2,5,2025,5,3,5,2,1,0,100.9012,6.225559907826287,0,1,0,0,1,0,0,0,0,0,1
109.968,2,1,1,2025,4,25,4,2,0,0,54.984,4.709241871460989,0,0,1,0,0,1,0,1,0,0,0
547.3,1,1,2,2025,10,16,3,4,0,0,547.3,6.306822582410002,0,1,0,0,1,0,0,1,0,0,0
151.96,2,1,2,2025,9,21,6,3,1,0,75.98,5.030176449303092,1,0,0,0,0,0,1,1,0,0,0
933.408,1,1,4,2025,3,10,0,1,0,0,933.408,6.839913173681148,1,0,0,1,0,0,0,0,0,0,1
387.99,1,1,4,2025,8,19,1,3,0,0,387.99,5.963553636347143,0,1,0,0,1,0,0,0,0,0,1
100.94,1,1,4,2025,11,7,4,4,0,1,100.94,4.624384404911895,1,0,0,0,1,0,0,0,0,0,1
323.976,1,1,2,2025,9,15,0,3,0,0,323.976,5.78375133344913,1,0,0,1,0,0,0,1,0,0,0
45.888,1,1,2,2025,10,9,3,4,0,0,45.888,3.847761779174128,0,1,0,0,1,0,0,1,0,0,0
65.12,1,1,5,2025,9,8,0,3,0,0,65.12,4.191471272952824,0,1,0,0,1,0,0,0,0,1,0
158.28,3,1,2,2025,9,23,1,3,0,0,52.76,5.070663659755941,1,0,0,0,0,0,1,0,0,1,0
53.72,1,1,1,2025,8,26,1,3,0,0,53.72,4.0022292733142955,0,0,1,1,0,0,0,1,0,0,0
193.95,1,1,5,2025,8,31,6,3,1,0,193.95,5.272743115428606,1,0,0,0,0,0,1,0,0,0,1
178.20999999999998,2,1,6,2025,2,17,0,1,0,0,89.10499999999999,5.188558302555297,0,0,1,0,1,0,0,0,0,0,1
490.39200000000005,3,2,2,2025,6,8,6,2,1,0,163.46400000000003,6.197242179938278,0,1,0,1,0,0,0,0,0,1,0
16.752000000000002,2,1,3,2025,8,4,0,3,0,0,8.376000000000001,2.876498185630293,0,1,0,0,0,0,1,1,0,0,0
201.262,2,2,6,2025,6,20,4,2,0,0,100.631,5.309563886687768,1,0,0,0,1,0,0,0,0,0,1
114.376,4,1,4,2025,10,13,0,4,0,0,28.594,4.748196360174404,0,1,0,0,1,0,0,0,0,0,1
638.73,1,1,5,2025,8,31,6,3,1,0,638.73,6.461046212339424,1,0,0,1,0,0,0,0,0,0,1
297.99,4,3,5,2025,7,27,6,3,1,0,74.4975,5.700410128015343,1,0,0,0,0,0,1,0,0,1,0
11.598,2,1,6,2025,5,4,6,2,1,0,5.799,2.5335380711997373,0,1,0,0,1,0,0,0,0,0,1
55.86,1,1,4,2025,9,21,6,3,1,0,55.86,4.040592106222854,1,0,0,0,0,0,1,0,0,0,1
117.62,2,1,0,2025,6,4,2,2,0,0,58.81,4.775925106410581,0,0,1,0,0,1,0,0,1,0,0
143.808,5,2,7,2025,8,17,6,3,1,0,28.761599999999998,4.975408727044252,0,0,1,1,0,0,0,0,0,0,1
57.568,1,1,6,2025,11,27,3,4,0,1,57.568,4.070188472344341,1,0,0,0,0,0,1,0,0,0,1
271.96,1,1,3,2025,8,1,4,3,0,0,271.96,5.6093252643033145,1,0,0,0,0,1,0,1,0,0,0
145.9,1,1,3,2025,7,8,1,3,0,0,145.9,4.989752083179832,0,0,1,0,0,0,1,1,0,0,0
564.38,3,2,1,2025,6,26,3,2,0,0,188.12666666666667,6.33749807144672,0,0,1,1,0,0,0,1,0,0,0
3098.6099999999997,3,2,2,2025,3,31,0,1,0,0,1032.87,8.039031576107329,0,1,0,0,0,1,0,0,0,1,0
22.72,1,1,4,2025,9,18,3,3,0,0,22.72,3.1663185741295248,0,1,0,1,0,0,0,0,0,0,1
28.47,2,1,4,2025,12,17,2,4,0,1,14.235,3.3833727967496032,1,0,0,0,0,0,1,0,0,0,1
152.94,1,1,3,2025,5,6,1,2,0,0,152.94,5.036562916106171,1,0,0,0,0,0,1,0,0,1,0
5.184,1,1,5,2025,8,27,2,3,0,0,5.184,1.8219653112851208,1,0,0,0,0,1,0,0,0,0,1
11.21,1,1,5,2025,11,13,3,4,0,1,11.21,2.502255288122613,1,0,0,0,1,0,0,0,0,0,1
48.69,1,1,7,2025,5,14,2,2,0,0,48.69,3.905803705614229,1,0,0,0,0,1,0,0,0,0,1
87.688,3,1,7,2025,6,25,2,2,0,0,29.229333333333333,4.485124592677449,0,0,1,0,0,0,1,0,0,0,1
73.512,2,1,3,2025,7,23,2,3,0,0,36.756,4.310960186240021,1,0,0,0,0,0,1,1,0,0,0
101.062,3,1,1,2025,5,11,6,2,1,0,33.687333333333335,4.625580471759712,1,0,0,0,0,0,1,0,1,0,0
3359.952,1,1,4,2025,5,8,3,2,0,0,3359.952,8.119979546159275,0,0,1,0,0,0,1,0,0,0,1
4.572,1,1,6,2025,6,11,2,2,0,0,4.572,1.7177540559175593,1,0,0,0,0,1,0,0,0,0,1
399.53,2,2,5,2025,9,24,2,3,0,0,199.765,5.992788670070113,0,0,1,0,0,1,0,0,0,0,1
129.6,2,2,4,2025,5,27,1,2,0,0,64.8,4.8721392168423305,0,1,0,0,0,0,1,0,0,0,1
20.736,1,1,5,2025,9,16,1,3,0,0,20.736,3.0789698721240466,0,0,1,0,1,0,0,0,0,0,1
160.162,5,1,7,2025,12,25,3,4,0,1,32.0324,5.082410070273445,1,0,0,1,0,0,0,0,0,0,1
19.104,2,1,5,2025,12,7,6,4,1,1,9.552,3.000918800241291,0,1,0,1,0,0,0,0,0,0,1
45.08,3,1,4,2025,7,8,1,3,0,0,15.026666666666666,3.830379016387636,1,0,0,0,1,0,0,0,0,0,1
177.636,2,2,0,2025,12,27,5,4,1,1,88.818,5.1853502158795095,0,1,0,0,1,0,0,0,1,0,0
12.42,1,1,5,2025,9,15,0,3,0,0,12.42,2.5967461315435356,1,0,0,0,0,0,1,0,0,0,1
15.96,1,1,5,2025,9,18,3,3,0,0,15.96,2.830857630363757,1,0,0,1,0,0,0,0,0,1,0
269.4,4,3,3,2025,4,1,1,2,0,0,67.35,5.599902344168809,0,1,0,0,0,1,0,0,0,1,0
719.408,5,3,2,2025,6,11,2,2,0,0,143.8816,6.5798177181818405,1,0,0,0,0,0,1,0,0,1,0
22.58,1,1,5,2025,10,3,4,4,0,0,22.58,3.160398895109225,1,0,0,0,1,0,0,0,0,1,0
79.14,1,1,2,2025,4,15,1,2,0,0,79.14,4.383775105207999,0,1,0,0,0,0,1,0,0,1,0
22.630000000000003,2,1,5,2025,1,26,6,1,1,0,11.315000000000001,3.1625170911988167,0,1,0,0,0,1,0,0,0,1,0
148.48,1,1,6,2025,6,25,2,2,0,0,148.48,5.0071626046172835,1,0,0,1,0,0,0,0,0,0,1
272.23199999999997,2,2,1,2025,5,9,4,2,0,0,136.11599999999999,5.6103212511448834,0,1,0,0,0,1,0,1,0,0,0
57.510000000000005,2,2,1,2025,2,19,2,1,0,0,28.755000000000003,4.069197679800145,0,0,1,0,0,0,1,1,0,0,0
2613.309,5,2,6,2025,4,17,3,2,0,0,522.6618000000001,7.868755096838356,0,0,1,0,0,0,1,0,0,0,1
44.784,1,1,5,2025,10,27,0,4,0,0,44.784,3.823934685106801,0,0,1,0,0,0,1,0,0,0,1
972.08,6,3,0,2025,11,12,2,4,0,1,162.01333333333335,6.880466298744467,0,0,1,0,0,0,1,0,1,0,0
15.92,1,1,3,2025,11,12,2,4,0,1,15.92,2.8284963541780774,0,1,0,0,1,0,0,0,0,1,0
95.984,1,1,2,2025,8,1,4,3,0,0,95.984,4.574546016444282,1,0,0,1,0,0,0,1,0,0,0
231.776,2,2,4,2025,4,10,3,2,0,0,115.888,5.450076617759351,1,0,0,0,1,0,0,0,0,0,1
436.704,1,1,4,2025,4,13,6,2,1,0,436.704,6.081542882834553,0,1,0,0,0,0,1,0,0,0,1
28.38,2,1,5,2025,12,28,6,4,1,1,14.19,3.380314170745731,0,0,1,1,0,0,0,0,0,0,1
4.26,1,1,5,2025,6,15,6,2,1,0,4.26,1.6601310267496183,1,0,0,0,0,0,1,0,0,0,1
760.8,6,1,2,2025,4,9,2,2,0,0,126.8,6.6356840540445035,0,0,1,0,1,0,0,1,0,0,0
164.34,2,2,1,2025,11,26,2,4,0,1,82.17,5.108003959824529,1,0,0,1,0,0,0,1,0,0,0
287.976,1,1,5,2025,12,13,5,4,1,1,287.976,5.666343639681307,0,1,0,0,1,0,0,0,0,0,1
486.368,1,1,6,2025,11,3,0,4,0,1,486.368,6.189019484542526,1,0,0,0,0,0,1,0,0,0,1
372.64,2,2,5,2025,12,7,6,4,1,1,186.32,5.923292767004648,1,0,0,0,0,1,0,0,0,0,1
143.728,1,1,4,2025,3,23,6,1,1,0,143.728,4.97485611871896,1,0,0,1,0,0,0,0,0,0,1
253.3856,2,2,4,2025,4,27,6,2,1,0,126.6928,5.538851226090328,0,1,0,1,0,0,0,0,0,0,1
18.28,1,1,2,2025,4,22,1,2,0,0,18.28,2.9590682891823996,1,0,0,0,0,0,1,1,0,0,0
376.1,5,2,6,2025,12,1,0,4,0,1,75.22,5.9325104042643115,1,0,0,1,0,0,0,0,0,0,1
5325.884,3,2,7,2025,10,13,0,4,0,0,1775.2946666666667,8.580521730821069,0,1,0,0,0,0,1,0,0,0,1
882.99,6,3,7,2025,2,20,3,1,0,0,147.165,6.784445750356466,0,0,1,0,0,0,1,0,0,0,1
40.176,1,1,3,2025,9,22,0,3,0,0,40.176,3.7178555623504534,0,1,0,0,1,0,0,0,0,1,0
80.36,2,2,7,2025,2,23,6,1,1,0,40.18,4.398883751740304,0,1,0,0,0,0,1,0,0,0,1
10.192,1,1,4,2025,12,15,0,4,0,1,10.192,2.41519923736318,0,1,0,1,0,0,0,0,0,0,1
16.032,1,1,6,2025,12,26,4,4,0,1,16.032,2.835093927591178,0,1,0,1,0,0,0,0,0,0,1
1919.976,1,1,0,2025,11,16,6,4,1,1,1919.976,7.56058866919754,0,1,0,0,0,0,1,0,1,0,0
449.454,2,1,2,2025,6,24,1,2,0,0,224.727,6.110255963066902,1,0,0,0,1,0,0,0,0,1,0
130.602,2,2,4,2025,7,13,6,3,1,0,65.301,4.8797822163441245,1,0,0,0,1,0,0,0,0,1,0
684.11,5,3,2,2025,9,16,1,3,0,0,136.822,6.52957940931161,1,0,0,0,1,0,0,1,0,0,0
13.71,1,1,4,2025,4,16,2,2,0,0,13.71,2.688527534613346,1,0,0,0,1,0,0,0,0,0,1
347.58,1,1,2,2025,3,23,6,1,1,0,347.58,5.853867759093536,0,1,0,0,1,0,0,0,0,1,0
106.02080000000001,2,2,4,2025,12,28,6,4,1,1,53.010400000000004,4.673023208093492,1,0,0,1,0,0,0,0,0,0,1
115.296,1,1,5,2025,8,6,2,3,0,0,115.296,4.756138665124023,0,1,0,1,0,0,0,0,0,0,1
101.752,2,2,5,2025,7,11,4,3,0,0,50.876,4.632318317907103,0,1,0,0,0,0,1,0,0,0,1
183.38,3,2,2,2025,4,23,2,2,0,0,61.126666666666665,5.216998845370449,1,0,0,0,0,0,1,0,0,1,0
49.08,1,1,5,2025,3,7,4,1,0,0,49.08,3.913621726791843,0,0,1,0,1,0,0,0,0,0,1
14.016,1,1,4,2025,6,16,0,2,0,0,14.016,2.7091162992842075,0,1,0,0,0,1,0,0,0,0,1
166.44,1,1,0,2025,12,3,2,4,0,1,166.44,5.120625078137744,1,0,0,0,0,0,1,0,1,0,0
477.3,1,1,7,2025,5,27,1,2,0,0,477.3,6.170238150686251,1,0,0,1,0,0,0,0,0,0,1
14.7,1,1,3,2025,6,10,1,2,0,0,14.7,2.7536607123542622,0,1,0,0,0,0,1,0,0,1,0
811.28,1,1,6,2025,11,16,6,4,1,1,811.28,6.699845108308517,1,0,0,0,0,0,1,0,0,0,1
312.552,1,1,7,2025,6,29,6,2,1,0,312.552,5.7479652155366985,1,0,0,0,0,0,1,0,0,0,1
374.376,1,1,3,2025,12,7,6,4,1,1,374.376,5.92792819030261,1,0,0,0,0,0,1,1,0,0,0
96.36,1,1,4,2025,11,14,4,4,0,1,96.36,4.578415448679272,0,1,0,0,1,0,0,0,0,1,0
40.29,1,1,0,2025,8,20,2,3,0,0,40.29,3.720620339897999,0,1,0,0,1,0,0,0,1,0,0
95.976,1,1,3,2025,11,30,6,4,1,1,95.976,4.574463525208929,0,1,0,1,0,0,0,0,0,1,0
386.62,2,2,4,2025,10,2,3,4,0,0,193.31,5.960025478272602,1,0,0,0,0,0,1,0,0,0,1
222.03199999999998,4,2,5,2025,12,16,1,4,0,1,55.507999999999996,5.4073152589231475,0,1,0,0,0,0,1,0,0,1,0
738.7052,3,2,1,2025,6,29,6,2,1,0,246.23506666666665,6.6062517284460895,1,0,0,1,0,0,0,1,0,0,0
15.92,1,1,0,2025,12,21,6,4,1,1,15.92,2.8284963541780774,0,0,1,1,0,0,0,0,1,0,0
420.234,5,2,4,2025,12,16,1,4,0,1,84.04679999999999,6.043188498749384,0,1,0,0,0,0,1,0,0,1,0
12.96,1,1,0,2025,9,17,2,3,0,0,12.96,2.6361960973342264,1,0,0,0,0,0,1,0,1,0,0
298.0,3,2,5,2025,9,9,1,3,0,0,99.33333333333333,5.700443573390686,1,0,0,0,0,0,1,0,0,1,0
435.168,2,1,0,2025,11,24,0,4,0,1,217.584,6.078027490232841,1,0,0,0,0,0,1,0,1,0,0
11.808,1,1,4,2025,9,4,3,3,0,0,11.808,2.5500699756944134,0,1,0,0,0,0,1,0,0,0,1
3480.96,3,2,5,2025,9,2,1,3,0,0,1160.32,8.155350632611375,0,0,1,1,0,0,0,0,0,0,1
241.424,1,1,7,2025,11,10,0,4,0,1,241.424,5.490688259194993,0,0,1,0,0,0,1,0,0,0,1
751.984,1,1,4,2025,4,28,0,2,0,0,751.984,6.624043979234171,1,0,0,0,0,1,0,0,0,0,1
458.43,1,1,4,2025,5,13,1,2,0,0,458.43,6.129986590691446,0,0,1,0,1,0,0,0,0,0,1
95.52,2,2,5,2025,4,30,2,2,0,0,47.76,4.569750240756831,0,1,0,0,0,0,1,0,0,0,1
1100.62,4,2,1,2025,6,29,6,2,1,0,275.155,7.00453710265995,1,0,0,0,0,0,1,1,0,0,0
147.568,1,1,3,2025,2,11,1,1,0,0,147.568,5.001042765890752,1,0,0,0,1,0,0,1,0,0,0
50.94,1,1,3,2025,11,17,0,4,0,1,50.94,3.9500892062346025,1,0,0,0,1,0,0,1,0,0,0
5802.7,3,2,2,2025,1,16,3,1,0,0,1934.2333333333333,8.666250924177486,1,0,0,1,0,0,0,0,0,1,0
431.928,1,1,4,2025,6,26,3,2,0,0,431.928,6.07057143242095,1,0,0,0,0,0,1,0,0,0,1
1000.02,1,1,4,2025,12,21,6,4,1,1,1000.02,6.908774759135603,0,1,0,0,0,0,1,0,0,0,1
14.352,1,1,3,2025,9,23,1,3,0,0,14.352,2.731245758705399,0,0,1,0,0,0,1,1,0,0,0
133.576,4,2,4,2025,7,8,1,3,0,0,33.394,4.902129095220081,0,0,1,0,0,0,1,0,0,0,1
97.84,1,1,6,2025,8,15,4,3,0,0,97.84,4.593502381120409,1,0,0,0,1,0,0,0,0,0,1
123.588,2,2,3,2025,11,14,4,4,0,1,61.794,4.825012293529226,1,0,0,0,1,0,0,0,0,1,0
10.368,1,1,7,2025,12,1,0,4,0,1,10.368,2.4308023907947995,0,1,0,1,0,0,0,0,0,0,1
29.664,2,2,1,2025,1,14,1,1,0,0,14.832,3.423089328078254,1,0,0,0,0,1,0,1,0,0,0
2361.52,4,3,4,2025,5,19,0,2,0,0,590.38,7.76748412494053,1,0,0,0,0,1,0,0,0,0,1
138.43200000000002,4,2,5,2025,1,23,3,1,0,0,34.608000000000004,4.937577027219381,0,1,0,0,0,0,1,0,0,0,1
927.44,3,2,4,2025,12,9,1,4,0,1,309.1466666666667,6.8335057583493635,0,1,0,1,0,0,0,0,0,0,1
136.526,3,1,4,2025,1,29,2,1,0,0,45.50866666666667,4.923812990140284,1,0,0,0,0,0,1,0,0,0,1
205.29600000000002,4,2,2,2025,8,11,0,3,0,0,51.324000000000005,5.32931203065026,0,1,0,1,0,0,0,1,0,0,0
273.08799999999997,3,2,2,2025,10,28,1,4,0,0,91.02933333333333,5.613449222707917,1,0,0,0,0,1,0,0,0,1,0
432.405,2,1,4,2025,12,9,1,4,0,1,216.2025,6.071672625722375,0,1,0,0,0,0,1,0,0,0,1
15.008,1,1,2,2025,3,27,3,1,0,0,15.008,2.7730885972814323,1,0,0,0,1,0,0,0,0,1,0
87.92,1,1,5,2025,7,3,3,3,0,0,87.92,4.487737089095996,1,0,0,0,0,0,1,0,0,0,1
9.856,1,1,6,2025,9,9,1,3,0,0,9.856,2.384717922532568,0,1,0,1,0,0,0,0,0,0,1
15.92,1,1,6,2025,9,13,5,3,1,0,15.92,2.8284963541780774,1,0,0,0,0,1,0,0,0,0,1
95.616,1,1,4,2025,9,19,4,3,0,0,95.616,4.570744358973074,0,1,0,0,0,1,0,0,0,0,1
9.64,1,1,4,2025,10,30,3,4,0,0,9.64,2.3646204839134985,0,1,0,0,0,0,1,0,0,0,1
656.6400000000001,2,1,2,2025,8,24,6,3,1,0,328.32000000000005,6.488657669142676,1,0,0,0,1,0,0,0,0,1,0
188.552,1,1,0,2025,12,4,3,4,0,1,188.552,5.244663393212403,0,1,0,0,1,0,0,0,1,0,0
35.4,1,1,4,2025,9,19,4,3,0,0,35.4,3.594568774642695,0,0,1,0,0,1,0,0,0,0,1
98.6,2,2,6,2025,9,15,0,3,0,0,49.3,4.601162164590552,0,0,1,0,1,0,0,0,0,0,1
142.92000000000002,4,3,6,2025,10,23,3,4,0,0,35.730000000000004,4.969257589642278,0,1,0,0,1,0,0,0,0,0,1
7.904,1,1,5,2025,7,17,3,3,0,0,7.904,2.186500613973244,1,0,0,0,0,1,0,0,0,0,1
545.85,1,1,7,2025,7,3,3,3,0,0,545.85,6.304174541781235,1,0,0,0,0,0,1,0,0,0,1
301.96,1,1,2,2025,5,28,2,2,0,0,301.96,5.713600783593539,1,0,0,0,0,1,0,0,0,1,0
14052.48,3,2,2,2025,3,23,6,1,1,0,4684.16,9.550625330925312,1,0,0,0,0,0,1,1,0,0,0
304.046,5,2,3,2025,9,29,0,3,0,0,60.8092,5.720462584907399,1,0,0,0,0,0,1,1,0,0,0
415.15200000000004,2,2,5,2025,5,6,1,2,0,0,207.57600000000002,6.031050578139945,0,0,1,1,0,0,0,0,0,0,1
94.508,4,2,6,2025,5,11,6,2,1,0,23.627,4.559210013611713,0,0,1,1,0,0,0,0,0,0,1
849.846,3,2,2,2025,9,4,3,3,0,0,283.282,6.746231148625223,0,1,0,1,0,0,0,1,0,0,0
469.65999999999997,5,3,4,2025,7,8,1,3,0,0,93.93199999999999,6.154135964978814,0,1,0,0,1,0,0,0,0,0,1
111.96,1,1,5,2025,3,10,0,1,0,0,111.96,4.727033773744932,0,1,0,0,0,0,1,0,0,1,0
114.848,1,1,3,2025,9,18,3,3,0,0,114.848,4.752278987026301,0,0,1,1,0,0,0,1,0,0,0
381.36,1,1,5,2025,3,19,2,1,0,0,381.36,5.946362573195562,0,1,0,0,0,0,1,0,0,0,1
7.04,1,1,1,2025,4,4,4,2,0,0,7.04,2.084429083190875,0,0,1,0,1,0,0,1,0,0,0
286.485,3,3,5,2025,12,18,3,4,0,1,95.495,5.661170684963256,1,0,0,0,0,0,1,0,0,1,0
303.32,3,2,4,2025,12,23,1,4,0,1,101.10666666666667,5.7180797793570255,1,0,0,0,0,1,0,0,0,0,1
225.61,3,1,3,2025,9,12,4,3,0,0,75.20333333333333,5.4232304782468335,1,0,0,0,1,0,0,1,0,0,0
69.26400000000001,2,1,3,2025,6,2,0,2,0,0,34.632000000000005,4.252259576614817,1,0,0,0,0,0,1,0,0,1,0
39.816,1,1,4,2025,8,3,6,3,1,0,39.816,3.709074161399456,1,0,0,1,0,0,0,0,0,0,1
68.712,2,2,2,2025,4,21,0,2,0,0,34.356,4.244372469375087,0,1,0,1,0,0,0,1,0,0,0
200.94,2,2,4,2025,6,19,3,2,0,0,100.47,5.307970623576175,0,1,0,0,1,0,0,0,0,0,1
1111.698,8,3,7,2025,6,3,1,2,0,0,138.96225,7.014542975732364,1,0,0,0,0,1,0,0,0,0,1
496.634,9,2,5,2025,3,17,0,1,0,0,55.181555555555555,6.209864867064996,1,0,0,0,1,0,0,0,0,1,0
823.7249999999999,3,3,3,2025,6,10,1,2,0,0,274.575,6.715049997433443,0,0,1,0,0,0,1,1,0,0,0
89.95,1,1,7,2025,7,30,2,3,0,0,89.95,4.5103099049641315,1,0,0,0,1,0,0,0,0,0,1
374.61800000000005,4,2,6,2025,10,2,3,4,0,0,93.65450000000001,5.928572669508506,1,0,0,0,0,0,1,0,0,0,1
111.79,1,1,6,2025,11,10,0,4,0,1,111.79,4.725527682651825,1,0,0,0,0,0,1,0,0,0,1
148.257,1,1,2,2025,12,9,1,4,0,1,148.257,5.005669652345415,0,0,1,0,0,0,1,0,0,1,0
384.592,1,1,4,2025,11,2,6,4,1,1,384.592,5.954779815633204,0,1,0,0,1,0,0,0,0,1,0
3083.94,5,2,5,2025,11,26,2,4,0,1,616.788,8.034287487203839,0,0,1,1,0,0,0,0,0,0,1
61.44,1,1,3,2025,6,11,2,2,0,0,61.44,4.134206095647231,1,0,0,0,0,0,1,1,0,0,0
247.44,1,1,3,2025,5,28,2,2,0,0,247.44,5.515201367691102,0,1,0,0,1,0,0,0,0,1,0
20.736,1,1,4,2025,6,5,3,2,0,0,20.736,3.0789698721240466,0,1,0,0,0,1,0,0,0,0,1
7.92,1,1,4,2025,4,13,6,2,1,0,7.92,2.188295946591918,0,1,0,0,1,0,0,0,0,0,1
517.405,1,1,2,2025,10,24,4,4,0,0,517.405,6.25075679005328,1,0,0,1,0,0,0,1,0,0,0
239.96,1,1,4,2025,11,17,0,4,0,1,239.96,5.484630944611529,1,0,0,1,0,0,0,0,0,1,0
2049.534,4,2,4,2025,5,7,2,2,0,0,512.3835,7.625855526016275,0,1,0,1,0,0,0,0,0,0,1
16.06,1,1,5,2025,8,3,6,3,1,0,16.06,2.836736542063533,0,1,0,0,0,0,1,0,0,1,0
268.576,1,1,4,2025,1,21,1,1,0,0,268.576,5.596850354304054,1,0,0,1,0,0,0,0,0,0,1
1793.98,1,1,3,2025,10,3,4,4,0,0,1793.98,7.4927491587990245,1,0,0,1,0,0,0,1,0,0,0
364.3879999999999,4,2,5,2025,10,9,3,4,0,0,91.09699999999998,5.9009598026821415,1,0,0,0,1,0,0,0,0,0,1
711.394,3,2,4,2025,9,4,3,3,0,0,237.13133333333334,6.56863112914534,1,0,0,0,0,0,1,0,0,0,1
164.768,2,1,6,2025,6,19,3,2,0,0,82.384,5.110589220454782,1,0,0,1,0,0,0,0,0,0,1
1331.82,3,2,4,2025,9,24,2,3,0,0,443.94,7.19505227730239,0,1,0,1,0,0,0,0,0,0,1
2165.658,2,2,7,2025,11,30,6,4,1,1,1082.829,7.680941167207619,1,0,0,0,0,1,0,0,0,0,1
60.72,2,1,6,2025,10,21,1,4,0,0,30.36,4.12260802749496,0,1,0,1,0,0,0,0,0,0,1
89.568,1,1,5,2025,3,4,1,1,0,0,89.568,4.506100949775808,1,0,0,1,0,0,0,0,0,0,1
89.97,1,1,3,2025,9,17,2,3,0,0,89.97,4.51052978183397,1,0,0,0,0,0,1,1,0,0,0
50.04,1,1,7,2025,12,7,6,4,1,1,50.04,3.9326096390365346,0,0,1,0,0,0,1,0,0,0,1
1295.0249999999999,4,2,2,2025,7,17,3,3,0,0,323.75624999999997,7.167057166849625,0,1,0,0,0,0,1,0,0,1,0
199.8,1,1,0,2025,9,24,2,3,0,0,199.8,5.302309387817574,1,0,0,0,0,0,1,0,1,0,0
204.6664,1,1,4,2025,5,30,4,2,0,0,204.6664,5.326255438640003,1,0,0,1,0,0,0,0,0,1,0
21.99,1,1,2,2025,11,14,4,4,0,1,21.99,3.1350593387750902,1,0,0,1,0,0,0,0,0,1,0
911.82,3,1,3,2025,10,30,3,4,0,0,303.94,6.816538708912565,1,0,0,0,0,0,1,1,0,0,0
446.99600000000004,2,2,4,2025,11,3,0,4,0,1,223.49800000000002,6.104784303803696,0,1,0,0,0,0,1,0,0,0,1
175.37,2,2,5,2025,10,15,2,4,0,0,87.685,5.172584061082273,0,1,0,0,0,0,1,0,0,0,1
11.52,1,1,4,2025,11,10,0,4,0,1,11.52,2.5273273656719524,0,0,1,0,0,1,0,0,0,1,0
12.68,2,1,3,2025,12,11,3,4,0,1,6.34,2.615934912194404,0,0,1,1,0,0,0,0,0,1,0
24.048000000000002,2,1,4,2025,3,17,0,1,0,0,12.024000000000001,3.2207939840241044,0,0,1,1,0,0,0,0,0,0,1
70.98,1,1,4,2025,11,21,4,4,0,1,70.98,4.276388302650885,1,0,0,0,0,0,1,0,0,0,1
182.55,1,1,3,2025,12,22,0,4,0,1,182.55,5.212487109942844,1,0,0,0,0,0,1,0,0,1,0
138.382,2,2,0,2025,11,19,2,4,0,1,69.191,4.9372183651684365,0,0,1,0,1,0,0,0,1,0,0
462.52000000000004,3,3,2,2025,10,3,4,4,0,0,154.17333333333335,6.13884953402104,0,0,1,0,1,0,0,0,0,1,0
1645.87,3,3,5,2025,8,10,6,3,1,0,548.6233333333333,7.406631795671987,1,0,0,1,0,0,0,0,0,0,1
33.3,2,1,4,2025,3,18,1,1,0,0,16.65,3.535145354171894,0,1,0,0,0,0,1,0,0,0,1
5509.142,3,2,4,2025,10,5,6,4,1,0,1836.3806666666667,8.614345673139749,0,1,0,0,1,0,0,0,0,0,1
521.96,1,1,4,2025,12,3,2,4,0,1,521.96,6.259504979304475,0,0,1,0,0,0,1,0,0,1,0
18.24,1,1,6,2025,11,11,1,4,0,1,18.24,2.9569914452375605,0,0,1,1,0,0,0,0,0,0,1
916.59,2,2,5,2025,12,1,0,4,0,1,458.295,6.821750667761008,0,0,1,0,1,0,0,0,0,0,1
129.29,2,2,6,2025,12,18,3,4,0,1,64.645,4.86976273521484,0,1,0,1,0,0,0,0,0,0,1
466.84200000000004,3,3,4,2025,12,30,1,4,0,1,155.614,6.148130632078022,1,0,0,0,1,0,0,0,0,0,1
10.688,1,1,6,2025,6,2,0,2,0,0,10.688,2.4585626744483986,1,0,0,1,0,0,0,0,0,0,1
41.37,1,1,5,2025,11,3,0,4,0,1,41.37,3.7464405646384678,1,0,0,0,0,0,1,0,0,0,1
16.4,1,1,3,2025,6,10,1,2,0,0,16.4,2.856470206220483,1,0,0,0,0,0,1,1,0,0,0
697.612,4,3,6,2025,9,19,4,3,0,0,174.403,6.549095509436771,0,1,0,0,0,0,1,0,0,0,1
19.76,1,1,6,2025,11,18,1,4,0,1,19.76,3.033028058297688,0,0,1,1,0,0,0,0,0,0,1
10.368,1,1,7,2025,11,11,1,4,0,1,10.368,2.4308023907947995,0,0,1,0,1,0,0,0,0,0,1
3291.0699999999997,4,3,3,2025,11,2,6,4,1,1,822.7674999999999,8.099271825240393,0,1,0,0,0,1,0,0,0,1,0
694.6700000000001,3,2,3,2025,6,29,6,2,1,0,231.5566666666667,6.544875409964454,0,1,0,0,1,0,0,1,0,0,0
23.1,1,1,5,2025,3,25,1,1,0,0,23.1,3.1822118404966093,0,1,0,0,0,0,1,0,0,0,1
109.9,1,1,5,2025,11,8,5,4,1,1,109.9,4.7086288943563215,0,0,1,0,1,0,0,0,0,1,0
59.620000000000005,2,1,5,2025,4,26,5,2,1,0,29.810000000000002,4.104624871629657,0,0,1,0,0,0,1,0,0,0,1
1418.21,2,2,0,2025,5,14,2,2,0,0,709.105,7.257855657753715,1,0,0,0,0,0,1,0,1,0,0
701.96,1,1,3,2025,12,2,1,4,0,1,701.96,6.555299991187588,1,0,0,0,0,1,0,1,0,0,0
321.248,2,2,2,2025,12,10,2,4,0,1,160.624,5.775321435438516,1,0,0,0,1,0,0,1,0,0,0
17.088,1,1,7,2025,6,12,3,2,0,0,17.088,2.895248734975669,1,0,0,0,0,1,0,0,0,0,1
35.712,1,1,4,2025,11,22,5,4,1,1,35.712,3.6031036770925327,1,0,0,1,0,0,0,0,0,0,1
78.04,3,1,3,2025,8,29,4,3,0,0,26.013333333333335,4.369954053439613,0,1,0,1,0,0,0,1,0,0,0
73.56,2,2,4,2025,9,16,1,3,0,0,36.78,4.311604170377336,1,0,0,1,0,0,0,0,0,0,1
164.88,1,1,2,2025,9,30,1,3,0,0,164.88,5.1112646353781805,1,0,0,0,1,0,0,0,0,1,0
11.68,1,1,6,2025,10,24,4,4,0,0,11.68,2.5400259490090797,1,0,0,0,0,1,0,0,0,0,1
220.056,2,2,1,2025,9,8,0,3,0,0,110.028,5.3984160630841584,0,0,1,0,0,1,0,1,0,0,0
474.43,1,1,4,2025,1,1,2,1,0,0,474.43,6.164219657688964,1,0,0,0,0,0,1,0,0,0,1
438.96000000000004,2,2,0,2025,9,11,3,3,0,0,219.48000000000002,6.086683813688916,1,0,0,0,0,0,1,0,1,0,0
1875.128,4,2,5,2025,3,27,3,1,0,0,468.782,7.536965357515776,1,0,0,1,0,0,0,0,0,0,1
817.829,3,2,0,2025,5,6,1,2,0,0,272.60966666666667,6.707875270844359,1,0,0,0,0,1,0,0,1,0,0
691.476,2,2,6,2025,4,30,2,2,0,0,345.738,6.540273580421213,0,1,0,0,1,0,0,0,0,0,1
23.55,1,1,4,2025,5,29,3,2,0,0,23.55,3.2007118542405295,0,0,1,1,0,0,0,0,0,0,1
384.176,2,2,5,2025,1,20,0,1,0,0,192.088,5.953700372686964,1,0,0,0,0,0,1,0,0,0,1
318.96,1,1,4,2025,11,6,3,4,0,1,318.96,5.768195987980621,1,0,0,0,1,0,0,0,0,0,1
91.726,4,3,4,2025,3,10,0,1,0,0,22.9315,4.529648907895555,0,0,1,0,1,0,0,0,0,0,1
33.62,1,1,2,2025,3,31,0,1,0,0,33.62,3.544431549748063,0,1,0,1,0,0,0,1,0,0,0
253.82399999999998,2,2,2,2025,9,24,2,3,0,0,126.91199999999999,5.5405731107850285,1,0,0,0,0,1,0,0,0,1,0
83.88,1,1,0,2025,8,21,3,3,0,0,83.88,4.441238494305727,0,1,0,0,0,0,1,0,1,0,0
20.64,1,1,4,2025,10,3,4,4,0,0,20.64,3.074543453978281,0,1,0,1,0,0,0,0,0,1,0
124.36,1,1,6,2025,12,21,6,4,1,1,124.36,4.831189598047765,1,0,0,0,0,0,1,0,0,0,1
400.61,3,2,1,2025,4,4,4,2,0,0,133.53666666666666,5.995481468465916,0,0,1,0,1,0,0,1,0,0,0
167.638,2,2,4,2025,12,1,0,4,0,1,83.819,5.127754405700129,0,0,1,0,1,0,0,0,0,0,1
50.4,1,1,4,2025,8,15,4,3,0,0,50.4,3.9396381724611196,0,1,0,1,0,0,0,0,0,0,1
562.026,4,2,6,2025,9,25,3,3,0,0,140.5065,6.3333258082456645,1,0,0,0,1,0,0,0,0,0,1
118.32,3,1,3,2025,4,14,0,2,0,0,39.44,4.781808959646548,1,0,0,0,1,0,0,1,0,0,0
237.64,3,1,5,2025,9,2,1,3,0,0,79.21333333333332,5.474956140206493,1,0,0,0,1,0,0,0,0,1,0
526.45,1,1,5,2025,7,9,2,3,0,0,526.45,6.268054074127818,0,0,1,1,0,0,0,0,0,0,1
210.98,1,1,2,2025,1,23,3,1,0,0,210.98,5.356491930599109,0,1,0,1,0,0,0,1,0,0,0
2970.4320000000002,2,2,1,2025,12,24,2,4,0,1,1485.2160000000001,7.996799270479585,0,0,1,0,0,0,1,1,0,0,0
433.78000000000003,4,2,2,2025,12,8,0,4,0,1,108.44500000000001,6.074840156029033,1,0,0,0,1,0,0,0,0,1,0
1020.2629999999999,5,2,4,2025,12,1,0,4,0,1,204.05259999999998,6.928795375591357,1,0,0,0,0,0,1,0,0,0,1
14.94,1,1,4,2025,4,2,2,2,0,0,14.94,2.768831673362069,1,0,0,0,0,1,0,0,0,0,1
7.824,1,1,2,2025,12,22,0,4,0,1,7.824,2.1774752819512013,1,0,0,0,0,1,0,0,0,1,0
4.768,1,1,3,2025,1,29,2,1,0,0,4.768,1.7523253999826478,1,0,0,0,1,0,0,1,0,0,0
291.988,3,2,4,2025,7,21,0,3,0,0,97.32933333333334,5.680131652546963,1,0,0,0,0,0,1,0,0,0,1
177.2,1,1,5,2025,8,10,6,3,1,0,177.2,5.182906515036709,0,1,0,1,0,0,0,0,0,1,0
136.26,1,1,4,2025,6,3,1,2,0,0,136.26,4.921876937480489,0,0,1,0,0,0,1,0,0,0,1
498.26,1,1,0,2025,9,1,0,3,0,0,498.26,6.213127002140394,1,0,0,1,0,0,0,0,1,0,0
7.712,1,1,2,2025,12,1,0,4,0,1,7.712,2.1647013856306594,0,0,1,0,1,0,0,1,0,0,0
342.23999999999995,2,2,5,2025,5,19,0,2,0,0,171.11999999999998,5.83842991093892,0,1,0,0,0,1,0,0,0,1,0
163.96,1,1,5,2025,9,15,0,3,0,0,163.96,5.10570302026865,1,0,0,0,0,1,0,0,0,0,1
483.48,3,2,5,2025,5,28,2,2,0,0,161.16,6.183076150809029,0,1,0,0,0,0,1,0,0,0,1
60.622,3,2,4,2025,6,3,1,2,0,0,20.207333333333334,4.121018949636287,0,1,0,0,0,0,1,0,0,0,1
84.416,1,1,4,2025,5,6,1,2,0,0,84.416,4.447533436876001,1,0,0,0,0,0,1,0,0,0,1
354.9,1,1,4,2025,2,9,6,1,1,0,354.9,5.874649792516147,1,0,0,0,0,0,1,0,0,0,1
122.6,2,1,3,2025,4,1,1,2,0,0,61.3,4.817050545023591,1,0,0,1,0,0,0,0,0,1,0
1702.0300000000002,2,2,0,2025,10,21,1,4,0,0,851.0150000000001,7.4401642964793435,0,0,1,1,0,0,0,0,1,0,0
19.198,2,1,6,2025,3,2,6,1,1,0,9.599,3.005583589604365,0,1,0,1,0,0,0,0,0,0,1
60.12,1,1,3,2025,7,29,1,3,0,0,60.12,4.112839144858265,1,0,0,0,1,0,0,0,0,1,0
24.448,1,1,4,2025,9,3,2,3,0,0,24.448,3.236637154446843,1,0,0,0,0,1,0,0,0,0,1
638.68,2,2,4,2025,12,22,0,4,0,1,319.34,6.460968051312035,1,0,0,1,0,0,0,0,0,0,1
31.744,1,1,4,2025,9,15,0,3,0,0,31.744,3.4887197391901017,1,0,0,1,0,0,0,0,0,0,1
675.06,1,1,4,2025,4,22,1,2,0,0,675.06,6.516281829500709,1,0,0,0,0,1,0,0,0,0,1
146.352,1,1,3,2025,6,17,1,2,0,0,146.352,4.992824282216802,1,0,0,0,0,0,1,1,0,0,0
155.34,1,1,2,2025,4,23,2,2,0,0,155.34,5.052033122792184,1,0,0,1,0,0,0,0,0,1,0
3.318,1,1,4,2025,8,4,0,3,0,0,3.318,1.4627923320926157,0,1,0,1,0,0,0,0,0,0,1
22.96,1,1,3,2025,11,19,2,4,0,1,22.96,3.1763857732472487,1,0,0,0,0,1,0,0,0,1,0
53.9,1,1,4,2025,6,1,6,2,1,0,53.9,4.005513348515485,0,1,0,1,0,0,0,0,0,0,1
1446.8400000000001,2,1,6,2025,11,24,0,4,0,1,723.4200000000001,7.2778280696028235,0,0,1,0,0,1,0,0,0,0,1
101.12,1,1,7,2025,12,29,0,4,0,1,101.12,4.6261485923732835,0,1,0,0,0,0,1,0,0,0,1
22.0,1,1,7,2025,11,20,3,4,0,1,22.0,3.1354942159291497,1,0,0,1,0,0,0,0,0,0,1
41.96,1,1,5,2025,12,25,3,4,0,1,41.96,3.7602694502006093,0,1,0,0,1,0,0,0,0,0,1
52.064,2,1,4,2025,8,28,3,3,0,0,26.032,3.971498732223255,1,0,0,1,0,0,0,0,0,0,1
1577.94,1,1,4,2025,9,2,1,3,0,0,1577.94,7.364509014800296,1,0,0,0,0,1,0,0,0,0,1
872.5,3,1,4,2025,7,31,3,3,0,0,290.8333333333333,6.772508129574112,0,0,1,0,1,0,0,0,0,0,1
374.48,2,1,5,2025,6,29,6,2,1,0,187.24,5.928205207468791,1,0,0,1,0,0,0,0,0,0,1
19.83,1,1,2,2025,3,26,2,1,0,0,19.83,3.0363942552728806,0,0,1,0,0,0,1,1,0,0,0
1322.75,4,2,2,2025,1,2,3,1,0,0,330.6875,7.188223896915616,1,0,0,1,0,0,0,0,0,1,0
458.98400000000004,4,2,5,2025,9,9,1,3,0,0,114.74600000000001,6.131191706269516,1,0,0,0,0,1,0,0,0,0,1
949.7719999999999,2,2,4,2025,10,20,0,4,0,0,474.88599999999997,6.857274286167263,0,1,0,0,1,0,0,0,0,0,1
895.92,1,1,6,2025,3,11,1,1,0,0,895.92,6.79896667190533,1,0,0,1,0,0,0,0,0,0,1
204.55,2,1,6,2025,12,14,6,4,1,1,102.275,5.325689313343887,0,1,0,0,0,1,0,0,0,0,1
510.82399999999996,2,2,4,2025,3,9,6,1,1,0,255.41199999999998,6.237980815943933,1,0,0,0,0,0,1,0,0,0,1
685.26,2,1,6,2025,9,9,1,3,0,0,342.63,6.531256564666569,0,1,0,0,0,1,0,0,0,0,1
85.056,1,1,3,2025,9,10,2,3,0,0,85.056,4.454998247129704,0,1,0,0,1,0,0,1,0,0,0
421.1,1,1,4,2025,9,4,3,3,0,0,421.1,6.045242252788453,1,0,0,0,0,0,1,0,0,0,1
183.58999999999997,3,1,3,2025,9,30,1,3,0,0,61.19666666666666,5.218137149420508,0,1,0,0,0,0,1,1,0,0,0
11.352,1,1,1,2025,12,4,3,4,0,1,11.352,2.5138179932824203,0,1,0,0,1,0,0,1,0,0,0
49.12,1,1,4,2025,10,2,3,4,0,0,49.12,3.9144201300278674,1,0,0,0,1,0,0,0,0,0,1
70.95,1,1,0,2025,9,14,6,3,1,0,70.95,4.2759714333333765,1,0,0,0,1,0,0,0,1,0,0
25.06,1,1,0,2025,3,5,2,1,0,0,25.06,3.260401571696699,1,0,0,1,0,0,0,0,1,0,0
1883.7240000000002,2,2,1,2025,11,4,1,4,0,1,941.8620000000001,7.541536670063645,0,1,0,0,0,1,0,1,0,0,0
67.86,1,1,0,2025,12,2,1,4,0,1,67.86,4.232075457910378,1,0,0,0,0,0,1,0,1,0,0
109.62,3,1,4,2025,5,2,4,2,0,0,36.54,4.706100904566532,1,0,0,0,0,0,1,0,0,0,1
127.46000000000001,2,1,4,2025,4,1,1,2,0,0,63.730000000000004,4.855617571829646,1,0,0,0,0,0,1,0,0,0,1
1003.62,1,1,7,2025,12,24,2,4,0,1,1003.62,6.912364639539036,1,0,0,0,0,0,1,0,0,0,1
2.624,1,1,6,2025,12,9,1,4,0,1,2.624,1.287578388180733,0,1,0,0,1,0,0,0,0,0,1
29.26,2,2,7,2025,9,18,3,3,0,0,14.63,3.40982670836021,0,1,0,0,1,0,0,0,0,0,1
51.168,1,1,4,2025,9,29,0,3,0,0,51.168,3.954469280090901,0,1,0,0,1,0,0,0,0,0,1
46.2,1,1,5,2025,3,18,1,1,0,0,46.2,3.85439389259151,1,0,0,0,0,0,1,0,0,0,1
17.856,1,1,5,2025,10,21,1,4,0,0,17.856,2.93683116563383,0,0,1,0,0,1,0,0,0,0,1
218.81,3,2,1,2025,12,8,0,4,0,1,72.93666666666667,5.392763536839982,1,0,0,0,0,0,1,1,0,0,0
35.88,1,1,5,2025,11,3,0,4,0,1,35.88,3.607669398688393,1,0,0,0,0,0,1,0,0,0,1
31.740000000000002,2,1,4,2025,12,24,2,4,0,1,15.870000000000001,3.488597571942989,0,1,0,0,1,0,0,0,0,0,1
1027.21,5,3,4,2025,10,7,1,4,0,0,205.442,6.935574705308403,0,0,1,0,0,1,0,0,0,0,1
531.888,2,2,2,2025,9,24,2,3,0,0,265.944,6.278311270753081,1,0,0,1,0,0,0,1,0,0,0
1669.6,1,1,4,2025,12,10,2,4,0,1,1669.6,7.420938122321806,1,0,0,0,0,0,1,0,0,1,0
544.14,2,2,7,2025,6,12,3,2,0,0,272.07,6.301042642408983,0,0,1,0,0,1,0,0,0,0,1
68.416,2,1,6,2025,3,6,3,1,0,0,34.208,4.240117388491188,1,0,0,1,0,0,0,0,0,0,1
238.684,4,2,6,2025,12,3,2,4,0,1,59.671,5.479321389108154,1,0,0,0,1,0,0,0,0,0,1
287.42400000000004,2,2,5,2025,6,26,3,2,0,0,143.71200000000002,5.66443161970151,0,1,0,0,0,1,0,0,0,0,1
684.78,3,2,5,2025,12,10,2,4,0,1,228.26,6.530556876582282,0,0,1,0,0,1,0,0,0,1,0
478.08,1,1,4,2025,9,7,6,3,1,0,478.08,6.171867598079306,0,1,0,0,1,0,0,0,0,0,1
34.92,1,1,4,2025,11,11,1,4,0,1,34.92,3.581294243433999,0,0,1,0,0,0,1,0,0,1,0
10.688,1,1,4,2025,11,23,6,4,1,1,10.688,2.4585626744483986,0,1,0,1,0,0,0,0,0,0,1
419.136,1,1,5,2025,1,30,3,1,0,0,419.136,6.040578468386235,1,0,0,0,0,1,0,0,0,0,1
2229.1800000000003,5,2,4,2025,5,13,1,2,0,0,445.83600000000007,7.709837578685472,0,1,0,1,0,0,0,0,0,0,1
154.9,1,1,5,2025,1,14,1,1,0,0,154.9,5.049214776063731,1,0,0,0,0,0,1,0,0,0,1
7.968,1,1,0,2025,10,12,6,4,1,0,7.968,2.193662685769859,0,0,1,0,0,1,0,0,1,0,0
316.32,2,2,3,2025,11,23,6,4,1,1,158.16,5.759910728433802,0,1,0,1,0,0,0,0,0,1,0
47.992,1,1,4,2025,5,8,3,2,0,0,47.992,3.8916570194752733,1,0,0,0,1,0,0,0,0,0,1
41.28,1,1,0,2025,5,20,1,2,0,0,41.28,3.7443141610020367,0,1,0,1,0,0,0,0,1,0,0
107.986,3,1,3,2025,4,24,3,2,0,0,35.995333333333335,4.691219433613001,0,1,0,0,1,0,0,1,0,0,0
2089.412,3,2,1,2025,9,11,3,3,0,0,696.4706666666666,7.645116454718054,0,0,1,0,0,0,1,0,1,0,0
474.95,1,1,2,2025,12,22,0,4,0,1,474.95,6.165312806697314,1,0,0,0,0,0,1,1,0,0,0
116.312,1,1,1,2025,12,11,3,4,0,1,116.312,4.764837052217239,0,1,0,1,0,0,0,1,0,0,0
30.336,1,1,3,2025,6,4,2,2,0,0,30.336,3.4447675963635302,1,0,0,1,0,0,0,0,0,1,0
33.472,2,1,6,2025,10,3,4,4,0,0,16.736,3.540147400313537,1,0,0,0,0,1,0,0,0,0,1
5282.648,2,2,2,2025,4,1,1,2,0,0,2641.324,8.57237204722341,0,1,0,0,0,0,1,1,0,0,0
710.322,2,2,6,2025,11,7,4,4,0,1,355.161,6.567125210545578,1,0,0,0,1,0,0,0,0,0,1
258.528,1,1,4,2025,9,8,0,3,0,0,258.528,5.5588645965925,1,0,0,0,1,0,0,0,0,0,1
94.36,2,1,4,2025,11,12,2,4,0,1,47.18,4.55765920331704,1,0,0,0,0,0,1,0,0,1,0
2258.28,4,3,4,2025,10,12,6,4,1,0,564.57,7.722801457436849,1,0,0,0,1,0,0,0,0,0,1
75.18,1,1,2,2025,7,8,1,3,0,0,75.18,4.333098961050458,1,0,0,0,0,0,1,1,0,0,0
1240.418,4,3,5,2025,11,25,1,4,0,1,310.1045,7.124009553632769,1,0,0,1,0,0,0,0,0,0,1
1099.5,1,1,5,2025,6,3,1,2,0,0,1099.5,7.003519900966516,0,1,0,0,0,0,1,0,0,0,1
11.84,1,1,4,2025,1,26,6,1,1,0,11.84,2.552565298261815,1,0,0,0,0,0,1,0,0,0,1
735.98,1,1,4,2025,7,20,6,3,1,0,735.98,6.602560754779058,0,1,0,1,0,0,0,0,0,0,1
18.16,1,1,6,2025,11,6,3,4,0,1,18.16,2.9528247725427144,1,0,0,1,0,0,0,0,0,0,1
19.669999999999998,2,1,5,2025,2,20,3,1,0,0,9.834999999999999,3.028683373693677,0,0,1,1,0,0,0,0,0,0,1
21.12,1,1,5,2025,2,9,6,1,1,0,21.12,3.096482176654134,0,1,0,0,0,0,1,0,0,1,0
23.24,1,1,4,2025,4,30,2,2,0,0,23.24,3.1880041612011136,0,0,1,0,0,0,1,0,0,0,1
386.14,2,2,4,2025,4,10,3,2,0,0,193.07,5.958786384717399,0,0,1,0,1,0,0,0,0,0,1
37.66,1,1,5,2025,10,14,1,4,0,0,37.66,3.654805473780185,0,0,1,0,1,0,0,0,0,0,1
1090.348,5,3,6,2025,12,22,0,4,0,1,218.06959999999998,6.995168908390747,1,0,0,0,0,1,0,0,0,0,1
33.74,1,1,7,2025,1,6,0,1,0,0,33.74,3.5478917608129588,0,0,1,0,0,1,0,0,0,0,1
28.775999999999996,2,1,2,2025,11,11,1,4,0,1,14.387999999999998,3.3937026998998947,1,0,0,1,0,0,0,1,0,0,0
440.31,2,1,4,2025,4,8,1,2,0,0,220.155,6.089747576340537,0,0,1,0,0,0,1,0,0,0,1
151.72,2,2,1,2025,9,7,6,3,1,0,75.86,5.028606179417492,1,0,0,0,0,0,1,1,0,0,0
13.904,1,1,4,2025,4,25,4,2,0,0,13.904,2.7016296332992873,1,0,0,0,0,0,1,0,0,1,0
35.730000000000004,2,1,7,2025,2,13,3,1,0,0,17.865000000000002,3.603593859831576,1,0,0,0,1,0,0,0,0,0,1
46.36,1,1,5,2025,10,14,1,4,0,0,46.36,3.8577779905757503,1,0,0,0,0,0,1,0,0,0,1
20.07,1,1,4,2025,6,27,4,2,0,0,20.07,3.0478502278160975,1,0,0,1,0,0,0,0,0,0,1
201.09,2,2,6,2025,8,17,6,3,1,0,100.545,5.3087131427301575,0,0,1,0,0,1,0,0,0,0,1
4.464,1,1,3,2025,6,20,4,2,0,0,4.464,1.698181122268489,1,0,0,0,0,1,0,1,0,0,0
261.536,2,2,2,2025,10,27,0,4,0,0,130.768,5.5703882154855995,0,1,0,0,0,0,1,1,0,0,0
139.58,1,1,5,2025,4,27,6,2,1,0,139.58,4.94577672174776,1,0,0,0,0,0,1,0,0,0,1
323.1,1,1,4,2025,8,18,0,3,0,0,323.1,5.781052110147502,0,0,1,0,0,0,1,0,0,0,1
20.16,1,1,5,2025,9,21,6,3,1,0,20.16,3.052112606990099,1,0,0,1,0,0,0,0,0,0,1
478.416,4,2,3,2025,4,20,6,2,1,0,119.604,6.172568696495498,0,1,0,0,1,0,0,1,0,0,0
42.76,1,1,3,2025,10,8,2,4,0,0,42.76,3.7787201581137255,0,1,0,0,1,0,0,1,0,0,0
954.902,7,2,4,2025,1,1,2,1,0,0,136.41457142857143,6.862655397336594,1,0,0,1,0,0,0,0,0,0,1
1843.402,5,3,4,2025,12,14,6,4,1,1,368.6804,7.519910384695441,0,0,1,0,1,0,0,0,0,0,1
39.252,2,2,7,2025,5,27,1,2,0,0,19.626,3.695159692071087,0,1,0,0,0,1,0,0,0,0,1
62.96,1,1,5,2025,4,30,2,2,0,0,62.96,4.158257887965753,0,1,0,0,1,0,0,0,0,1,0
1077.47,3,2,6,2025,8,6,2,3,0,0,359.1566666666667,6.983298649030645,0,0,1,0,1,0,0,0,0,0,1
11.52,1,1,1,2025,1,20,0,1,0,0,11.52,2.5273273656719524,1,0,0,1,0,0,0,1,0,0,0
762.594,1,1,5,2025,9,10,2,3,0,0,762.594,6.638036234303698,0,0,1,1,0,0,0,0,0,0,1
445.44,1,1,2,2025,3,16,6,1,1,0,445.44,6.101305012787514,0,0,1,0,1,0,0,0,0,1,0
321.568,1,1,5,2025,11,14,4,4,0,1,321.568,5.776313966722697,0,1,0,0,0,0,1,0,0,0,1
28.83,3,1,1,2025,9,9,1,3,0,0,9.61,3.395514598526657,1,0,0,0,1,0,0,1,0,0,0
2.655,1,1,7,2025,9,28,6,3,1,0,2.655,1.2960960932017418,0,1,0,0,1,0,0,0,0,0,1
5.904,1,1,4,2025,5,12,0,2,0,0,5.904,1.932100953781127,1,0,0,0,1,0,0,0,0,0,1
18.528,1,1,4,2025,3,2,6,1,1,0,18.528,2.971849333090659,1,0,0,0,1,0,0,0,0,0,1
6.672,1,1,7,2025,10,1,2,4,0,0,6.672,2.037577337581137,0,1,0,1,0,0,0,0,0,0,1
1057.168,6,2,7,2025,8,12,1,3,0,0,176.19466666666665,6.964294389982553,1,0,0,0,0,0,1,0,0,0,1
592.74,1,1,2,2025,12,8,0,4,0,1,592.74,6.386441513101758,0,0,1,0,1,0,0,0,0,1,0
40.096,3,1,4,2025,9,4,3,3,0,0,13.365333333333332,3.7159107931649666,1,0,0,1,0,0,0,0,0,0,1
22.991999999999997,2,1,3,2025,1,22,2,1,0,0,11.495999999999999,3.177720441446708,0,1,0,1,0,0,0,0,0,1,0
321.39,3,2,0,2025,10,30,3,4,0,0,107.13,5.775761992781698,1,0,0,1,0,0,0,0,1,0,0
61.568,1,1,5,2025,12,4,3,4,0,1,61.568,4.136253965299311,1,0,0,1,0,0,0,0,0,0,1
437.65000000000003,2,1,0,2025,12,10,2,4,0,1,218.82500000000002,6.083701828574393,1,0,0,0,1,0,0,0,1,0,0
254.604,1,1,4,2025,10,12,6,4,1,0,254.604,5.543629371833197,0,0,1,1,0,0,0,0,0,0,1
85.52,1,1,5,2025,10,7,1,4,0,0,85.52,4.460375601084858,1,0,0,1,0,0,0,0,0,0,1
461.592,2,2,5,2025,11,7,4,4,0,1,230.796,6.136845456089654,1,0,0,0,0,0,1,0,0,0,1
40.41,1,1,5,2025,3,12,2,1,0,0,40.41,3.723522397557476,1,0,0,0,0,1,0,0,0,0,1
481.472,4,3,4,2025,10,30,3,4,0,0,120.368,6.178922888007089,1,0,0,0,1,0,0,0,0,0,1
116.832,1,1,2,2025,9,8,0,3,0,0,116.832,4.769259881187242,0,1,0,0,1,0,0,0,0,1,0
3013.78,4,2,3,2025,11,9,6,4,1,1,753.445,8.011282138008077,0,1,0,0,1,0,0,0,0,1,0
37.208,2,1,2,2025,10,2,3,4,0,0,18.604,3.643044917770137,0,1,0,1,0,0,0,0,0,1,0
1171.792,3,2,4,2025,10,12,6,4,1,0,390.5973333333333,7.067142509826721,0,0,1,1,0,0,0,0,0,0,1
12.7,1,1,4,2025,1,15,2,1,0,0,12.7,2.617395832834079,1,0,0,0,1,0,0,0,0,0,1
23.08,1,1,4,2025,5,26,0,2,0,0,23.08,3.1813816204406202,1,0,0,0,0,1,0,0,0,0,1
1770.1899999999998,4,3,2,2025,9,14,6,3,1,0,442.54749999999996,7.479406916048642,0,0,1,0,1,0,0,1,0,0,0
1370.5349999999999,4,3,5,2025,1,19,6,1,1,0,342.63374999999996,7.223685829556233,1,0,0,0,1,0,0,0,0,1,0
68.46,1,1,3,2025,5,22,3,2,0,0,68.46,4.240751047315928,1,0,0,0,0,0,1,0,0,1,0
11.76,1,1,2,2025,12,4,3,4,0,1,11.76,2.546315277916644,0,1,0,0,0,0,1,1,0,0,0
15.992,1,1,2,2025,11,3,0,4,0,1,15.992,2.8327426450595286,0,1,0,0,0,1,0,0,0,1,0
19.008,1,1,2,2025,11,24,0,4,0,1,19.008,2.996132193575318,0,1,0,0,0,1,0,0,0,1,0
97.16,1,1,4,2025,5,19,0,2,0,0,97.16,4.586598800402656,1,0,0,0,0,0,1,0,0,0,1
592.308,4,2,6,2025,9,19,4,3,0,0,148.077,6.385713657077281,1,0,0,0,0,0,1,0,0,0,1
523.16,3,1,2,2025,3,13,3,1,0,0,174.38666666666666,6.2617969812246494,1,0,0,0,1,0,0,1,0,0,0
464.373,2,2,7,2025,6,19,3,2,0,0,232.1865,6.142839234574192,0,0,1,1,0,0,0,0,0,0,1
605.752,2,2,5,2025,2,17,0,1,0,0,302.876,6.408120140851793,0,0,1,1,0,0,0,0,0,0,1
719.298,2,2,2,2025,8,31,6,3,1,0,359.649,6.57966501527061,0,1,0,0,0,0,1,0,0,1,0
26.72,1,1,5,2025,11,12,2,4,0,1,26.72,3.3221541743217022,1,0,0,0,0,1,0,0,0,0,1
29.9,1,1,7,2025,2,6,3,1,0,0,29.9,3.4307561839036995,0,0,1,0,0,0,1,0,0,0,1
175.324,2,2,5,2025,11,6,3,4,0,1,87.662,5.172323211732634,1,0,0,0,1,0,0,0,0,0,1
273.92600000000004,3,2,4,2025,12,15,0,4,0,1,91.30866666666668,5.616501970546025,1,0,0,0,0,0,1,0,0,0,1
27.58,1,1,5,2025,11,20,3,4,0,1,27.58,3.3527071725017215,0,0,1,0,0,1,0,0,0,0,1
35.48,1,1,6,2025,11,11,1,4,0,1,35.48,3.5967641652061304,1,0,0,0,1,0,0,0,0,0,1
2.91,1,1,5,2025,3,20,3,1,0,0,2.91,1.3635373739972745,1,0,0,1,0,0,0,0,0,1,0
909.12,1,1,3,2025,10,21,1,4,0,0,909.12,6.813576458948926,0,1,0,1,0,0,0,1,0,0,0
3.6,1,1,1,2025,1,1,2,1,0,0,3.6,1.5260563034950494,0,0,1,1,0,0,0,1,0,0,0
9.78,1,1,5,2025,4,30,2,2,0,0,9.78,2.377692565480851,0,1,0,0,0,0,1,0,0,0,1
151.056,1,1,3,2025,8,5,1,3,0,0,151.056,5.024248874048537,0,0,1,1,0,0,0,1,0,0,0
6.0,1,1,4,2025,1,19,6,1,1,0,6.0,1.9459101490553132,1,0,0,1,0,0,0,0,0,1,0
16.03,1,1,2,2025,11,5,2,4,0,1,16.03,2.834976494674597,0,1,0,1,0,0,0,1,0,0,0
274.491,1,1,4,2025,1,9,3,1,0,0,274.491,5.618554960182775,1,0,0,0,1,0,0,0,0,0,1
90.64,1,1,4,2025,2,13,3,1,0,0,90.64,4.517867857585295,1,0,0,1,0,0,0,0,0,0,1
5.78,1,1,4,2025,11,6,3,4,0,1,5.78,1.9139771019523042,0,1,0,0,0,1,0,0,0,0,1
205.3328,1,1,4,2025,3,31,0,1,0,0,205.3328,5.329490399198929,0,1,0,1,0,0,0,0,0,0,1
17.88,1,1,5,2025,12,24,2,4,0,1,17.88,2.9381031607173544,1,0,0,0,1,0,0,0,0,0,1
14.73,1,1,4,2025,10,15,2,4,0,0,14.73,2.7555697170701863,1,0,0,0,0,0,1,0,0,0,1
5.952,1,1,3,2025,8,27,2,3,0,0,5.952,1.9390293879630909,1,0,0,1,0,0,0,1,0,0,0
631.176,1,1,7,2025,12,2,1,4,0,1,631.176,6.449167836390876,1,0,0,0,1,0,0,0,0,0,1
45.66,1,1,4,2025,12,2,1,4,0,1,45.66,3.8428872665932836,0,0,1,0,0,1,0,0,0,0,1
252.0,1,1,2,2025,7,7,0,3,0,0,252.0,5.53338948872752,0,1,0,0,1,0,0,0,0,1,0
48.87,1,1,4,2025,11,25,1,4,0,1,48.87,3.9094196195580313,1,0,0,0,0,1,0,0,0,1,0
204.98000000000002,4,2,2,2025,10,30,3,4,0,0,51.245000000000005,5.327779076697656,0,0,1,0,0,1,0,1,0,0,0
32.56,1,1,4,2025,12,17,2,4,0,1,32.56,3.5133348815990053,0,1,0,1,0,0,0,0,0,0,1
839.43,1,1,5,2025,12,22,0,4,0,1,839.43,6.733913665620719,1,0,0,1,0,0,0,0,0,0,1
901.1999999999999,2,1,2,2025,4,13,6,2,1,0,450.59999999999997,6.804836224974295,0,1,0,0,0,0,1,1,0,0,0
26.15,2,2,7,2025,10,26,6,4,1,0,13.075,3.3013770463799443,1,0,0,1,0,0,0,0,0,0,1
152.07399999999998,2,1,4,2025,11,26,2,4,0,1,76.03699999999999,5.030921464597293,0,0,1,0,1,0,0,0,0,0,1
274.2,1,1,5,2025,11,8,5,4,1,1,274.2,5.617498106059188,0,1,0,0,1,0,0,0,0,0,1
24.5,2,1,4,2025,5,18,6,2,1,0,12.25,3.2386784521643803,0,1,0,1,0,0,0,0,0,0,1
668.5400000000001,2,1,3,2025,3,8,5,1,1,0,334.27000000000004,6.506590909425665,0,1,0,0,0,1,0,1,0,0,0
866.4,1,1,2,2025,8,21,3,3,0,0,866.4,6.7655002314012656,1,0,0,0,0,1,0,0,0,1,0
107.648,1,1,6,2025,3,2,6,1,1,0,107.648,4.688113298801767,0,1,0,0,0,0,1,0,0,0,1
76.776,1,1,3,2025,7,30,2,3,0,0,76.776,4.353832900303099,0,0,1,0,1,0,0,1,0,0,0
61.876,2,1,5,2025,3,10,0,1,0,0,30.938,4.141164532865991,0,1,0,0,0,1,0,0,0,0,1
228.28,3,1,5,2025,6,16,0,2,0,0,76.09333333333333,5.434943964079862,0,0,1,0,0,0,1,0,0,0,1
1986.52,3,1,6,2025,3,25,1,1,0,0,662.1733333333333,7.594642909370938,0,1,0,1,0,0,0,0,0,0,1
6.368,1,1,4,2025,9,9,1,3,0,0,6.368,1.9971462989530058,1,0,0,0,0,0,1,0,0,0,1
3.036,1,1,7,2025,6,22,6,2,1,0,3.036,1.3952541024913625,1,0,0,1,0,0,0,0,0,0,1
265.408,2,1,4,2025,11,26,2,4,0,1,132.704,5.585028968245372,0,1,0,0,1,0,0,0,0,0,1
211.84,1,1,2,2025,3,23,6,1,1,0,211.84,5.360540709728169,0,0,1,0,0,0,1,1,0,0,0
517.2570000000001,6,3,1,2025,9,14,6,3,1,0,86.2095,6.250471258219364,1,0,0,0,1,0,0,1,0,0,0
64.384,1,1,6,2025,3,21,4,1,0,0,64.384,4.180277580213828,0,1,0,0,0,1,0,0,0,0,1
64.38,2,2,6,2025,10,22,2,4,0,0,32.19,4.1802164012960645,0,1,0,0,1,0,0,0,0,0,1
2.224,1,1,2,2025,9,26,4,3,0,0,2.224,1.170622824644382,0,0,1,0,0,0,1,1,0,0,0
5.346,1,1,4,2025,12,4,3,4,0,1,5.346,1.8478246931610038,1,0,0,0,1,0,0,0,0,0,1
248.481,4,2,3,2025,11,23,6,4,1,1,62.12025,5.51938275998723,0,1,0,1,0,0,0,1,0,0,0
233.53199999999998,4,1,5,2025,12,18,3,4,0,1,58.382999999999996,5.457592039130811,1,0,0,0,1,0,0,0,0,0,1
3.024,1,1,4,2025,12,30,1,4,0,1,3.024,1.3922764327974382,1,0,0,0,0,0,1,0,0,0,1
54.66,1,1,3,2025,5,6,1,2,0,0,54.66,4.019261756097745,1,0,0,0,0,1,0,1,0,0,0
2563.314,8,3,4,2025,8,7,3,3,0,0,320.41425,7.849446275440943,1,0,0,0,0,0,1,0,0,0,1
132.6,1,1,2,2025,7,11,4,3,0,0,132.6,4.894850261102546,1,0,0,0,1,0,0,0,0,1,0
128.058,1,1,4,2025,5,8,3,2,0,0,128.058,4.860261915719403,0,1,0,0,1,0,0,0,0,0,1
643.52,4,2,7,2025,10,1,2,4,0,0,160.88,6.468505853705368,0,1,0,0,0,0,1,0,0,0,1
497.04400000000004,5,3,1,2025,12,5,4,4,0,1,99.40880000000001,6.210688426535374,0,0,1,0,0,0,1,1,0,0,0
526.45,1,1,5,2025,6,26,3,2,0,0,526.45,6.268054074127818,1,0,0,1,0,0,0,0,0,0,1
17.104,2,1,3,2025,4,23,2,2,0,0,8.552,2.896132908331236,0,1,0,0,1,0,0,1,0,0,0
12.96,1,1,4,2025,11,5,2,4,0,1,12.96,2.6361960973342264,1,0,0,0,0,0,1,0,0,0,1
207.846,1,1,3,2025,1,20,0,1,0,0,207.846,5.341597138257978,0,1,0,0,1,0,0,0,0,1,0
604.768,1,1,3,2025,1,30,3,1,0,0,604.768,6.406497074484202,0,0,1,0,0,0,1,1,0,0,0
64.96,1,1,6,2025,8,26,1,3,0,0,64.96,4.189048497691398,1,0,0,1,0,0,0,0,0,0,1
324.744,1,1,5,2025,6,1,6,2,1,0,324.744,5.786111796802321,1,0,0,0,1,0,0,0,0,0,1
55.176,1,1,0,2025,11,21,4,4,0,1,55.176,4.028489619426076,1,0,0,1,0,0,0,0,1,0,0
132.35999999999999,2,1,4,2025,11,16,6,4,1,1,66.17999999999999,4.893052238442539,1,0,0,0,0,0,1,0,0,0,1
170.916,2,2,5,2025,12,2,1,4,0,1,85.458,5.147005985427938,0,1,0,0,1,0,0,0,0,0,1
181.86,1,1,7,2025,11,11,1,4,0,1,181.86,5.20872083273628,1,0,0,1,0,0,0,0,0,0,1
14.2,1,1,4,2025,12,10,2,4,0,1,14.2,2.7212954278522306,1,0,0,0,1,0,0,0,0,0,1
63.824,1,1,2,2025,10,5,6,4,1,0,63.824,4.171675905158424,0,0,1,0,0,0,1,1,0,0,0
51.312,1,1,3,2025,6,17,1,2,0,0,51.312,3.957225790258975,1,0,0,0,0,0,1,1,0,0,0
2747.25,2,2,7,2025,4,8,1,2,0,0,1373.625,7.918719624458973,0,1,0,0,0,1,0,0,0,0,1
383.84,1,1,4,2025,4,4,4,2,0,0,383.84,5.952827663493064,1,0,0,1,0,0,0,0,0,0,1
830.24,2,2,5,2025,9,17,2,3,0,0,415.12,6.722918561822514,0,0,1,0,0,1,0,0,0,1,0
1358.866,7,3,0,2025,3,13,3,1,0,0,194.12371428571427,7.215141444463992,0,0,1,1,0,0,0,0,1,0,0
127.984,1,1,2,2025,12,7,6,4,1,1,127.984,4.859688365661438,1,0,0,0,1,0,0,1,0,0,0
2255.868,12,3,4,2025,9,2,1,3,0,0,187.989,7.721733290393016,0,1,0,0,1,0,0,0,0,0,1
9.096,1,1,6,2025,9,8,0,3,0,0,9.096,2.3121393057988575,0,1,0,0,1,0,0,0,0,0,1
115.916,3,2,5,2025,6,10,1,2,0,0,38.638666666666666,4.761455728231205,1,0,0,0,0,0,1,0,0,0,1
8.64,1,1,6,2025,6,4,2,2,0,0,8.64,2.265921108622454,1,0,0,1,0,0,0,0,0,0,1
23.766000000000002,2,1,4,2025,11,17,0,4,0,1,11.883000000000001,3.209471744792907,0,1,0,0,0,0,1,0,0,0,1
597.86,2,2,3,2025,8,12,1,3,0,0,298.93,6.39502784792655,1,0,0,0,0,0,1,1,0,0,0
215.976,1,1,2,2025,11,9,6,4,1,1,215.976,5.379786748345589,0,1,0,0,0,0,1,1,0,0,0
63.96,1,1,4,2025,8,7,3,3,0,0,63.96,4.173771695853422,1,0,0,1,0,0,0,0,0,0,1
4749.327,3,2,4,2025,9,22,0,3,0,0,1583.1090000000002,8.465968736764442,1,0,0,0,1,0,0,0,0,1,0
124.75,1,1,5,2025,10,16,3,4,0,0,124.75,4.8342958089798485,1,0,0,0,0,1,0,0,0,0,1
103.96799999999999,2,2,6,2025,6,4,2,2,0,0,51.983999999999995,4.653655541803414,0,1,0,0,0,1,0,0,0,0,1
1158.12,1,1,5,2025,11,11,1,4,0,1,1158.12,7.055416375512467,0,1,0,0,0,1,0,0,0,1,0
209.7,1,1,6,2025,12,29,0,4,0,1,209.7,5.350435320810143,0,1,0,1,0,0,0,0,0,0,1
45.528,1,1,6,2025,10,20,0,4,0,0,45.528,3.840054281911054,0,0,1,0,1,0,0,0,0,0,1
1665.62,1,1,2,2025,12,19,4,4,0,1,1665.62,7.4185529023561205,1,0,0,0,0,1,0,1,0,0,0
5.76,1,1,6,2025,12,18,3,4,0,1,5.76,1.9110228900548727,0,0,1,0,0,0,1,0,0,0,1
199.17,3,1,7,2025,10,20,0,4,0,0,66.39,5.299167005502614,1,0,0,0,0,1,0,0,0,0,1
138.696,4,2,2,2025,11,19,2,4,0,1,34.674,4.939468633068452,1,0,0,1,0,0,0,0,0,1,0
25.344,1,1,1,2025,6,2,0,2,0,0,25.344,3.2712405450740634,1,0,0,0,0,1,0,0,1,0,0
6.37,1,1,4,2025,6,4,2,2,0,0,6.37,1.9974177062012453,0,1,0,1,0,0,0,0,0,0,1
19.104,1,1,2,2025,12,10,2,4,0,1,19.104,3.000918800241291,1,0,0,0,0,1,0,1,0,0,0
1893.786,2,2,5,2025,10,16,3,4,0,0,946.893,7.5468611823797,0,1,0,0,0,1,0,0,0,0,1
2.88,1,1,2,2025,6,24,1,2,0,0,2.88,1.355835153635182,1,0,0,0,0,0,1,0,0,1,0
4.3,1,1,4,2025,11,4,1,4,0,1,4.3,1.667706820558076,0,0,1,0,0,1,0,0,0,0,1
702.8424,3,3,2,2025,2,17,0,1,0,0,234.2808,6.556554467460475,0,0,1,1,0,0,0,1,0,0,0
629.95,1,1,3,2025,11,13,3,4,0,1,629.95,6.4472266200989194,0,1,0,0,1,0,0,1,0,0,0
344.981,1,1,2,2025,4,25,4,2,0,0,344.981,5.846383860255137,1,0,0,0,0,0,1,0,0,1,0
599.985,1,1,5,2025,10,16,3,4,0,0,599.985,6.398569975821079,0,0,1,0,0,0,1,0,0,0,1
69.93,1,1,5,2025,3,12,2,1,0,0,69.93,4.261693475213995,0,1,0,0,1,0,0,0,0,0,1
3059.982,1,1,3,2025,1,7,1,1,0,0,3059.982,8.026491058496891,0,1,0,1,0,0,0,1,0,0,0
16.68,1,1,7,2025,10,19,6,4,1,0,16.68,2.8724340572094973,1,0,0,1,0,0,0,0,0,0,1
524.85,5,3,1,2025,5,18,6,2,1,0,104.97,6.265016000966037,0,1,0,0,0,1,0,1,0,0,0
656.22,2,1,5,2025,11,27,3,4,0,1,328.11,6.488018817836401,0,1,0,1,0,0,0,0,0,0,1
163.55,2,2,5,2025,11,9,6,4,1,1,81.775,5.103214475389349,0,1,0,0,0,0,1,0,0,0,1
8.76,1,1,1,2025,4,14,0,2,0,0,8.76,2.278292400425001,0,0,1,1,0,0,0,1,0,0,0
691.144,2,1,4,2025,11,9,6,4,1,1,345.572,6.539794026454981,0,0,1,0,0,1,0,0,0,0,1
79.99,1,1,5,2025,5,7,2,2,0,0,79.99,4.3943256902608985,0,0,1,0,0,0,1,0,0,0,1
130.98,1,1,4,2025,8,25,0,3,0,0,130.98,4.882650395955276,1,0,0,0,1,0,0,0,0,0,1
19.119999999999997,2,1,5,2025,8,31,6,3,1,0,9.559999999999999,3.0017143452315382,1,0,0,0,0,0,1,0,0,0,1
2.78,1,1,4,2025,9,10,2,3,0,0,2.78,1.3297240096314962,1,0,0,0,0,1,0,0,0,0,1
10.368,1,1,4,2025,9,28,6,3,1,0,10.368,2.4308023907947995,0,1,0,0,0,1,0,0,0,0,1
74.352,1,1,3,2025,12,4,3,4,0,1,74.352,4.322170467520516,1,0,0,0,1,0,0,0,0,1,0
1.988,1,1,1,2025,4,26,5,2,1,0,1.988,1.094604267270571,1,0,0,1,0,0,0,1,0,0,0
23.832,1,1,4,2025,3,18,1,1,0,0,23.832,3.2121331440008083,1,0,0,1,0,0,0,0,0,0,1
182.97,2,2,5,2025,11,18,1,4,0,1,91.485,5.214772700837692,1,0,0,1,0,0,0,0,0,0,1
829.83,2,1,0,2025,9,24,2,3,0,0,414.915,6.722425201123727,0,1,0,0,1,0,0,0,1,0,0
163.96,1,1,5,2025,11,13,3,4,0,1,163.96,5.10570302026865,0,0,1,0,1,0,0,0,0,1,0
383.992,2,1,5,2025,1,21,1,1,0,0,191.996,5.953222554851114,0,0,1,0,0,1,0,0,0,0,1
25.92,1,1,2,2025,5,27,1,2,0,0,25.92,3.2928695047765273,1,0,0,0,0,1,0,0,0,1,0
10.56,1,1,4,2025,11,12,2,4,0,1,10.56,2.4475508632442313,0,1,0,0,0,0,1,0,0,0,1
1126.2939999999999,3,2,5,2025,11,16,6,4,1,1,375.43133333333327,7.027575349584445,0,1,0,0,1,0,0,0,0,0,1
21.93,1,1,4,2025,10,28,1,4,0,0,21.93,3.132446096869813,1,0,0,0,1,0,0,0,0,0,1
34.5,1,1,5,2025,5,5,0,2,0,0,34.5,3.56953269648137,0,1,0,0,0,1,0,0,0,0,1
4.842,1,1,0,2025,9,19,4,3,0,0,4.842,1.7650732039655492,0,0,1,0,1,0,0,0,1,0,0
2479.96,1,1,4,2025,12,2,1,4,0,1,2479.96,7.816400861030594,1,0,0,1,0,0,0,0,0,0,1
477.51,1,1,2,2025,8,11,0,3,0,0,477.51,6.170677109316224,0,0,1,0,0,1,0,0,0,1,0
21.4,1,1,4,2025,1,15,2,1,0,0,21.4,3.109060958860994,0,0,1,0,0,0,1,0,0,0,1
15.232,2,1,4,2025,4,28,0,2,0,0,7.616,2.7869846025235137,0,1,0,0,1,0,0,0,0,0,1
46.96,1,1,2,2025,10,29,2,4,0,0,46.96,3.8703673301593136,0,1,0,0,1,0,0,0,0,1,0
96.53,1,1,2,2025,11,9,6,4,1,1,96.53,4.580160022983923,0,0,1,0,1,0,0,0,0,1,0
839.25,4,2,0,2025,3,5,2,1,0,0,209.8125,6.7336994666052155,0,1,0,0,0,1,0,0,1,0,0
726.9100000000001,2,2,1,2025,9,22,0,3,0,0,363.45500000000004,6.5901774141806895,1,0,0,0,0,1,0,1,0,0,0
697.525,4,2,3,2025,9,3,2,3,0,0,174.38125,6.5489709690372075,0,0,1,0,1,0,0,0,0,1,0
29.84,1,1,4,2025,5,25,6,2,1,0,29.84,3.4288125486951286,0,0,1,0,0,1,0,0,0,0,1
93.52000000000001,2,2,3,2025,7,31,3,3,0,0,46.760000000000005,4.5488114523187075,1,0,0,0,0,0,1,1,0,0,0
361.376,1,1,5,2025,11,3,0,4,0,1,361.376,5.892682346810278,0,1,0,0,0,1,0,0,0,0,1
315.041,5,3,0,2025,3,16,6,1,1,0,63.0082,5.755871952005963,1,0,0,0,1,0,0,0,1,0,0
161.14000000000001,2,1,4,2025,8,6,2,3,0,0,80.57000000000001,5.0884601595595615,1,0,0,0,0,1,0,0,0,1,0
272.09999999999997,3,2,5,2025,2,2,6,1,1,0,90.69999999999999,5.609838028479659,1,0,0,0,0,0,1,0,0,0,1
129.832,2,2,4,2025,5,28,2,2,0,0,64.916,4.873914057419621,0,1,0,0,1,0,0,0,0,0,1
904.116,2,1,7,2025,6,26,3,2,0,0,452.058,6.8080631122815625,1,0,0,0,1,0,0,0,0,0,1
74.03999999999999,2,2,4,2025,11,25,1,4,0,1,37.019999999999996,4.318021304697969,0,1,0,0,0,0,1,0,0,1,0
191.984,1,1,4,2025,12,25,3,4,0,1,191.984,5.262607283913957,1,0,0,0,1,0,0,0,0,0,1
108.4,1,1,5,2025,9,3,2,3,0,0,108.4,4.695010889987881,1,0,0,1,0,0,0,0,0,0,1
172.26,2,1,5,2025,12,16,1,4,0,1,86.13,5.154793356461994,0,0,1,0,0,0,1,0,0,1,0
8.1,1,1,4,2025,4,6,6,2,1,0,8.1,2.2082744135228043,0,1,0,0,0,1,0,0,0,0,1
299.52,1,1,5,2025,5,13,1,2,0,0,299.52,5.70551430750096,0,0,1,0,1,0,0,0,0,1,0
341.96,1,1,5,2025,11,10,0,4,0,1,341.96,5.837613822289722,0,1,0,1,0,0,0,0,0,1,0
1078.4379999999999,5,3,1,2025,5,14,2,2,0,0,215.68759999999997,6.984195814308245,1,0,0,1,0,0,0,1,0,0,0
160.776,1,1,6,2025,1,20,0,1,0,0,160.776,5.086212662349043,1,0,0,0,0,0,1,0,0,0,1
5.96,1,1,5,2025,9,3,2,3,0,0,5.96,1.9401794743463283,0,1,0,0,0,0,1,0,0,0,1
15.57,1,1,2,2025,4,15,1,2,0,0,15.57,2.8075938314384716,0,1,0,0,0,1,0,1,0,0,0
100.922,2,2,4,2025,1,23,3,1,0,0,50.461,4.624207814865229,0,0,1,0,0,0,1,0,0,0,1
2971.7920000000004,8,3,2,2025,8,27,2,3,0,0,371.47400000000005,7.997256857550236,0,1,0,0,0,0,1,0,0,1,0
30.900000000000002,2,1,5,2025,9,22,0,3,0,0,15.450000000000001,3.462606009790799,1,0,0,0,0,1,0,0,0,0,1
14.77,2,1,5,2025,4,10,3,2,0,0,7.385,2.758109400974947,0,0,1,0,1,0,0,0,0,0,1
1455.55,2,2,7,2025,7,11,4,3,0,0,727.775,7.283825904680847,0,1,0,0,0,0,1,0,0,0,1
57.01,2,2,7,2025,3,26,2,1,0,0,28.505,4.060615409477973,0,0,1,0,0,1,0,0,0,0,1
537.544,1,1,6,2025,3,18,1,1,0,0,537.544,6.288869201707886,1,0,0,1,0,0,0,0,0,0,1
7.8,1,1,0,2025,11,10,0,4,0,1,7.8,2.174751721484161,0,0,1,0,0,0,1,0,1,0,0
608.4300000000001,2,2,6,2025,10,26,6,4,1,0,304.21500000000003,6.412524094089504,1,0,0,0,0,1,0,0,0,0,1
7.78,1,1,0,2025,11,24,0,4,0,1,7.78,2.172476407647025,1,0,0,0,0,0,1,0,1,0,0
7.992,1,1,3,2025,3,13,3,1,0,0,7.992,2.196335293151335,0,1,0,1,0,0,0,1,0,0,0
278.23,2,2,4,2025,9,25,3,3,0,0,139.115,5.632035814972629,1,0,0,1,0,0,0,0,0,0,1
608.552,3,2,0,2025,12,11,3,4,0,1,202.85066666666668,6.412724261114787,1,0,0,1,0,0,0,0,1,0,0
130.56799999999998,2,2,2,2025,9,25,3,3,0,0,65.28399999999999,4.87952382822854,1,0,0,0,1,0,0,0,0,1,0
10.816,1,1,1,2025,10,9,3,4,0,0,10.816,2.4694545452290786,1,0,0,0,0,1,0,1,0,0,0
1476.27,2,2,6,2025,8,1,4,3,0,0,738.135,7.297951068803963,0,1,0,1,0,0,0,0,0,0,1
74.352,1,1,2,2025,6,18,2,2,0,0,74.352,4.322170467520516,0,0,1,1,0,0,0,0,0,1,0
1083.07,2,2,2,2025,9,22,0,3,0,0,541.535,6.988477755560431,1,0,0,0,1,0,0,0,0,1,0
3.856,1,1,4,2025,12,25,3,4,0,1,3.856,1.580215053757197,0,1,0,0,0,0,1,0,0,0,1
54.64,2,1,3,2025,11,19,2,4,0,1,27.32,4.018902367055242,0,0,1,0,1,0,0,1,0,0,0
23.18,1,1,4,2025,8,18,0,3,0,0,23.18,3.1855258451866466,1,0,0,0,1,0,0,0,0,0,1
502.474,3,3,5,2025,5,4,6,2,1,0,167.49133333333333,6.221532072295014,0,1,0,0,0,0,1,0,0,0,1
1584.866,3,2,4,2025,6,30,0,2,0,0,528.2886666666667,7.368885909344162,0,0,1,1,0,0,0,0,0,1,0
35.56,1,1,4,2025,9,15,0,3,0,0,35.56,3.5989547465859495,0,0,1,0,1,0,0,0,0,0,1
9.912,1,1,3,2025,8,18,0,3,0,0,9.912,2.3898631011011062,1,0,0,0,1,0,0,0,0,1,0
120.576,1,1,4,2025,8,27,2,3,0,0,120.576,4.800539581631304,1,0,0,0,0,0,1,0,0,0,1
321.202,2,2,2,2025,10,9,3,4,0,0,160.601,5.775178678048252,1,0,0,1,0,0,0,0,0,1,0
259.44,3,2,2,2025,12,1,0,4,0,1,86.48,5.562372508368662,1,0,0,0,1,0,0,0,0,1,0
170.572,3,2,3,2025,10,13,0,4,0,0,56.85733333333334,5.145003003576992,1,0,0,1,0,0,0,1,0,0,0
38.16,1,1,0,2025,11,7,4,4,0,1,38.16,3.6676558176623097,1,0,0,1,0,0,0,0,1,0,0
48.88,2,1,4,2025,5,3,5,2,1,0,24.44,3.9096201208118355,1,0,0,0,0,0,1,0,0,0,1
705.0020000000001,5,2,5,2025,2,16,6,1,1,0,141.0004,6.559618070350419,1,0,0,1,0,0,0,0,0,0,1
79.992,1,1,4,2025,8,7,3,3,0,0,79.992,4.394350384362713,1,0,0,0,0,1,0,0,0,1,0
79.0,2,1,3,2025,9,24,2,3,0,0,39.5,4.382026634673881,1,0,0,0,0,1,0,1,0,0,0
12.51,2,1,4,2025,12,21,6,4,1,1,6.255,2.6034301519721073,1,0,0,0,0,0,1,0,0,0,1
400.39,2,2,3,2025,12,25,3,4,0,1,200.195,5.9949335232467265,1,0,0,0,0,1,0,0,0,1,0
239.97,1,1,4,2025,6,26,3,2,0,0,239.97,5.484672444414411,1,0,0,0,1,0,0,0,0,0,1
21.312,1,1,6,2025,12,24,2,4,0,1,21.312,3.105124650325188,0,1,0,0,0,0,1,0,0,0,1
7.857,1,1,2,2025,9,7,6,3,1,0,7.857,2.181208106827446,0,0,1,0,0,0,1,1,0,0,0
19.98,1,1,4,2025,10,4,5,4,1,0,19.98,3.043569602968151,0,0,1,0,1,0,0,0,0,0,1
125.97999999999999,4,2,4,2025,12,28,6,4,1,1,31.494999999999997,4.844029593742304,0,1,0,1,0,0,0,0,0,0,1
26.352,1,1,2,2025,11,10,0,4,0,1,26.352,3.3087896523370004,0,1,0,0,0,0,1,0,0,1,0
676.716,2,1,6,2025,3,2,6,1,1,0,338.358,6.51872832113001,0,1,0,0,0,0,1,0,0,0,1
725.84,1,1,5,2025,12,28,6,4,1,1,725.84,6.588706370780856,0,1,0,0,0,0,1,0,0,1,0
18.704,1,1,4,2025,12,18,3,4,0,1,18.704,2.9808216608182367,0,1,0,0,1,0,0,0,0,0,1
70.14800000000001,4,1,4,2025,5,23,4,2,0,0,17.537000000000003,4.264762214513231,1,0,0,1,0,0,0,0,0,0,1
23.85,1,1,4,2025,11,2,6,4,1,1,23.85,3.2128577525426376,0,1,0,0,0,0,1,0,0,0,1
18.16,1,1,1,2025,1,26,6,1,1,0,18.16,2.9528247725427144,1,0,0,1,0,0,0,1,0,0,0
1085.42,1,1,4,2025,6,30,0,2,0,0,1085.42,6.9906431660606065,0,1,0,0,1,0,0,0,0,0,1
256.36,6,3,6,2025,11,12,2,4,0,1,42.72666666666667,5.550475882930771,0,0,1,1,0,0,0,0,0,0,1
129.3,1,1,0,2025,1,30,3,1,0,0,129.3,4.869839484130799,1,0,0,0,0,0,1,0,1,0,0
47.1,3,1,4,2025,11,12,2,4,0,1,15.700000000000001,3.8732821771117156,1,0,0,0,0,0,1,0,0,0,1
729.396,5,3,3,2025,7,15,1,3,0,0,145.8792,6.593586852814504,1,0,0,0,1,0,0,0,0,1,0
287.326,3,2,3,2025,2,18,1,1,0,0,95.77533333333334,5.66409178441432,0,1,0,0,0,0,1,0,0,1,0
997.83,8,3,4,2025,9,18,3,3,0,0,124.72875,6.906584593997797,0,1,0,0,0,1,0,0,0,0,1
13.05,1,1,4,2025,10,15,2,4,0,0,13.05,2.642622395779755,0,1,0,0,1,0,0,0,0,1,0
134.524,4,2,7,2025,12,28,6,4,1,1,33.631,4.909148746406764,1,0,0,0,1,0,0,0,0,0,1
47.96,1,1,5,2025,12,2,1,4,0,1,47.96,3.8910036382040705,0,1,0,0,0,1,0,0,0,0,1
8.67,1,1,4,2025,7,11,4,3,0,0,8.67,2.269028309465203,0,1,0,0,0,0,1,0,0,0,1
295.056,1,1,2,2025,9,15,0,3,0,0,295.056,5.690548625619232,1,0,0,0,0,0,1,0,0,1,0
12.84,1,1,4,2025,11,26,2,4,0,1,12.84,2.6275629501895237,0,1,0,0,0,1,0,0,0,0,1
1.392,1,1,2,2025,12,11,3,4,0,1,1.392,0.8721298360883852,1,0,0,1,0,0,0,1,0,0,0
15.51,1,1,2,2025,9,21,6,3,1,0,15.51,2.8039662579320366,0,1,0,0,0,0,1,1,0,0,0
728.968,2,1,3,2025,11,13,3,4,0,1,364.484,6.59300069756519,1,0,0,0,0,1,0,0,0,1,0
3505.84,2,1,4,2025,6,17,1,2,0,0,1752.92,8.16247062605978,0,0,1,0,1,0,0,0,0,0,1
183.372,1,1,1,2025,8,3,6,3,1,0,183.372,5.216955455775267,1,0,0,1,0,0,0,1,0,0,0
265.93,1,1,4,2025,3,20,3,1,0,0,265.93,5.586986451742444,0,1,0,0,0,0,1,0,0,0,1
62.92,2,1,2,2025,10,17,4,4,0,0,31.46,4.157632301458019,0,1,0,0,1,0,0,0,0,1,0
35.04,1,1,6,2025,11,17,0,4,0,1,35.04,3.584629432740137,1,0,0,0,0,1,0,0,0,0,1
32.776,1,1,6,2025,12,2,1,4,0,1,32.776,3.519750491105965,1,0,0,0,0,1,0,0,0,0,1
50.415000000000006,3,1,6,2025,6,22,6,2,1,0,16.805000000000003,3.9399299586811543,0,0,1,0,1,0,0,0,0,0,1
517.9100000000001,3,2,7,2025,12,21,6,4,1,1,172.63666666666668,6.251730457723942,1,0,0,0,1,0,0,0,0,0,1
235.44,2,2,4,2025,4,7,0,2,0,0,117.72,5.465694475956169,0,0,1,0,0,1,0,0,0,0,1
3397.732,7,2,7,2025,8,17,6,3,1,0,485.3902857142857,8.131157699867927,0,1,0,0,0,0,1,0,0,0,1
241.81,2,2,7,2025,4,11,4,2,0,0,120.905,5.492279244498667,1,0,0,0,0,0,1,0,0,0,1
336.993,2,2,4,2025,7,15,1,3,0,0,168.4965,5.823025185209391,1,0,0,0,1,0,0,0,0,0,1
724.846,3,3,3,2025,3,24,0,1,0,0,241.61533333333333,6.587337871111789,0,1,0,0,1,0,0,1,0,0,0
174.14,2,2,3,2025,4,21,0,2,0,0,87.07,5.1655856540940785,1,0,0,0,0,0,1,1,0,0,0
314.55,1,1,6,2025,3,13,3,1,0,0,314.55,5.754317148030249,0,0,1,0,0,0,1,0,0,0,1
438.01,4,2,4,2025,9,22,0,3,0,0,109.5025,6.084522191859013,0,1,0,1,0,0,0,0,0,0,1
11.22,1,1,4,2025,2,19,2,1,0,0,11.22,2.503073953743449,1,0,0,0,0,0,1,0,0,0,1
983.172,2,2,4,2025,11,24,0,4,0,1,491.586,6.891800678525049,0,1,0,0,1,0,0,0,0,0,1
221.024,1,1,2,2025,5,16,4,2,0,0,221.024,5.4027854841371274,1,0,0,0,1,0,0,1,0,0,0
868.452,3,2,4,2025,5,20,1,2,0,0,289.484,6.767863128130222,0,0,1,0,0,0,1,0,0,0,1
10499.97,1,1,5,2025,11,17,0,4,0,1,10499.97,9.259222912831138,1,0,0,0,1,0,0,0,0,0,1
221.024,1,1,2,2025,11,12,2,4,0,1,221.024,5.4027854841371274,1,0,0,0,1,0,0,0,0,1,0
44.4,1,1,6,2025,4,20,6,2,1,0,44.4,3.8155121050473024,0,0,1,1,0,0,0,0,0,0,1
111.42,2,2,4,2025,9,18,3,3,0,0,55.71,4.722241857573929,1,0,0,0,0,0,1,0,0,0,1
163.392,2,2,2,2025,9,11,3,3,0,0,81.696,5.1022538196375695,0,1,0,0,0,0,1,0,0,1,0
195.96,1,1,4,2025,11,23,6,4,1,1,195.96,5.283000662436144,1,0,0,1,0,0,0,0,0,0,1
183.82,2,2,7,2025,12,1,0,4,0,1,91.91,5.219382378459894,1,0,0,0,0,0,1,0,0,0,1
1.81,1,1,4,2025,4,24,3,2,0,0,1.81,1.0331844833456545,0,0,1,0,0,0,1,0,0,0,1
171.288,1,1,6,2025,5,23,4,2,0,0,171.288,5.149167495142153,1,0,0,0,0,0,1,0,0,0,1
4.36,1,1,2,2025,11,23,6,4,1,1,4.36,1.6789639750827106,1,0,0,1,0,0,0,1,0,0,0
8.4,1,1,4,2025,6,10,1,2,0,0,8.4,2.2407096892759584,0,1,0,0,1,0,0,0,0,0,1
512.0640000000001,3,3,1,2025,10,21,1,4,0,0,170.68800000000002,6.240400593724628,0,1,0,0,0,0,1,1,0,0,0
247.92,2,2,4,2025,3,24,0,1,0,0,123.96,5.517131559701017,0,1,0,0,1,0,0,0,0,1,0
85.50399999999999,2,1,7,2025,12,10,2,4,0,1,42.751999999999995,4.460190655643236,0,1,0,0,0,0,1,0,0,0,1
95.66000000000001,2,1,3,2025,11,2,6,4,1,1,47.830000000000005,4.5711996664169385,1,0,0,1,0,0,0,1,0,0,0
269.68,2,2,2,2025,9,22,0,3,0,0,134.84,5.600937311364024,0,0,1,1,0,0,0,0,0,1,0
1271.17,3,2,2,2025,12,2,1,4,0,1,423.72333333333336,7.1484793827687385,1,0,0,0,1,0,0,1,0,0,0
17.544,1,1,7,2025,8,13,2,3,0,0,17.544,2.920146286597396,0,1,0,0,1,0,0,0,0,0,1
298.116,1,1,2,2025,7,25,4,3,0,0,298.116,5.700831458019937,0,0,1,1,0,0,0,1,0,0,0
109.704,2,2,4,2025,9,3,2,3,0,0,54.852,4.7068599727564555,0,1,0,1,0,0,0,0,0,0,1
528.7139999999999,4,2,4,2025,3,6,3,1,0,0,132.17849999999999,6.272337238255961,0,0,1,0,0,0,1,0,0,0,1
121.816,3,1,5,2025,10,5,6,4,1,0,40.605333333333334,4.810687300385235,0,0,1,0,0,0,1,0,0,0,1
59.2,1,1,2,2025,5,6,1,2,0,0,59.2,4.097672352314776,1,0,0,0,1,0,0,1,0,0,0
290.781,2,1,5,2025,2,3,0,1,0,0,145.3905,5.676003520877577,1,0,0,0,1,0,0,0,0,0,1
1958.544,2,1,3,2025,1,15,2,1,0,0,979.272,7.580467072095416,1,0,0,0,1,0,0,1,0,0,0
47.328,2,1,5,2025,11,18,1,4,0,1,23.664,3.87801110283644,1,0,0,0,0,1,0,0,0,0,1
538.02,2,2,5,2025,5,21,2,2,0,0,269.01,6.289752675971987,0,1,0,0,1,0,0,0,0,0,1
356.65,2,1,4,2025,7,30,2,3,0,0,178.325,5.879554854554392,1,0,0,0,0,0,1,0,0,1,0
831.368,5,2,3,2025,11,6,3,4,0,1,166.27360000000002,6.724274650724303,1,0,0,0,0,1,0,0,0,1,0
25.5,1,1,3,2025,11,11,1,4,0,1,25.5,3.2771447329921766,1,0,0,1,0,0,0,0,0,1,0
113.568,1,1,6,2025,4,24,3,2,0,0,113.568,4.741168533176402,0,1,0,0,0,1,0,0,0,0,1
4150.972,4,1,0,2025,7,3,3,3,0,0,1037.743,8.331338681085027,0,0,1,0,0,0,1,0,1,0,0
375.71,4,1,0,2025,3,5,2,1,0,0,93.9275,5.9314756606689825,1,0,0,1,0,0,0,0,1,0,0
70.12,1,1,4,2025,8,6,2,3,0,0,70.12,4.264368591205649,1,0,0,0,1,0,0,0,0,0,1
19.44,1,1,5,2025,11,2,6,4,1,1,19.44,3.017493765335504,1,0,0,0,0,0,1,0,0,0,1
98.35,2,2,5,2025,3,6,3,1,0,0,49.175,4.598648968997826,1,0,0,0,1,0,0,0,0,1,0
183.61,3,1,2,2025,4,27,6,2,1,0,61.20333333333334,5.218245491782478,1,0,0,0,0,0,1,1,0,0,0
873.811,4,3,6,2025,12,11,3,4,0,1,218.45275,6.774007863026255,0,1,0,0,0,1,0,0,0,0,1
175.70999999999998,2,2,5,2025,8,3,6,3,1,0,87.85499999999999,5.174509970819964,1,0,0,0,0,0,1,0,0,1,0
42.28,2,1,6,2025,9,9,1,3,0,0,21.14,3.767690634538226,0,1,0,0,0,0,1,0,0,0,1
518.868,4,2,7,2025,11,24,0,4,0,1,129.717,6.253574933197239,1,0,0,0,1,0,0,0,0,0,1
674.872,2,2,6,2025,10,12,6,4,1,0,337.436,6.5160037090017315,0,1,0,0,0,0,1,0,0,0,1
65.424,1,1,7,2025,5,29,3,2,0,0,65.424,4.19605843695973,1,0,0,1,0,0,0,0,0,0,1
9.46,1,1,3,2025,10,14,1,4,0,0,9.46,2.347558458636777,1,0,0,0,0,0,1,1,0,0,0
2521.4799999999996,2,1,4,2025,11,19,2,4,0,1,1260.7399999999998,7.832997823554112,0,1,0,0,1,0,0,0,0,0,1
2.313,1,1,5,2025,5,4,6,2,1,0,2.313,1.1978541233177589,1,0,0,0,1,0,0,0,0,0,1
186.54,1,1,4,2025,8,1,4,3,0,0,186.54,5.233992155991479,1,0,0,0,0,0,1,0,0,1,0
5.56,1,1,4,2025,11,2,6,4,1,1,5.56,1.8809906029559977,1,0,0,0,0,1,0,0,0,0,1
41.91,1,1,4,2025,7,10,3,3,0,0,41.91,3.7591048990034333,0,1,0,0,0,1,0,0,0,0,1
254.352,1,1,4,2025,4,22,1,2,0,0,254.352,5.5426429854499,0,0,1,0,1,0,0,0,0,0,1
129.39,1,1,7,2025,7,3,3,3,0,0,129.39,4.87052995943538,1,0,0,0,0,0,1,0,0,0,1
22.439999999999998,2,1,2,2025,8,14,3,3,0,0,11.219999999999999,3.1544439647088116,1,0,0,0,0,0,1,0,0,1,0
283.17999999999995,2,1,4,2025,3,21,4,1,0,0,141.58999999999997,5.649607840209929,1,0,0,1,0,0,0,0,0,0,1
39.984,1,1,3,2025,10,12,6,4,1,0,39.984,3.7131817466369013,0,1,0,1,0,0,0,1,0,0,0
103.48,2,1,5,2025,4,9,2,2,0,0,51.74,4.648995665528121,0,1,0,0,1,0,0,0,0,0,1
37.93,1,1,5,2025,12,24,2,4,0,1,37.93,3.6617651616223643,0,1,0,0,1,0,0,0,0,0,1
92.032,2,2,4,2025,9,9,1,3,0,0,46.016,4.532943519990742,1,0,0,0,1,0,0,0,0,0,1
32.67,1,1,5,2025,2,4,1,1,0,0,32.67,3.516607233172983,1,0,0,0,1,0,0,0,0,0,1
146.89000000000001,3,1,3,2025,6,15,6,2,1,0,48.96333333333334,4.996468754178678,0,0,1,1,0,0,0,1,0,0,0
20.23,1,1,6,2025,7,25,4,3,0,0,20.23,3.055415275715165,1,0,0,1,0,0,0,0,0,0,1
1.908,1,1,4,2025,9,21,6,3,1,0,1.908,1.0674655596712728,1,0,0,0,1,0,0,0,0,0,1
134.91,3,2,4,2025,12,14,6,4,1,1,44.97,4.911992901967256,0,0,1,0,0,0,1,0,0,0,1
436.596,2,1,5,2025,11,24,0,4,0,1,218.298,6.08129611029817,1,0,0,0,0,0,1,0,0,1,0
47.976,1,1,4,2025,6,15,6,2,1,0,47.976,3.8913303822030567,1,0,0,0,0,0,1,0,0,0,1
39.9,1,1,3,2025,9,25,3,3,0,0,39.9,3.7111300630487563,0,1,0,0,0,0,1,1,0,0,0
286.14,2,2,4,2025,12,24,2,4,0,1,143.07,5.659969901699548,1,0,0,0,1,0,0,0,0,0,1
22.38,1,1,4,2022,3,10,3,1,0,0,22.38,3.1518809560439225,1,0,0,1,0,0,0,0,0,0,1
72.608,2,1,5,2022,9,14,2,3,0,0,36.304,4.298753715480061,0,1,0,1,0,0,0,0,0,0,1
235.76999999999998,2,1,6,2022,5,9,0,2,0,0,117.88499999999999,5.467089205794908,1,0,0,0,0,0,1,0,0,0,1
94.428,1,1,4,2022,12,13,1,4,0,1,94.428,4.558372036439452,0,1,0,1,0,0,0,0,0,0,1
737.2,4,2,2,2022,4,11,0,2,0,0,184.3,6.604214790595898,1,0,0,0,0,1,0,0,0,1,0
7.98,1,1,4,2022,3,11,4,1,0,0,7.98,2.194999882314108,1,0,0,0,0,0,1,0,0,0,1
68.204,2,2,6,2022,7,14,3,3,0,0,34.102,4.2370586644212755,0,0,1,1,0,0,0,0,0,0,1
88.118,2,2,4,2022,3,31,3,1,0,0,44.059,4.489961334275451,1,0,0,1,0,0,0,0,0,0,1
120.258,2,2,0,2022,10,10,0,4,0,0,60.129,4.797920507022492,1,0,0,0,1,0,0,0,1,0,0
10.5,1,1,1,2022,3,30,2,1,0,0,10.5,2.4423470353692043,0,1,0,0,1,0,0,1,0,0,0
79.638,3,2,4,2022,5,23,0,2,0,0,26.546000000000003,4.389970002428193,1,0,0,0,1,0,0,0,0,0,1
886.28,3,2,6,2022,8,2,1,3,0,0,295.4266666666667,6.788160603296486,0,0,1,1,0,0,0,0,0,0,1
243.12,2,2,6,2022,12,27,1,4,0,1,121.56,5.497659907676295,1,0,0,0,0,0,1,0,0,0,1
5579.9400000000005,2,1,2,2022,9,19,0,3,0,0,2789.9700000000003,8.627112499969131,0,1,0,1,0,0,0,0,0,1,0
16.272,1,1,4,2022,3,21,0,1,0,0,16.272,2.8490866932125063,0,1,0,0,0,1,0,0,0,0,1
57.42,1,1,4,2022,5,19,3,2,0,0,57.42,4.067658296959595,1,0,0,1,0,0,0,0,0,0,1
51.016,1,1,5,2022,11,25,4,4,0,1,51.016,3.9515513635615496,1,0,0,0,0,0,1,0,0,0,1
31.05,1,1,5,2022,12,20,1,4,0,1,31.05,3.467297183366679,1,0,0,0,0,0,1,0,0,0,1
170.352,1,1,4,2022,6,8,2,2,0,0,170.352,5.1437199202688415,0,1,0,0,0,1,0,0,0,0,1
194.322,2,2,1,2022,10,16,6,4,1,0,97.161,5.274649478747834,1,0,0,0,0,0,1,0,1,0,0
129.568,1,1,6,2022,2,12,5,1,1,0,129.568,4.871894163848395,1,0,0,0,0,0,1,0,0,0,1
8.69,1,1,5,2022,12,26,0,4,0,1,8.69,2.2710944259026746,1,0,0,1,0,0,0,0,0,0,1
25.06,1,1,7,2022,11,29,1,4,0,1,25.06,3.260401571696699,1,0,0,0,1,0,0,0,0,0,1
9.98,1,1,6,2022,11,22,1,4,0,1,9.98,2.3960754360813845,0,0,1,1,0,0,0,0,0,0,1
2.502,1,1,1,2022,4,23,5,2,1,0,2.502,1.2533342338636602,0,1,0,0,1,0,0,1,0,0,0
19.44,1,1,5,2022,8,23,1,3,0,0,19.44,3.017493765335504,0,0,1,1,0,0,0,0,0,1,0
328.914,2,2,5,2022,12,6,1,4,0,1,164.457,5.798832014436259,1,0,0,0,0,0,1,0,0,1,0
340.31280000000004,4,2,5,2022,9,25,6,3,1,0,85.07820000000001,5.832799358871884,0,0,1,1,0,0,0,0,0,0,1
475.41999999999996,2,1,7,2022,6,20,0,2,0,0,237.70999999999998,6.166299818128073,1,0,0,1,0,0,0,0,0,0,1
455.63199999999995,3,2,4,2022,12,10,5,4,1,1,151.87733333333333,6.123877814863809,0,1,0,0,0,0,1,0,0,0,1
129.3,1,1,6,2022,3,30,2,1,0,0,129.3,4.869839484130799,1,0,0,1,0,0,0,0,0,0,1
211.66000000000003,3,2,2,2022,5,20,4,2,0,0,70.55333333333334,5.35969464622294,0,1,0,0,1,0,0,0,0,1,0
149.9,1,1,0,2022,11,5,5,4,1,1,149.9,5.016617365773803,1,0,0,0,0,1,0,0,1,0,0
775.7280000000001,2,2,4,2022,12,30,4,4,0,1,387.86400000000003,6.655090224730755,0,1,0,0,1,0,0,0,0,1,0
1299.99,1,1,4,2022,9,9,4,3,0,0,1299.99,7.170880792087884,1,0,0,0,0,1,0,0,0,0,1
158.61,2,2,6,2022,8,26,4,3,0,0,79.305,5.072733339694467,0,0,1,0,1,0,0,0,0,0,1
51.184,1,1,5,2022,9,8,3,3,0,0,51.184,3.954775934493795,1,0,0,1,0,0,0,0,0,1,0
17.46,1,1,3,2022,5,27,4,2,0,0,17.46,2.9156062290747062,1,0,0,1,0,0,0,1,0,0,0
425.66999999999996,3,3,2,2022,6,21,1,2,0,0,141.89,6.056010880715036,1,0,0,0,0,1,0,0,0,1,0
426.67,3,2,6,2022,1,27,3,1,0,0,142.22333333333333,6.05835187014942,1,0,0,0,0,0,1,0,0,0,1
52.608000000000004,2,2,7,2022,9,17,5,3,1,0,26.304000000000002,3.9816983106708697,1,0,0,0,0,1,0,0,0,0,1
114.78399999999999,3,2,4,2022,12,2,4,4,0,1,38.26133333333333,4.751726386335303,0,1,0,1,0,0,0,0,0,0,1
1217.3799999999999,3,2,2,2022,8,5,4,3,0,0,405.7933333333333,7.1052773864757715,0,1,0,0,1,0,0,0,0,1,0
281.85200000000003,3,3,2,2022,4,6,2,2,0,0,93.95066666666668,5.644923792649795,0,0,1,0,1,0,0,1,0,0,0
1215.92,1,1,4,2022,4,8,4,2,0,0,1215.92,7.104078355411906,0,1,0,0,0,1,0,0,0,0,1
787.8499999999999,4,3,7,2022,9,12,0,3,0,0,196.96249999999998,6.670576188703463,0,0,1,1,0,0,0,0,0,0,1
1520.376,4,2,4,2022,7,23,5,3,1,0,380.094,7.327370467494645,1,0,0,0,0,0,1,0,0,0,1
7.68,1,1,1,2022,9,3,5,3,1,0,7.68,2.1610215286722587,0,0,1,1,0,0,0,1,0,0,0
64.02,1,1,5,2022,11,28,0,4,0,1,64.02,4.174694914875759,0,1,0,1,0,0,0,0,0,0,1
73.584,1,1,2,2022,10,31,0,4,0,0,73.584,4.311926006994392,0,0,1,0,0,0,1,0,0,1,0
294.71999999999997,2,2,0,2022,4,15,4,2,0,0,147.35999999999999,5.689413060688899,0,0,1,0,0,0,1,0,1,0,0
9.288,2,1,6,2022,6,30,3,2,0,0,4.644,2.3309781674952634,1,0,0,0,1,0,0,0,0,0,1
9.584,1,1,5,2022,4,11,0,2,0,0,9.584,2.3593434268126545,1,0,0,0,0,0,1,0,0,0,1
191.34,2,2,2,2022,10,15,5,4,1,0,95.67,5.259264639284336,1,0,0,0,1,0,0,1,0,0,0
210.392,1,1,0,2022,12,12,0,4,0,1,210.392,5.3537142297683245,0,1,0,1,0,0,0,0,1,0,0
1271.42,4,2,6,2022,11,19,5,4,1,1,317.855,7.148675878079027,0,1,0,0,1,0,0,0,0,0,1
403.114,3,3,7,2022,12,14,2,4,0,1,134.37133333333333,6.0016970163741865,1,0,0,0,1,0,0,0,0,0,1
89.97,1,1,4,2022,11,3,3,4,0,1,89.97,4.51052978183397,0,1,0,1,0,0,0,0,0,0,1
1139.92,1,1,5,2022,3,14,0,1,0,0,1139.92,7.039590233468834,0,0,1,0,0,1,0,0,0,0,1
333.576,1,1,6,2022,11,8,1,4,0,1,333.576,5.812864058544444,1,0,0,0,0,0,1,0,0,0,1
483.336,2,1,4,2022,10,11,1,4,0,0,241.668,6.182778880736982,1,0,0,0,1,0,0,0,0,0,1
31.408,4,2,4,2022,9,14,2,3,0,0,7.852,3.4784053059003894,0,1,0,1,0,0,0,0,0,1,0
362.24199999999996,3,2,5,2022,3,3,3,1,0,0,120.74733333333332,5.895069278808011,0,1,0,0,1,0,0,0,0,0,1
7.184,1,1,1,2022,4,4,0,2,0,0,7.184,2.1021810286493254,0,1,0,0,0,0,1,1,0,0,0
16.28,1,1,0,2022,3,22,1,1,0,0,16.28,2.8495497633759097,1,0,0,1,0,0,0,0,1,0,0
23.119999999999997,2,1,3,2022,6,23,3,2,0,0,11.559999999999999,3.1830413718589847,1,0,0,0,0,1,0,1,0,0,0
104.91999999999999,2,2,4,2022,5,25,2,2,0,0,52.459999999999994,4.662684092188698,1,0,0,1,0,0,0,0,0,0,1
3247.1580000000004,3,3,6,2022,3,18,4,1,0,0,1082.3860000000002,8.08584334541862,0,0,1,0,0,0,1,0,0,0,1
91.488,2,2,2,2022,9,9,4,3,0,0,45.744,4.527078906373021,0,0,1,0,1,0,0,1,0,0,0
107.648,1,1,4,2022,3,7,0,1,0,0,107.648,4.688113298801767,0,0,1,0,0,0,1,0,0,1,0
4.71,1,1,4,2022,10,1,5,4,1,0,4.71,1.7422190236679187,0,0,1,0,0,0,1,0,0,0,1
685.9,2,2,4,2022,9,27,1,3,0,0,342.95,6.5321887212198355,1,0,0,0,0,0,1,0,0,0,1
475.944,1,1,0,2022,12,31,5,4,1,1,475.944,6.167399083577085,0,0,1,0,0,0,1,0,1,0,0
255.85,1,1,0,2022,10,10,0,4,0,0,255.85,5.548492256913277,0,1,0,0,0,0,1,0,1,0,0
2.94,1,1,7,2022,11,4,4,4,0,1,2.94,1.3711807233098425,0,1,0,0,0,0,1,0,0,0,1
617.7,1,1,5,2022,9,20,1,3,0,0,617.7,6.427620502536943,1,0,0,1,0,0,0,0,0,0,1
12.624,1,1,5,2022,11,29,1,4,0,1,12.624,2.6118329433603873,0,1,0,1,0,0,0,0,0,0,1
519.9830000000001,2,2,5,2022,9,23,4,3,0,0,259.99150000000003,6.25571741166247,0,1,0,0,0,0,1,0,0,0,1
12.462,1,1,3,2022,6,7,1,2,0,0,12.462,2.5998709015885213,0,1,0,1,0,0,0,0,0,1,0
231.16,3,1,4,2022,5,23,0,2,0,0,77.05333333333333,5.447426789135878,1,0,0,0,1,0,0,0,0,0,1
2046.354,2,1,2,2022,9,21,2,3,0,0,1023.177,7.624303506713491,1,0,0,0,0,0,1,0,0,1,0
733.5600000000001,3,2,4,2022,11,1,1,4,0,1,244.52,6.599271680500912,1,0,0,0,1,0,0,0,0,0,1
55.672,2,1,6,2022,2,24,3,1,0,0,27.836,4.037280261600423,1,0,0,0,0,0,1,0,0,0,1
1190.84,2,2,5,2022,3,28,0,1,0,0,595.42,7.083253610427966,1,0,0,1,0,0,0,0,0,0,1
1461.172,6,3,5,2022,12,24,5,4,1,1,243.52866666666668,7.287678280448675,0,0,1,0,0,0,1,0,0,0,1
241.19400000000002,2,1,4,2022,7,7,3,3,0,0,120.59700000000001,5.489739057897192,1,0,0,0,1,0,0,0,0,0,1
72.69,2,1,1,2022,9,2,4,3,0,0,36.345,4.299867104778908,1,0,0,0,1,0,0,1,0,0,0
9.64,1,1,4,2022,9,10,5,3,1,0,9.64,2.3646204839134985,0,0,1,0,0,1,0,0,0,0,1
37.296,1,1,4,2022,11,16,2,4,0,1,37.296,3.6453454520902078,1,0,0,1,0,0,0,0,0,0,1
719.576,2,1,7,2022,3,10,3,1,0,0,359.788,6.580050892180665,1,0,0,0,0,0,1,0,0,0,1
314.54999999999995,6,3,4,2022,12,6,1,4,0,1,52.42499999999999,5.754317148030248,1,0,0,1,0,0,0,0,0,0,1
808.928,2,1,4,2022,11,11,4,4,0,1,404.464,6.696945354826744,1,0,0,1,0,0,0,0,0,0,1
906.43,3,2,6,2022,6,15,2,2,0,0,302.1433333333333,6.810616428177724,0,1,0,1,0,0,0,0,0,0,1
585.552,1,1,6,2022,6,8,2,2,0,0,585.552,6.374261325714905,1,0,0,0,0,0,1,0,0,0,1
177.17000000000002,2,2,3,2022,12,31,5,4,1,1,88.58500000000001,5.1827381506958785,0,0,1,0,1,0,0,1,0,0,0
344.91,1,1,4,2022,8,19,4,3,0,0,344.91,5.846178625614856,0,1,0,0,0,1,0,0,0,0,1
5.94,1,1,4,2022,3,1,1,1,0,0,5.94,1.937301774518713,0,0,1,0,1,0,0,0,0,0,1
155.372,1,1,3,2022,11,23,2,4,0,1,155.372,5.052237783950769,0,1,0,1,0,0,0,0,0,1,0
1272.704,3,3,4,2022,11,25,4,4,0,1,424.23466666666667,7.149684470047719,1,0,0,0,0,0,1,0,0,0,1
292.82,2,1,2,2022,10,14,4,4,0,0,146.41,5.682967334942281,0,1,0,0,1,0,0,0,0,1,0
19.3,1,1,5,2022,11,26,5,4,1,1,19.3,3.0106208860477417,1,0,0,1,0,0,0,0,0,1,0
1859.4,6,3,6,2022,1,20,3,1,0,0,309.90000000000003,7.528546797349942,1,0,0,0,0,1,0,0,0,0,1
81.98,1,1,5,2022,11,26,5,4,1,1,81.98,4.418599614904722,0,0,1,0,0,0,1,0,0,0,1
308.6,4,1,5,2022,11,16,2,4,0,1,77.15,5.735281141715572,0,0,1,1,0,0,0,0,0,0,1
67.194,1,1,6,2022,1,20,3,1,0,0,67.194,4.222356584439664,0,1,0,0,0,1,0,0,0,0,1
69.86,2,2,3,2022,5,4,2,2,0,0,34.93,4.260706099437326,0,1,0,0,0,0,1,1,0,0,0
3455.13,5,2,4,2022,3,17,3,1,0,0,691.0260000000001,8.147904744957232,0,1,0,0,1,0,0,0,0,0,1
47.496,1,1,2,2022,11,19,5,4,1,1,47.496,3.8814813203154475,1,0,0,0,1,0,0,1,0,0,0
592.568,4,2,4,2022,4,23,5,2,1,0,148.142,6.3861517820442675,0,0,1,0,1,0,0,0,0,0,1
65.78,1,1,6,2022,7,27,2,3,0,0,65.78,4.201403634515509,0,1,0,0,1,0,0,0,0,0,1
455.23,4,3,5,2022,7,19,1,3,0,0,113.8075,6.122997068319454,0,1,0,0,1,0,0,0,0,0,1
55.92,1,1,7,2022,7,14,3,3,0,0,55.92,4.041646773221651,1,0,0,0,0,0,1,0,0,0,1
252.61200000000002,2,2,6,2022,12,19,0,4,0,1,126.30600000000001,5.535805540055568,1,0,0,0,0,1,0,0,0,0,1
5.18,1,1,4,2022,9,12,0,3,0,0,5.18,1.8213182714695995,1,0,0,1,0,0,0,0,0,1,0
344.274,3,1,6,2022,10,14,4,4,0,0,114.758,5.844338304717672,1,0,0,1,0,0,0,0,0,0,1
145.568,1,1,5,2022,9,26,0,3,0,0,145.568,4.987489484588943,1,0,0,0,0,0,1,0,0,1,0
600.558,1,1,2,2022,12,26,0,4,0,1,600.558,6.399522956368744,0,0,1,1,0,0,0,0,0,1,0
0.876,1,1,0,2022,9,26,0,3,0,0,0.876,0.6291418505840329,0,1,0,1,0,0,0,0,1,0,0
22.24,1,1,5,2022,10,12,2,4,0,0,22.24,3.1458749319837103,0,1,0,1,0,0,0,0,0,0,1
113.72,2,1,5,2022,5,6,4,2,0,0,56.86,4.74249437685131,0,0,1,0,0,0,1,0,0,0,1
944.61,7,3,5,2022,1,26,2,1,0,0,134.9442857142857,6.851830221892024,0,0,1,0,0,1,0,0,0,0,1
310.528,3,2,4,2022,3,21,0,1,0,0,103.50933333333334,5.741489221828306,1,0,0,0,0,1,0,0,0,0,1
67.75999999999999,2,1,6,2022,10,3,0,4,0,0,33.879999999999995,4.230622180514648,0,0,1,0,0,1,0,0,0,0,1
123.552,1,1,4,2022,7,26,1,3,0,0,123.552,4.824723299387373,1,0,0,1,0,0,0,0,0,1,0
18.648,1,1,4,2022,9,13,1,3,0,0,18.648,2.977975551964732,0,1,0,0,0,1,0,0,0,0,1
638.82,1,1,7,2022,8,19,4,3,0,0,638.82,6.461186886795519,1,0,0,0,0,1,0,0,0,0,1
46.688,2,1,5,2022,4,1,4,2,0,0,23.344,3.8646797939176256,1,0,0,0,0,0,1,0,0,1,0
204.07999999999998,2,1,5,2022,6,1,2,2,0,0,102.03999999999999,5.3234001469155,0,1,0,1,0,0,0,0,0,0,1
1037.19,4,3,2,2022,11,23,2,4,0,1,259.2975,6.945234091291259,1,0,0,0,0,0,1,1,0,0,0
16.608,2,1,4,2022,4,25,0,2,0,0,8.304,2.8683533442241607,0,0,1,1,0,0,0,0,0,0,1
60.208,2,1,4,2022,4,2,5,2,1,0,30.104,4.114277899929551,1,0,0,1,0,0,0,0,0,1,0
59.109,2,1,4,2022,3,22,1,1,0,0,29.5545,4.096159580745661,1,0,0,0,0,1,0,0,0,0,1
32.4,1,1,5,2022,4,12,1,2,0,0,32.4,3.5085558999826545,1,0,0,1,0,0,0,0,0,0,1
49.408,1,1,3,2022,10,25,1,4,0,0,49.408,3.9201498926397544,0,1,0,0,0,0,1,1,0,0,0
5.892,1,1,4,2022,9,17,5,3,1,0,5.892,1.9303613186656832,0,0,1,0,1,0,0,0,0,0,1
300.512,2,2,5,2022,12,27,1,4,0,1,150.256,5.708809816370226,1,0,0,0,1,0,0,0,0,1,0
203.1212,5,3,4,2022,11,12,5,4,1,1,40.62424,5.318713935073258,0,1,0,1,0,0,0,0,0,0,1
730.009,5,3,4,2022,11,18,4,4,0,1,146.0018,6.594425771575493,1,0,0,0,1,0,0,0,0,0,1
502.2,2,1,0,2022,7,5,1,3,0,0,251.1,6.22098770538623,1,0,0,1,0,0,0,0,1,0,0
36.252,2,1,0,2022,6,21,1,2,0,0,18.126,3.6177056346594116,1,0,0,0,0,0,1,0,1,0,0
38.572,2,1,6,2022,6,6,0,2,0,0,19.286,3.6781217974609763,1,0,0,1,0,0,0,0,0,0,1
674.058,1,1,2,2022,12,1,3,4,0,1,674.058,6.514798613107035,0,1,0,1,0,0,0,0,0,1,0
56.4,1,1,4,2022,5,16,0,2,0,0,56.4,4.050044303325521,1,0,0,0,0,0,1,0,0,0,1
49.792,1,1,5,2022,4,8,4,2,0,0,49.792,3.927738861868149,0,0,1,0,0,0,1,0,0,0,1
85.96,2,1,2,2022,8,19,4,3,0,0,42.98,4.465448242812954,1,0,0,0,1,0,0,0,0,1,0
26.632,1,1,2,2022,7,22,4,3,0,0,26.632,3.3189745214043227,1,0,0,1,0,0,0,0,0,1,0
103.5,5,1,4,2022,3,17,3,1,0,0,20.7,4.6491870714048655,0,1,0,0,0,1,0,0,0,0,1
25.16,1,1,0,2022,2,18,4,1,0,0,25.16,3.264231526588998,1,0,0,1,0,0,0,0,1,0,0
904.13,2,2,5,2022,6,1,2,2,0,0,452.065,6.808078579792609,1,0,0,0,0,1,0,0,0,0,1
351.216,1,1,4,2022,7,13,2,3,0,0,351.216,5.864244623763926,0,1,0,0,0,0,1,0,0,0,1
8.544,1,1,2,2022,9,21,2,3,0,0,8.544,2.2559126847956152,0,0,1,1,0,0,0,1,0,0,0
11.56,1,1,3,2022,8,22,0,3,0,0,11.56,2.5305171610400525,1,0,0,1,0,0,0,1,0,0,0
742.336,1,1,3,2022,10,31,0,4,0,0,742.336,6.611148163223566,1,0,0,0,0,0,1,0,0,1,0
15.552,1,1,5,2022,9,30,4,3,0,0,15.552,2.8065069404432417,1,0,0,0,0,1,0,0,0,0,1
435.132,2,2,5,2022,12,24,5,4,1,1,217.566,6.077944949822385,0,1,0,0,0,0,1,0,0,0,1
269.592,2,2,6,2022,11,21,0,4,0,1,134.796,5.600612151367663,0,1,0,1,0,0,0,0,0,0,1
64.96,1,1,3,2022,2,7,0,1,0,0,64.96,4.189048497691398,0,1,0,0,1,0,0,0,0,1,0
551.985,1,1,5,2022,12,30,4,4,0,1,551.985,6.315330876380491,0,1,0,0,0,0,1,0,0,0,1
269.98,1,1,4,2023,6,29,3,2,0,0,269.98,5.602045017418285,0,0,1,1,0,0,0,0,0,0,1
2799.96,1,1,4,2023,8,28,0,3,0,0,2799.96,7.937717494544073,0,1,0,1,0,0,0,0,0,0,1
39.368,2,2,2,2023,9,27,2,3,0,0,19.684,3.698037391898702,1,0,0,1,0,0,0,1,0,0,0
254.744,1,1,7,2023,1,17,1,1,0,0,254.744,5.5441769441459785,0,0,1,1,0,0,0,0,0,0,1
412.682,2,2,2,2023,11,21,1,4,0,1,206.341,6.0250975627310845,1,0,0,0,1,0,0,0,0,1,0
604.098,2,2,4,2023,12,24,6,4,1,1,302.049,6.40539042838401,1,0,0,0,0,0,1,0,0,0,1
295.68,4,3,2,2023,3,29,2,1,0,0,73.92,5.692654116868358,1,0,0,0,0,0,1,0,0,1,0
120.33,1,1,5,2023,9,3,6,3,1,0,120.33,4.798514106063782,0,1,0,0,1,0,0,0,0,1,0
5.176,1,1,4,2023,10,22,6,4,1,0,5.176,1.820670812722475,1,0,0,1,0,0,0,0,0,0,1
6.688,1,1,1,2023,12,1,4,4,0,1,6.688,2.0396606716679915,1,0,0,1,0,0,0,0,1,0,0
11.672,1,1,2,2023,6,15,3,2,0,0,11.672,2.53939483507207,1,0,0,0,0,1,0,1,0,0,0
54.239999999999995,3,2,5,2023,9,24,6,3,1,0,18.08,4.0116873285410914,1,0,0,0,0,0,1,0,0,1,0
41.568,1,1,2,2023,7,13,3,3,0,0,41.568,3.751102797294068,0,0,1,1,0,0,0,1,0,0,0
432.69,2,2,2,2023,3,23,3,1,0,0,216.345,6.072329993162536,0,1,0,0,0,0,1,1,0,0,0
979.9455,2,2,7,2023,10,11,2,4,0,0,489.97275,6.888516902466541,1,0,0,0,0,1,0,0,0,0,1
346.37,2,2,6,2023,9,6,2,3,0,0,173.185,5.8503904942922915,0,1,0,0,1,0,0,0,0,0,1
7.88,1,1,3,2023,11,1,2,4,0,1,7.88,2.1838015570040787,1,0,0,0,0,0,1,1,0,0,0
158.376,1,1,4,2023,12,19,1,4,0,1,158.376,5.07126619040281,1,0,0,1,0,0,0,0,0,1,0
140.986,2,1,7,2023,5,23,1,2,0,0,70.493,4.955728461191499,1,0,0,0,0,0,1,0,0,0,1
96.1,2,2,5,2023,11,14,1,4,0,1,48.05,4.575741375297279,1,0,0,0,1,0,0,0,0,0,1
6.992,1,1,6,2023,3,24,4,1,0,0,6.992,2.0784410413462524,0,1,0,0,0,1,0,0,0,0,1
352.168,4,2,3,2023,5,26,4,2,0,0,88.042,5.866943864398856,0,0,1,0,0,1,0,0,0,1,0
115.44,1,1,2,2023,4,18,1,2,0,0,115.44,4.757376118877422,1,0,0,0,0,0,1,1,0,0,0
1347.27,3,1,4,2023,12,6,2,4,0,1,449.09,7.206577568151444,1,0,0,0,0,0,1,0,0,0,1
408.422,1,1,4,2023,4,26,2,2,0,0,408.422,6.014746408959755,1,0,0,1,0,0,0,0,0,0,1
281.15999999999997,5,3,4,2023,4,30,6,2,1,0,56.23199999999999,5.642474285927796,0,1,0,0,1,0,0,0,0,0,1
673.576,2,2,3,2023,9,22,4,3,0,0,336.788,6.514084345356679,1,0,0,0,1,0,0,1,0,0,0
47.368,2,1,4,2023,5,17,2,2,0,0,23.684,3.878838438037102,0,1,0,1,0,0,0,0,0,0,1
77.58,1,1,2,2023,8,7,0,3,0,0,77.58,4.364117214130314,0,1,0,0,1,0,0,1,0,0,0
8.424,2,1,7,2023,10,15,6,4,1,0,4.212,2.243259626909231,0,0,1,1,0,0,0,0,0,0,1
89.82,1,1,0,2023,3,10,4,1,0,0,89.82,4.508879525669805,0,1,0,0,1,0,0,0,1,0,0
71.354,2,1,4,2023,11,22,2,4,0,1,35.677,4.281570738349511,0,0,1,1,0,0,0,0,0,0,1
270.34,1,1,5,2023,10,2,0,4,0,0,270.34,5.603372647057163,0,0,1,0,0,0,1,0,0,1,0
646.776,1,1,5,2023,12,18,0,4,0,1,646.776,6.473544957579167,1,0,0,0,1,0,0,0,0,0,1
372.096,3,3,6,2023,4,13,3,2,0,0,124.032,5.9218357591833115,0,1,0,0,0,0,1,0,0,0,1
12.828,1,1,4,2023,12,11,0,4,0,1,12.828,2.626695522059378,1,0,0,0,0,1,0,0,0,0,1
88.8,1,1,4,2023,12,20,2,4,0,1,88.8,4.497584975308154,1,0,0,1,0,0,0,0,0,0,1
12.96,1,1,0,2023,12,7,3,4,0,1,12.96,2.6361960973342264,0,1,0,0,0,0,1,0,1,0,0
130.288,3,2,5,2023,4,2,6,2,1,0,43.42933333333334,4.877393383377327,1,0,0,1,0,0,0,0,0,0,1
1454.838,4,3,7,2023,7,20,3,3,0,0,363.7095,7.283336958830099,1,0,0,1,0,0,0,0,0,0,1
201.584,1,1,4,2023,5,12,4,2,0,0,201.584,5.311154615349529,1,0,0,0,0,0,1,0,0,0,1
775.01,3,2,5,2023,12,20,2,4,0,1,258.33666666666664,6.654165406698126,1,0,0,1,0,0,0,0,0,0,1
136.72,2,2,0,2023,10,15,6,4,1,0,68.36,4.925222638470323,1,0,0,1,0,0,0,0,1,0,0
207.82,5,3,5,2023,6,11,6,2,1,0,41.564,5.3414726368619645,1,0,0,0,0,1,0,0,0,0,1
241.34,2,2,1,2023,8,7,0,3,0,0,120.67,5.490341698803377,1,0,0,1,0,0,0,1,0,0,0
107.772,1,1,6,2023,3,23,3,1,0,0,107.772,4.689253948359715,1,0,0,1,0,0,0,0,0,0,1
1717.9699999999998,2,2,3,2023,12,21,3,4,0,1,858.9849999999999,7.44948055322358,1,0,0,0,0,0,1,0,0,1,0
17.14,1,1,0,2023,10,15,6,4,1,0,17.14,2.8981194446869907,1,0,0,1,0,0,0,0,1,0,0
832.446,7,3,4,2023,8,16,2,3,0,0,118.92085714285714,6.725568913049486,0,1,0,0,1,0,0,0,0,0,1
7678.228,10,3,6,2023,9,17,6,3,1,0,767.8228,8.946274300255826,1,0,0,0,1,0,0,0,0,0,1
1782.17,4,3,4,2023,12,6,2,4,0,1,445.5425,7.486147958242387,1,0,0,0,1,0,0,0,0,0,1
2200.328,4,2,6,2023,8,16,2,3,0,0,550.082,7.696816093594897,1,0,0,0,0,0,1,0,0,0,1
4909.610000000001,2,2,6,2023,12,24,6,4,1,1,2454.8050000000003,8.499153449324428,0,1,0,1,0,0,0,0,0,0,1
29.97,1,1,6,2023,7,27,3,3,0,0,29.97,3.4330189939851112,1,0,0,0,0,1,0,0,0,0,1
234.688,3,2,5,2023,12,17,6,4,1,1,78.22933333333333,5.4625088964695205,1,0,0,1,0,0,0,0,0,0,1
21.11,3,1,3,2023,2,8,2,1,0,0,7.036666666666666,3.096029994869355,1,0,0,1,0,0,0,1,0,0,0
837.444,5,2,4,2023,8,21,0,3,0,0,167.4888,6.731547793105733,0,0,1,0,1,0,0,0,0,0,1
111.904,4,2,0,2023,9,15,4,3,0,0,27.976,4.726537900111706,0,1,0,0,0,1,0,0,1,0,0
603.4340000000001,4,2,3,2023,10,30,0,4,0,0,150.85850000000002,6.404292482952713,0,1,0,0,0,0,1,0,0,1,0
97.424,1,1,3,2023,12,5,1,4,0,1,97.424,4.589284676757868,0,1,0,0,0,1,0,1,0,0,0
774.47,4,2,4,2023,6,1,3,2,0,0,193.6175,6.653469297148785,1,0,0,1,0,0,0,0,0,0,1
1001.76,3,2,6,2023,4,26,2,2,0,0,333.92,6.910511477175854,1,0,0,0,0,1,0,0,0,0,1
21.93,1,1,5,2023,4,18,1,2,0,0,21.93,3.132446096869813,1,0,0,0,1,0,0,0,0,1,0
3332.974,3,3,5,2023,12,19,1,4,0,1,1110.9913333333334,8.11192026484002,0,0,1,0,1,0,0,0,0,1,0
34.418,2,1,3,2023,11,5,6,4,1,1,17.209,3.5672201654866074,1,0,0,0,1,0,0,1,0,0,0
125.944,1,1,3,2023,6,20,1,2,0,0,125.944,4.84374604433192,1,0,0,0,0,0,1,1,0,0,0
157.794,1,1,5,2023,4,5,2,2,0,0,157.794,5.067607764723911,0,1,0,0,0,1,0,0,0,0,1
433.78,2,2,2,2023,12,25,0,4,0,1,216.89,6.074840156029033,1,0,0,0,0,1,0,0,0,1,0
692.728,2,2,3,2023,4,11,1,2,0,0,346.364,6.542079952846105,1,0,0,0,0,0,1,0,0,1,0
235.97,3,2,6,2023,10,2,0,4,0,0,78.65666666666667,5.467933550844437,0,1,0,0,1,0,0,0,0,0,1
20.736,1,1,0,2023,12,18,0,4,0,1,20.736,3.0789698721240466,0,0,1,0,1,0,0,0,1,0,0
166.24,1,1,0,2023,12,18,0,4,0,1,166.24,5.119429906488365,1,0,0,0,1,0,0,0,1,0,0
776.44,5,3,6,2023,12,10,6,4,1,1,155.288,6.6560064706575925,0,1,0,0,1,0,0,0,0,0,1
1233.61,5,2,0,2023,12,17,6,4,1,1,246.72199999999998,7.118510409716397,1,0,0,1,0,0,0,0,1,0,0
755.096,3,1,4,2023,9,3,6,3,1,0,251.69866666666667,6.628168352244716,1,0,0,0,1,0,0,0,0,0,1
25.032,1,1,3,2023,9,17,6,3,1,0,25.032,3.259326550476682,0,1,0,0,0,0,1,1,0,0,0
344.22,1,1,4,2023,9,17,6,3,1,0,344.22,5.844181894958544,0,0,1,0,1,0,0,0,0,0,1
1242.896,2,1,5,2023,3,13,0,1,0,0,621.448,7.126003668518169,0,0,1,0,0,0,1,0,0,1,0
146.744,2,2,5,2023,8,25,4,3,0,0,73.372,4.995481046324579,0,0,1,0,0,0,1,0,0,0,1
393.165,1,1,2,2023,7,26,2,3,0,0,393.165,5.976769603359229,1,0,0,0,0,0,1,1,0,0,0
38.88,1,1,2,2023,7,13,3,3,0,0,38.88,3.6858749450936377,0,1,0,0,0,1,0,0,0,1,0
3.882,1,1,3,2023,11,30,3,4,0,1,3.882,1.5855549719707684,0,0,1,1,0,0,0,0,0,1,0
24.96,1,1,5,2023,6,29,3,2,0,0,24.96,3.2565568918358894,1,0,0,0,1,0,0,0,0,0,1
65.72,2,2,4,2023,6,4,6,2,1,0,32.86,4.200504758050491,0,0,1,0,1,0,0,0,0,1,0
87.8,1,1,5,2023,4,2,6,2,1,0,87.8,4.486386649998124,1,0,0,0,0,0,1,0,0,0,1
64.072,2,2,2,2023,10,2,0,4,0,0,32.036,4.175494349164869,1,0,0,0,0,0,1,1,0,0,0
26.9,1,1,4,2023,10,2,0,4,0,0,26.9,3.32862668882732,0,1,0,0,1,0,0,0,0,0,1
359.499,1,1,4,2023,12,3,6,4,1,1,359.499,5.8874891827960525,1,0,0,0,0,0,1,0,0,0,1
551.264,2,1,4,2023,2,28,1,1,0,0,275.632,6.3140261928163826,1,0,0,0,0,1,0,0,0,0,1
135.936,2,2,5,2023,9,3,6,3,1,0,67.968,4.919513663393364,0,0,1,0,0,0,1,0,0,0,1
702.74,3,2,4,2023,9,10,6,3,1,0,234.24666666666667,6.556408969761469,0,1,0,0,1,0,0,0,0,0,1
427.548,5,2,5,2023,2,14,1,1,0,0,85.5096,6.06040275043399,1,0,0,0,1,0,0,0,0,0,1
547.136,1,1,4,2023,12,25,0,4,0,1,547.136,6.306523431340131,0,1,0,0,1,0,0,0,0,0,1
125.64,2,1,6,2023,12,1,4,4,0,1,62.82,4.841348415572757,0,1,0,0,0,1,0,0,0,0,1
231.92,1,1,3,2023,7,17,0,3,0,0,231.92,5.450695046968919,0,1,0,0,0,1,0,0,0,1,0
2.772,1,1,6,2023,12,6,2,4,0,1,2.772,1.327605364771211,1,0,0,1,0,0,0,0,0,0,1
25.176,1,1,4,2023,7,25,1,3,0,0,25.176,3.2648429604203364,0,0,1,0,1,0,0,0,0,0,1
17.52,1,1,4,2023,3,16,3,1,0,0,17.52,2.918851229218033,0,0,1,0,1,0,0,0,0,1,0
3329.4339999999997,7,2,4,2023,9,17,6,3,1,0,475.6334285714285,8.11085790481256,1,0,0,0,1,0,0,0,0,0,1
263.96,1,1,4,2023,11,8,2,4,0,1,263.96,5.579578871196895,1,0,0,1,0,0,0,0,0,0,1
149.2,2,1,2,2023,5,25,3,2,0,0,74.6,5.011967739330034,0,0,1,1,0,0,0,0,0,1,0
15.56,1,1,6,2023,11,12,6,4,1,1,15.56,2.8069901489571136,1,0,0,0,1,0,0,0,0,0,1
479.952,1,1,4,2023,2,9,3,1,0,0,479.952,6.175767473026406,1,0,0,1,0,0,0,0,0,1,0
458.072,3,2,2,2023,7,3,0,3,0,0,152.69066666666666,6.129207060503969,0,1,0,0,1,0,0,1,0,0,0
748.752,1,1,6,2023,11,27,0,4,0,1,748.752,6.619742485181413,0,0,1,0,1,0,0,0,0,0,1
329.96,2,1,6,2023,4,19,2,2,0,0,164.98,5.801997522153156,1,0,0,1,0,0,0,0,0,0,1
711.784,3,2,6,2023,8,10,3,3,0,0,237.26133333333334,6.5691784292155555,1,0,0,0,0,0,1,0,0,0,1
149.96,2,2,4,2023,8,11,4,3,0,0,74.98,5.0170149010602945,0,0,1,0,1,0,0,0,0,0,1
378.138,3,3,4,2023,11,13,0,4,0,1,126.04599999999999,5.937900254903235,1,0,0,0,0,0,1,0,0,0,1
139.544,4,3,3,2023,10,3,1,4,0,0,34.886,4.945520607006956,1,0,0,0,1,0,0,0,0,1,0
1018.104,1,1,5,2023,1,10,1,1,0,0,1018.104,6.926679088858836,1,0,0,0,1,0,0,0,0,0,1
32.04,1,1,4,2023,11,20,0,4,0,1,32.04,3.497718948652777,1,0,0,0,0,0,1,0,0,0,1
16.712,2,2,6,2023,7,5,2,3,0,0,8.356,2.874242375966281,0,1,0,0,0,1,0,0,0,0,1
365.496,3,2,2,2023,11,21,1,4,0,1,121.832,5.9039876072153055,0,1,0,0,0,0,1,0,0,1,0
71.976,1,1,7,2023,4,2,6,2,1,0,71.976,4.290130619969345,1,0,0,0,0,0,1,0,0,0,1
796.3240000000001,4,3,6,2023,11,28,1,4,0,1,199.08100000000002,6.681261120648282,0,1,0,1,0,0,0,0,0,0,1
2.025,1,1,1,2023,7,19,2,3,0,0,2.025,1.1069110914828046,1,0,0,0,0,0,1,1,0,0,0
255.99,2,2,4,2023,10,20,4,4,0,0,127.995,5.54903717363235,0,1,0,0,0,0,1,0,0,0,1
3384.518,5,3,7,2023,5,8,0,2,0,0,676.9036,8.127262201703768,1,0,0,0,1,0,0,0,0,0,1
2.412,1,1,6,2023,9,13,2,3,0,0,2.412,1.2272986296294326,1,0,0,0,1,0,0,0,0,0,1
6.848,1,1,3,2023,9,24,6,3,1,0,6.848,2.060258722263062,0,1,0,0,1,0,0,0,0,1,0
1116.48,2,2,2,2023,9,26,1,3,0,0,558.24,7.0188314292358465,1,0,0,1,0,0,0,0,0,1,0
1685.4560000000001,3,3,4,2023,3,22,2,1,0,0,561.8186666666667,7.430384564626828,0,1,0,0,0,0,1,0,0,0,1
544.41,9,3,4,2023,4,18,1,2,0,0,60.489999999999995,6.301537805410251,0,1,0,1,0,0,0,0,0,1,0
47.968,2,1,4,2023,6,1,3,2,0,0,23.984,3.891167023548769,0,1,0,1,0,0,0,0,0,0,1
12.672,1,1,5,2023,12,27,2,4,0,1,12.672,2.6153499458132896,0,0,1,1,0,0,0,0,0,0,1
3184.356,2,2,3,2023,6,16,4,2,0,0,1592.178,8.066319335700367,1,0,0,0,1,0,0,1,0,0,0
213.115,1,1,5,2023,4,30,6,2,1,0,213.115,5.36651325386079,0,0,1,1,0,0,0,0,0,0,1
346.158,2,2,4,2023,8,16,2,3,0,0,173.079,5.849780007727072,1,0,0,0,1,0,0,0,0,0,1
821.94,1,1,3,2023,9,24,6,3,1,0,821.94,6.712883294009723,0,0,1,1,0,0,0,1,0,0,0
13.12,1,1,4,2023,11,25,5,4,1,1,13.12,2.647592232065096,1,0,0,0,0,1,0,0,0,0,1
481.69800000000004,4,1,4,2023,10,31,1,4,0,0,120.42450000000001,6.179391199297599,0,1,0,0,0,0,1,0,0,1,0
155.88,1,1,2,2023,7,30,6,3,1,0,155.88,5.055481181888091,0,0,1,1,0,0,0,1,0,0,0
27.168,1,1,4,2023,11,22,2,4,0,1,27.168,3.338186581852751,0,0,1,1,0,0,0,0,0,0,1
610.3069999999999,2,2,2,2023,5,24,2,2,0,0,305.15349999999995,6.41559928797517,1,0,0,1,0,0,0,0,0,1,0
160.272,3,2,3,2023,11,20,0,4,0,1,53.424,5.0830923804781225,1,0,0,0,0,0,1,0,0,1,0
680.78,2,2,3,2023,7,16,6,3,1,0,340.39,6.524707025157973,0,1,0,0,1,0,0,1,0,0,0
22.368,1,1,4,2023,12,12,1,4,0,1,22.368,3.15136756508544,1,0,0,1,0,0,0,0,0,0,1
1061.328,3,2,4,2023,4,13,3,2,0,0,353.776,6.968218005341268,1,0,0,1,0,0,0,0,0,0,1
129.64,3,2,6,2023,12,10,6,4,1,1,43.21333333333333,4.8724454486622095,1,0,0,0,0,1,0,0,0,0,1
20.768,1,1,6,2023,5,21,6,2,1,0,20.768,3.080441001480945,1,0,0,1,0,0,0,0,0,0,1
459.4335,2,2,5,2023,11,27,0,4,0,1,229.71675,6.132168437015586,1,0,0,0,0,1,0,0,0,0,1
8.26,1,1,2,2024,8,26,0,3,0,0,8.26,2.225704048658088,0,1,0,0,0,0,1,0,0,1,0
4.788,1,1,4,2024,12,16,0,4,0,1,4.788,1.7557868087692374,1,0,0,1,0,0,0,0,0,1,0
1671.93,2,2,4,2024,1,8,0,1,0,0,835.965,7.422331859107281,0,1,0,1,0,0,0,0,0,0,1
83.952,1,1,6,2024,9,3,1,3,0,0,83.952,4.442086391101545,0,0,1,1,0,0,0,0,0,0,1
644.198,3,2,5,2024,7,16,1,3,0,0,214.73266666666666,6.469557246432238,1,0,0,0,1,0,0,0,0,0,1
752.4100000000001,2,1,4,2024,10,13,6,4,1,0,376.20500000000004,6.62460956833152,0,1,0,0,0,0,1,0,0,0,1
82.368,1,1,5,2024,5,12,6,2,1,0,82.368,4.423264542690126,0,1,0,0,1,0,0,0,0,0,1
18.97,1,1,2,2024,9,29,6,3,1,0,18.97,2.994231147427724,1,0,0,0,0,0,1,0,0,1,0
87.28,1,1,3,2024,9,3,1,3,0,0,87.28,4.480513581388536,0,1,0,0,0,1,0,1,0,0,0
146.688,1,1,5,2024,8,26,0,3,0,0,146.688,4.995101940468269,0,1,0,0,1,0,0,0,0,0,1
197.05,1,1,6,2024,8,5,0,3,0,0,197.05,5.288519524067926,0,1,0,0,0,1,0,0,0,0,1
1691.6080000000002,2,2,1,2024,5,5,6,2,1,0,845.8040000000001,7.434025813681175,0,1,0,0,0,0,1,1,0,0,0
195.976,3,1,5,2024,4,21,6,2,1,0,65.32533333333333,5.283081893905259,0,1,0,1,0,0,0,0,0,0,1
3.68,1,1,3,2024,12,16,0,4,0,1,3.68,1.5432981099295553,0,1,0,0,1,0,0,1,0,0,0
198.744,1,1,4,2024,9,3,1,3,0,0,198.744,5.2970365466483145,1,0,0,1,0,0,0,0,0,0,1
327.42,2,1,4,2024,7,28,6,3,1,0,163.71,5.794293277063692,0,0,1,1,0,0,0,0,0,0,1
874.308,5,2,5,2024,5,30,3,2,0,0,174.8616,6.774575824420149,0,1,0,0,0,0,1,0,0,0,1
156.512,1,1,2,2024,12,31,1,4,0,1,156.512,5.059501645839531,1,0,0,0,1,0,0,1,0,0,0
19.44,1,1,4,2024,8,22,3,3,0,0,19.44,3.017493765335504,0,1,0,0,0,0,1,0,0,0,1
354.9,1,1,3,2024,4,8,0,2,0,0,354.9,5.874649792516147,1,0,0,0,0,1,0,1,0,0,0
23.988,1,1,5,2024,11,5,1,4,0,1,23.988,3.2183957096313236,0,1,0,0,1,0,0,0,0,0,1
9135.19,3,3,4,2024,4,16,1,2,0,0,3045.0633333333335,9.119998728527175,0,1,0,0,1,0,0,0,0,0,1
177.0,1,1,4,2024,10,14,0,4,0,0,177.0,5.181783550292085,0,1,0,0,0,0,1,0,0,0,1
100.25,3,1,6,2024,12,2,0,4,0,1,33.416666666666664,4.617592705986649,1,0,0,0,0,0,1,0,0,0,1
599.165,1,1,0,2024,6,14,4,2,0,0,599.165,6.397204617410577,0,0,1,0,0,0,1,0,1,0,0
2075.51,11,3,0,2024,2,5,0,1,0,0,188.6827272727273,7.638443878855023,0,0,1,0,0,1,0,0,1,0,0
334.2,3,2,5,2024,3,13,2,1,0,0,111.39999999999999,5.814727368607928,0,0,1,0,0,1,0,0,0,0,1
402.645,2,2,0,2024,12,12,3,4,0,1,201.3225,6.000535778795396,0,1,0,0,1,0,0,0,1,0,0
431.976,1,1,5,2024,9,26,3,3,0,0,431.976,6.070682299214611,0,0,1,0,0,1,0,0,0,0,1
296.668,8,3,5,2024,11,19,1,4,0,1,37.0835,5.695978771481672,1,0,0,1,0,0,0,0,0,0,1
956.6648,1,1,6,2024,9,27,4,3,0,0,956.6648,6.864497821127241,0,1,0,1,0,0,0,0,0,0,1
1137.4,4,2,4,2024,7,22,0,3,0,0,284.35,7.0373790467756425,1,0,0,1,0,0,0,0,0,0,1
487.704,2,1,0,2024,12,30,0,4,0,1,243.852,6.191756989223173,0,0,1,0,0,0,1,0,1,0,0
77.488,2,1,4,2024,11,4,0,4,0,1,38.744,4.362945746861089,1,0,0,1,0,0,0,0,0,0,1
121.83,2,1,4,2024,2,9,4,1,0,0,60.915,4.810801285551003,0,1,0,0,0,0,1,0,0,0,1
9.84,1,1,1,2024,11,14,3,4,0,1,9.84,2.3832429960115,1,0,0,0,0,0,1,1,0,0,0
176.784,1,1,6,2024,3,10,6,1,1,0,176.784,5.180569330279168,1,0,0,0,1,0,0,0,0,0,1
83.976,1,1,4,2024,3,15,4,1,0,0,83.976,4.442368863680043,0,0,1,0,1,0,0,0,0,0,1
645.136,3,2,3,2024,8,9,4,3,0,0,215.04533333333333,6.471010007940836,1,0,0,0,0,1,0,1,0,0,0
2294.9,2,2,6,2024,11,13,2,4,0,1,1147.45,7.738880202483985,0,0,1,0,1,0,0,0,0,0,1
203.108,4,2,5,2024,12,2,0,4,0,1,50.777,5.318649265519955,0,1,0,0,0,0,1,0,0,0,1
2550.587,9,3,2,2024,3,13,2,1,0,0,283.39855555555556,7.844470797512369,0,1,0,0,1,0,0,0,0,1,0
188.7,2,2,6,2024,9,8,6,3,1,0,94.35,5.245443876940969,0,0,1,0,1,0,0,0,0,0,1
39.808,1,1,4,2024,11,27,2,4,0,1,39.808,3.7088781406206253,1,0,0,0,0,0,1,0,0,0,1
195.136,1,1,5,2024,11,21,3,4,0,1,195.136,5.278808296159811,1,0,0,0,0,0,1,0,0,0,1
8.904,1,1,2,2024,4,10,2,2,0,0,8.904,2.29293871594224,0,1,0,0,1,0,0,1,0,0,0
19.44,1,1,1,2024,12,6,4,4,0,1,19.44,3.017493765335504,0,1,0,0,0,0,1,1,0,0,0
18.192,2,1,5,2024,9,19,3,3,0,0,9.096,2.9544935255373934,0,0,1,0,0,0,1,0,0,1,0
615.606,2,1,6,2024,9,8,6,3,1,0,307.803,6.424230246186412,1,0,0,1,0,0,0,0,0,0,1
156.516,6,2,5,2024,4,19,4,2,0,0,26.086,5.059527040407635,1,0,0,0,0,0,1,0,0,1,0
28.85,1,1,0,2024,10,6,6,4,1,0,28.85,3.396184839838611,1,0,0,1,0,0,0,0,1,0,0
376.64,3,1,5,2024,1,3,2,1,0,0,125.54666666666667,5.933941360864316,0,1,0,1,0,0,0,0,0,0,1
39.92,1,1,2,2024,10,22,1,4,0,0,39.92,3.711618941083426,1,0,0,0,0,1,0,1,0,0,0
14.76,1,1,7,2024,12,15,6,4,1,1,14.76,2.757475084429733,1,0,0,0,0,0,1,0,0,0,1
2875.544,3,2,3,2024,12,25,2,4,0,1,958.5146666666666,7.964344852553473,0,1,0,0,0,0,1,1,0,0,0
63.922,4,2,3,2024,5,17,4,2,0,0,15.9805,4.1731865493191185,1,0,0,1,0,0,0,1,0,0,0
67.136,1,1,4,2024,10,27,6,4,1,0,67.136,4.22150570783878,0,0,1,0,0,0,1,0,0,0,1
36.370000000000005,2,2,6,2024,11,14,3,4,0,1,18.185000000000002,3.6208682434973927,1,0,0,0,1,0,0,0,0,0,1
79.74000000000001,4,2,6,2024,8,23,4,3,0,0,19.935000000000002,4.391234115424795,0,0,1,1,0,0,0,0,0,0,1
66.17,2,1,4,2024,9,10,1,3,0,0,33.085,4.207226719278773,0,0,1,0,1,0,0,0,0,1,0
93.06,3,1,4,2024,6,2,6,2,1,0,31.02,4.543932876516902,0,1,0,0,0,0,1,0,0,0,1
19.98,1,1,4,2024,3,12,1,1,0,0,19.98,3.043569602968151,1,0,0,0,0,0,1,0,0,0,1
59.98,1,1,3,2024,11,25,0,4,0,1,59.98,4.110545941560109,1,0,0,0,0,1,0,1,0,0,0
22.608,1,1,5,2024,4,30,1,2,0,0,22.608,3.161585637640638,0,0,1,1,0,0,0,0,0,0,1
189.882,1,1,3,2024,3,18,0,1,0,0,189.882,5.251655436081806,1,0,0,0,0,1,0,0,0,1,0
1678.0,2,2,5,2024,9,5,3,3,0,0,839.0,7.425953657077541,1,0,0,0,0,1,0,0,0,0,1
39.992,1,1,4,2024,3,10,6,1,1,0,39.992,3.7133769257143237,1,0,0,0,1,0,0,0,0,0,1
393.165,1,1,5,2024,9,25,2,3,0,0,393.165,5.976769603359229,1,0,0,0,0,0,1,0,0,0,1
141.21,2,1,6,2024,8,15,3,3,0,0,70.605,4.957304838384605,1,0,0,0,0,0,1,0,0,0,1
128.67,2,2,4,2024,5,12,6,2,1,0,64.335,4.864992761560793,1,0,0,0,0,0,1,0,0,0,1
895.06,4,2,6,2024,4,15,0,2,0,0,223.765,6.798007375018637,0,0,1,0,0,1,0,0,0,0,1
773.59,4,3,5,2024,9,25,2,3,0,0,193.3975,6.652333857108344,0,1,0,1,0,0,0,0,0,0,1
319.98400000000004,2,1,4,2024,11,6,2,4,0,1,159.99200000000002,5.771391277650991,0,0,1,0,0,0,1,0,0,1,0
136.43,3,2,0,2024,7,1,0,3,0,0,45.47666666666667,4.923114696566761,0,0,1,0,1,0,0,0,1,0,0
3339.1220000000003,7,3,7,2024,8,21,2,3,0,0,477.01742857142864,8.113762612249761,0,1,0,0,0,0,1,0,0,0,1
51.712,1,1,6,2024,10,8,1,4,0,0,51.712,3.964843133611519,0,1,0,1,0,0,0,0,0,0,1
494.982,1,1,5,2024,11,26,1,4,0,1,494.982,6.206539635743837,1,0,0,0,1,0,0,0,0,0,1
651.363,2,2,6,2024,12,15,6,4,1,1,325.6815,6.480601155465984,0,0,1,0,0,0,1,0,0,0,1
282.95,2,1,5,2024,8,26,0,3,0,0,141.475,5.6487981663234414,0,1,0,0,1,0,0,0,0,0,1
448.418,3,2,7,2024,11,20,2,4,0,1,149.47266666666667,6.107953412353652,0,1,0,1,0,0,0,0,0,0,1
3.98,1,1,1,2024,8,4,6,3,1,0,3.98,1.6054298910365616,1,0,0,1,0,0,0,1,0,0,0
64.784,1,1,3,2024,6,2,6,2,1,0,64.784,4.186376647668594,0,1,0,0,1,0,0,1,0,0,0
70.064,2,1,5,2024,9,15,6,3,1,0,35.032,4.2635808794673995,1,0,0,0,0,0,1,0,0,0,1
244.006,1,1,4,2024,3,11,0,1,0,0,244.006,5.501282700040775,1,0,0,0,1,0,0,0,0,0,1
351.968,2,2,2,2024,10,9,2,4,0,0,175.984,5.8663774012661225,0,1,0,0,1,0,0,0,0,1,0
537.616,2,2,4,2024,9,23,0,3,0,0,268.808,6.289002886583127,0,1,0,0,1,0,0,0,0,0,1
20.16,1,1,4,2024,12,27,4,4,0,1,20.16,3.052112606990099,0,0,1,0,0,0,1,0,0,0,1
43.964,3,2,4,2024,12,9,0,4,0,1,14.654666666666666,3.8058621695995507,0,1,0,1,0,0,0,0,0,1,0
492.28000000000003,2,1,4,2024,7,10,2,3,0,0,246.14000000000001,6.20107696413784,1,0,0,1,0,0,0,0,0,0,1
2007.9048,5,3,4,2024,11,5,1,4,0,1,401.58096,7.605344976932565,1,0,0,1,0,0,0,0,0,0,1
58.416,1,1,2,2024,11,29,4,4,0,1,58.416,4.084563550366996,0,1,0,1,0,0,0,0,0,1,0
2.214,1,1,2,2024,7,29,0,3,0,0,2.214,1.1675162673153208,1,0,0,0,0,1,0,1,0,0,0
11.744,1,1,3,2024,10,29,1,4,0,0,11.744,2.5450605726077473,1,0,0,0,0,0,1,0,0,1,0
41.528,2,1,4,2024,4,15,0,2,0,0,20.764,3.750162682530835,0,1,0,1,0,0,0,0,0,0,1
60.44,5,2,5,2024,11,22,4,4,0,1,12.088,4.118061088839417,1,0,0,1,0,0,0,0,0,0,1
6.672,1,1,6,2024,12,11,2,4,0,1,6.672,2.037577337581137,1,0,0,0,0,1,0,0,0,0,1
29.05,1,1,4,2024,4,17,2,2,0,0,29.05,3.4028626609812167,0,0,1,1,0,0,0,0,0,0,1
544.99,3,2,7,2024,3,21,3,1,0,0,181.66333333333333,6.302600660558868,1,0,0,1,0,0,0,0,0,0,1
12.96,1,1,6,2024,9,16,0,3,0,0,12.96,2.6361960973342264,0,0,1,0,0,0,1,0,0,0,1
155.372,1,1,7,2024,9,24,1,3,0,0,155.372,5.052237783950769,1,0,0,0,1,0,0,0,0,0,1
99.136,1,1,3,2024,9,28,5,3,1,0,99.136,4.606529262025722,0,1,0,1,0,0,0,1,0,0,0
36.192,1,1,0,2024,11,30,5,4,1,1,36.192,3.6160936843882836,1,0,0,0,0,1,0,0,1,0,0
132.168,2,1,4,2024,6,5,2,2,0,0,66.084,4.891611489003739,0,0,1,0,1,0,0,0,0,0,1
62.752,2,1,2,2024,12,29,6,4,1,1,31.376,4.155000556095447,0,0,1,0,0,1,0,0,0,1,0
663.952,3,2,2,2024,12,11,2,4,0,1,221.31733333333332,6.499714857599592,1,0,0,0,0,0,1,0,0,1,0
530.272,3,2,6,2024,1,22,0,1,0,0,176.75733333333335,6.275274131145889,1,0,0,0,0,1,0,0,0,0,1
31.104,1,1,2,2024,11,10,6,4,1,1,31.104,3.4689806329646156,1,0,0,0,1,0,0,1,0,0,0
187.228,3,2,5,2024,1,8,0,1,0,0,62.409333333333336,5.237653993980802,1,0,0,0,0,1,0,0,0,0,1
21.072,1,1,5,2024,3,7,3,1,0,0,21.072,3.094309836914985,0,1,0,1,0,0,0,0,0,0,1
1319.96,1,1,3,2024,11,18,0,4,0,1,1319.96,7.186114023973034,0,1,0,0,0,1,0,0,0,1,0
656.4,7,3,5,2024,7,17,2,3,0,0,93.77142857142857,6.488292661230119,1,0,0,0,0,0,1,0,0,1,0
471.07800000000003,3,1,4,2024,2,21,2,1,0,0,157.026,6.157144226169867,0,0,1,0,0,1,0,0,0,0,1
14.96,1,1,2,2024,11,7,3,4,0,1,14.96,2.7700855920216627,1,0,0,0,1,0,0,1,0,0,0
121.436,2,1,2,2024,5,21,1,2,0,0,60.718,4.807588444481168,1,0,0,0,0,0,1,1,0,0,0
177.48,1,1,6,2024,6,9,6,2,1,0,177.48,5.184476550124277,1,0,0,0,0,0,1,0,0,0,1
5549.41,3,2,4,2024,10,4,4,4,0,0,1849.8033333333333,8.621627077885814,0,0,1,0,1,0,0,0,0,0,1
221.044,2,1,5,2024,3,8,4,1,0,0,110.522,5.402875560431809,0,1,0,1,0,0,0,0,0,0,1
56.45,1,1,2,2024,2,1,3,1,0,0,56.45,4.050915004294764,0,1,0,0,0,1,0,1,0,0,0
244.3,2,1,6,2024,8,13,1,3,0,0,122.15,5.502481951264444,1,0,0,1,0,0,0,0,0,0,1
1269.8700000000001,5,3,2,2024,8,30,4,3,0,0,253.97400000000002,7.14745698429035,1,0,0,0,1,0,0,1,0,0,0
98.328,1,1,1,2024,8,22,3,3,0,0,98.328,4.598427505120699,0,0,1,0,0,0,1,1,0,0,0
32.064,1,1,4,2024,10,31,3,4,0,0,32.064,3.498445077209431,1,0,0,0,0,1,0,0,0,1,0
835.17,1,1,7,2024,6,23,6,2,1,0,835.17,6.728831941694335,1,0,0,0,1,0,0,0,0,0,1
492.84999999999997,3,2,4,2024,2,22,3,1,0,0,164.28333333333333,6.202231827354137,1,0,0,0,0,0,1,0,0,0,1
1424.9,1,1,0,2024,12,10,1,4,0,1,1424.9,7.262558472288074,1,0,0,1,0,0,0,0,1,0,0
6125.822,4,3,4,2024,3,1,4,1,0,0,1531.4555,8.720431460565436,1,0,0,0,1,0,0,0,0,0,1
1013.7919999999999,5,1,4,2024,5,9,3,2,0,0,202.7584,6.922438944367289,0,1,0,1,0,0,0,0,0,0,1
124.056,2,2,5,2024,8,28,2,3,0,0,62.028,4.828761636980262,1,0,0,0,0,0,1,0,0,0,1
89.97,1,1,4,2024,11,14,3,4,0,1,89.97,4.51052978183397,1,0,0,0,1,0,0,0,0,0,1
17.616,1,1,7,2024,10,28,0,4,0,0,17.616,2.9240214259999906,0,1,0,0,0,1,0,0,0,0,1
37.312,1,1,2,2024,8,12,0,3,0,0,37.312,3.645763163040308,0,0,1,0,1,0,0,0,0,1,0
279.944,1,1,4,2024,11,10,6,4,1,1,279.944,5.638155361216975,1,0,0,1,0,0,0,0,0,0,1
815.292,1,1,2,2024,8,21,2,3,0,0,815.292,6.704772134090777,0,0,1,0,1,0,0,0,0,1,0
612.14,3,1,5,2024,5,15,2,2,0,0,204.04666666666665,6.4185932948521724,0,0,1,0,0,1,0,0,0,0,1
114.84,4,1,5,2024,8,27,1,3,0,0,28.71,4.752209928637407,1,0,0,1,0,0,0,0,0,0,1
424.9575,1,1,5,2024,9,26,3,3,0,0,424.9575,6.05433957603427,0,1,0,0,0,0,1,0,0,0,1
54.48,1,1,2,2024,5,6,0,2,0,0,54.48,4.016022595446631,0,0,1,1,0,0,0,0,0,1,0
63.2,1,1,0,2024,9,24,1,3,0,0,63.2,4.162003210695915,0,1,0,0,0,0,1,0,1,0,0
430.94,4,2,5,2024,9,3,1,3,0,0,107.735,6.068286689709266,1,0,0,0,1,0,0,0,0,1,0
16.72,1,1,4,2024,5,5,6,2,1,0,16.72,2.8746939451769347,1,0,0,0,0,1,0,0,0,0,1
347.802,1,1,6,2024,9,5,3,3,0,0,347.802,5.85450442596334,0,1,0,1,0,0,0,0,0,0,1
4.312,1,1,4,2024,8,22,3,3,0,0,4.312,1.6699684121741327,1,0,0,1,0,0,0,0,0,0,1
85.224,1,1,0,2024,12,11,2,4,0,1,85.224,4.456948561191141,1,0,0,0,0,1,0,0,1,0,0
191.018,7,3,5,2024,5,14,1,2,0,0,27.288285714285713,5.2575891176335245,0,1,0,0,0,1,0,0,0,0,1
12.32,1,1,6,2024,9,17,1,3,0,0,12.32,2.589266665112243,0,0,1,0,0,0,1,0,0,0,1
15.624,1,1,5,2024,9,26,3,3,0,0,15.624,2.8108474343568717,1,0,0,1,0,0,0,0,0,0,1
16.74,1,1,4,2024,12,1,6,4,1,1,16.74,2.8758219768814333,1,0,0,0,0,0,1,0,0,0,1
1294.75,1,1,4,2024,4,6,5,2,1,0,1294.75,7.166844957069816,0,0,1,0,1,0,0,0,0,0,1
108.42,3,2,4,2024,4,25,3,2,0,0,36.14,4.69519368863568,1,0,0,0,1,0,0,0,0,1,0
24.703,2,1,4,2024,10,10,3,4,0,0,12.3515,3.2466077166060905,0,1,0,0,0,1,0,0,0,0,1
29.97,2,1,4,2024,5,17,4,2,0,0,14.985,3.4330189939851112,0,1,0,0,0,1,0,0,0,0,1
1165.328,5,2,3,2024,12,3,1,4,0,1,233.0656,7.061615630954056,1,0,0,0,1,0,0,1,0,0,0
73.536,1,1,3,2024,12,11,2,4,0,1,73.536,4.311282230148124,0,1,0,0,1,0,0,1,0,0,0
312.76599999999996,2,1,2,2024,3,31,6,1,1,0,156.38299999999998,5.748647485161677,1,0,0,0,1,0,0,0,0,1,0
159.984,1,1,7,2024,3,1,4,1,0,0,159.984,5.081304981164068,0,1,0,0,0,0,1,0,0,0,1
714.498,3,2,4,2024,6,25,1,2,0,0,238.16600000000003,6.572978803744521,0,1,0,0,1,0,0,0,0,0,1
93.456,1,1,6,2024,9,5,3,3,0,0,93.456,4.548134117604809,1,0,0,1,0,0,0,0,0,0,1
206.64,2,1,5,2024,9,17,1,3,0,0,103.32,5.3358058109590285,1,0,0,0,1,0,0,0,0,0,1
21.4,1,1,4,2024,5,19,6,2,1,0,21.4,3.109060958860994,0,1,0,1,0,0,0,0,0,0,1
33.9,1,1,4,2024,12,26,3,4,0,1,33.9,3.5524868292083815,1,0,0,0,0,0,1,0,0,0,1
368.432,4,2,3,2024,11,6,2,4,0,1,92.108,5.911966690975883,0,1,0,0,0,1,0,1,0,0,0
25.83,1,1,4,2024,6,23,6,2,1,0,25.83,3.2895206644375325,1,0,0,0,1,0,0,0,0,1,0
21.88,1,1,5,2024,3,14,3,1,0,0,21.88,3.130263166511597,1,0,0,0,1,0,0,0,0,0,1
505.368,3,1,5,2024,12,2,0,4,0,1,168.456,6.2272636776800825,1,0,0,0,1,0,0,0,0,0,1
502.221,3,2,4,2024,3,6,2,1,0,0,167.407,6.221029437424817,0,0,1,0,1,0,0,0,0,0,1
26.336,1,1,7,2024,1,22,0,1,0,0,26.336,3.308204514812991,1,0,0,0,1,0,0,0,0,0,1
13.28,1,1,6,2024,9,22,6,3,1,0,13.28,2.658859956911438,0,0,1,0,0,1,0,0,0,0,1
1215.72,4,2,0,2024,12,1,6,4,1,1,303.93,7.103913992564113,0,0,1,0,0,0,1,0,1,0,0
121.95,2,1,6,2024,6,6,3,2,0,0,60.975,4.811777768662202,0,0,1,0,0,0,1,0,0,0,1
703.68,2,2,0,2024,9,19,3,3,0,0,351.84,6.557743799058939,0,0,1,1,0,0,0,0,1,0,0
89.32000000000001,2,2,0,2024,8,13,1,3,0,0,44.660000000000004,4.503358919841407,1,0,0,0,0,1,0,0,1,0,0
132.709,4,2,4,2024,3,20,2,1,0,0,33.17725,4.895665796726421,1,0,0,0,0,0,1,0,0,0,1
15.712,1,1,4,2024,8,17,5,3,1,0,15.712,2.8161270242542646,1,0,0,0,0,0,1,0,0,0,1
801.5500000000001,4,2,1,2024,10,6,6,4,1,0,200.38750000000002,6.687794158359226,0,0,1,0,0,0,1,1,0,0,0
33.9,1,1,3,2024,12,20,4,4,0,1,33.9,3.5524868292083815,1,0,0,1,0,0,0,0,0,1,0
756.486,2,2,5,2024,9,26,3,3,0,0,378.243,6.630005055364548,1,0,0,1,0,0,0,0,0,0,1
78.759,1,1,2,2024,11,26,1,4,0,1,78.759,4.379009587962148,1,0,0,0,1,0,0,0,0,1,0
3.744,1,1,3,2024,11,26,1,4,0,1,3.744,1.5568806616954243,0,0,1,0,0,1,0,1,0,0,0
2.496,1,1,1,2024,7,1,0,3,0,0,2.496,1.251619457793289,0,0,1,0,0,0,1,1,0,0,0
13.616,1,1,3,2024,6,26,2,2,0,0,13.616,2.6821168190757056,0,0,1,1,0,0,0,0,0,1,0
32.04,1,1,5,2024,5,9,3,2,0,0,32.04,3.497718948652777,0,1,0,0,0,0,1,0,0,0,1
79.12,1,1,5,2024,4,17,2,2,0,0,79.12,4.383525510797617,0,1,0,0,0,1,0,0,0,0,1
307.92,1,1,4,2024,10,18,4,4,0,0,307.92,5.733082343701064,1,0,0,0,0,0,1,0,0,0,1
12.99,1,1,6,2024,4,1,0,2,0,0,12.99,2.63834278867739,0,1,0,1,0,0,0,0,0,0,1
1416.304,3,3,7,2024,8,23,4,3,0,0,472.10133333333334,7.256511754436569,0,0,1,1,0,0,0,0,0,0,1
624.576,2,2,6,2024,4,19,4,2,0,0,312.288,6.43867282532386,0,0,1,0,1,0,0,0,0,0,1
413.008,2,1,5,2024,12,3,1,4,0,1,206.504,6.025885297310112,1,0,0,0,1,0,0,0,0,0,1
82.92,2,2,5,2024,12,9,0,4,0,1,41.46,4.4298639640880415,0,1,0,0,0,1,0,0,0,1,0
61.96,1,1,0,2024,10,8,1,4,0,0,61.96,4.1424996041091475,1,0,0,0,0,0,1,0,1,0,0
3.136,1,1,4,2024,11,13,2,4,0,1,3.136,1.419729137206128,0,0,1,1,0,0,0,0,0,0,1
187.61599999999999,2,2,1,2024,3,26,1,1,0,0,93.80799999999999,5.239713202231983,1,0,0,0,0,1,0,1,0,0,0
845.488,1,1,4,2024,12,27,4,4,0,1,845.488,6.741096025453808,0,1,0,1,0,0,0,0,0,0,1
407.072,2,1,7,2024,2,15,3,1,0,0,203.536,6.011443629423295,1,0,0,0,1,0,0,0,0,0,1
11.232,1,1,4,2024,12,29,6,4,1,1,11.232,2.504055468626761,1,0,0,0,0,0,1,0,0,0,1
76.864,1,1,3,2024,6,18,1,2,0,0,76.864,4.3549637151241924,1,0,0,1,0,0,0,1,0,0,0
47.97,1,1,4,2024,8,26,0,3,0,0,47.97,3.891207865714226,0,0,1,1,0,0,0,0,0,0,1
2904.572,3,2,6,2024,11,24,6,4,1,1,968.1906666666667,7.974385551796666,0,1,0,0,0,0,1,0,0,0,1
403.168,1,1,4,2024,3,24,6,1,1,0,403.168,6.00183063310716,0,1,0,0,0,0,1,0,0,0,1
2678.94,1,1,6,2024,11,11,0,4,0,1,2678.94,7.893549685194585,0,1,0,1,0,0,0,0,0,0,1
12.84,1,1,7,2024,4,16,1,2,0,0,12.84,2.6275629501895237,1,0,0,0,0,1,0,0,0,0,1
959.968,1,1,5,2024,1,4,3,1,0,0,959.968,6.867941109768638,0,1,0,0,0,1,0,0,0,0,1
134.272,1,1,5,2024,11,22,4,4,0,1,134.272,4.907287566236128,0,0,1,0,1,0,0,0,0,0,1
196.33,3,1,5,2024,11,5,1,4,0,1,65.44333333333334,5.284877454181334,0,0,1,1,0,0,0,0,0,0,1
1672.31,3,2,4,2024,1,23,1,1,0,0,557.4366666666666,7.422558979697336,0,1,0,0,1,0,0,0,0,0,1
71.096,2,1,6,2024,12,31,1,4,0,1,35.548,4.277998564249834,1,0,0,0,0,1,0,0,0,0,1
483.748,2,1,2,2024,1,30,1,1,0,0,241.874,6.183629168276189,1,0,0,0,0,0,1,0,0,1,0
1167.056,2,1,2,2024,1,21,6,1,1,0,583.528,7.063096107444317,1,0,0,0,0,0,1,0,0,1,0
678.87,7,2,1,2024,6,6,3,2,0,0,96.98142857142857,6.5219016034230135,1,0,0,0,0,1,0,1,0,0,0
335.8,2,2,5,2024,7,15,0,3,0,0,167.9,5.819489282368171,0,1,0,0,0,0,1,0,0,0,1
405.3,3,3,5,2024,2,21,2,1,0,0,135.1,6.007091802993681,0,1,0,0,1,0,0,0,0,0,1
823.6099999999999,3,2,4,2024,12,24,1,4,0,1,274.53666666666663,6.71491054729119,0,0,1,0,0,1,0,0,0,1,0
1169.454,7,2,6,2024,12,6,4,4,0,1,167.06485714285714,7.065146986714041,1,0,0,0,0,0,1,0,0,0,1
299.07,2,2,6,2024,12,12,3,4,0,1,149.535,5.704015780771546,1,0,0,0,0,1,0,0,0,0,1
889.29,3,2,5,2025,5,19,0,2,0,0,296.43,6.791547252347613,0,1,0,0,1,0,0,0,0,0,1
1.08,1,1,6,2025,7,9,2,3,0,0,1.08,0.7323678937132266,1,0,0,0,0,0,1,0,0,0,1
102.72,1,1,4,2025,8,19,1,3,0,0,102.72,4.641694960670463,1,0,0,0,0,0,1,0,0,0,1
43.888000000000005,2,2,4,2025,4,11,4,2,0,0,21.944000000000003,3.804170498448671,1,0,0,0,1,0,0,0,0,0,1
1735.8505,5,3,5,2025,4,7,0,2,0,0,347.1701,7.4598286946038295,0,0,1,0,0,1,0,0,0,0,1
40.776,1,1,5,2025,11,3,0,4,0,1,40.776,3.7323220119567733,1,0,0,0,1,0,0,0,0,0,1
712.966,3,2,2,2025,3,16,6,1,1,0,237.65533333333335,6.5708353421581425,0,0,1,0,0,0,1,0,0,1,0
63.312,1,1,4,2025,7,23,2,3,0,0,63.312,4.163746239025659,0,1,0,1,0,0,0,0,0,0,1
122.136,1,1,5,2025,7,6,6,3,1,0,122.136,4.813289435603187,1,0,0,0,0,0,1,0,0,0,1
273.7,2,2,6,2025,2,6,3,1,0,0,136.85,5.615679593101228,0,1,0,0,1,0,0,0,0,0,1
4337.639999999999,2,1,7,2025,8,21,3,3,0,0,2168.8199999999997,8.375316213930375,1,0,0,0,1,0,0,0,0,0,1
148.884,3,1,4,2025,6,19,3,2,0,0,49.62799999999999,5.009861661586448,1,0,0,1,0,0,0,0,0,0,1
6.03,1,1,2,2025,12,29,0,4,0,1,6.03,1.9501867058225737,1,0,0,0,1,0,0,1,0,0,0
1044.63,1,1,0,2025,6,30,0,2,0,0,1044.63,6.952374853558705,1,0,0,0,1,0,0,0,1,0,0
239.92,1,1,7,2025,11,13,3,4,0,1,239.92,5.4844649281755204,1,0,0,0,0,1,0,0,0,0,1
27.18,1,1,6,2025,9,22,0,3,0,0,27.18,3.3386125064705343,0,1,0,0,0,0,1,0,0,0,1
236.722,2,2,3,2025,10,5,6,4,1,0,118.361,5.471101923722365,0,0,1,0,1,0,0,0,0,1,0
143.856,1,1,7,2025,12,9,1,4,0,1,143.856,4.975740145518341,1,0,0,1,0,0,0,0,0,0,1
206.67000000000002,4,1,0,2025,8,13,2,3,0,0,51.667500000000004,5.335950281354887,1,0,0,0,0,0,1,0,1,0,0
13.48,1,1,4,2025,9,7,6,3,1,0,13.48,2.6727683869575705,1,0,0,1,0,0,0,0,0,0,1
137.94,1,1,4,2025,1,27,0,1,0,0,137.94,4.934042185264735,1,0,0,0,1,0,0,0,0,0,1
81.08,1,1,4,2025,5,8,3,2,0,0,81.08,4.407694381422459,1,0,0,0,0,0,1,0,0,1,0
147.636,4,2,3,2025,1,15,2,1,0,0,36.909,5.0015003640468105,1,0,0,1,0,0,0,1,0,0,0
28.91,1,1,5,2025,3,19,2,1,0,0,28.91,3.3981928726418564,0,0,1,0,1,0,0,0,0,0,1
408.96000000000004,3,3,6,2025,7,17,3,3,0,0,136.32000000000002,6.016059593963362,0,0,1,0,1,0,0,0,0,0,1
837.796,3,2,5,2025,10,23,3,4,0,0,279.26533333333333,6.73196753029918,1,0,0,1,0,0,0,0,0,1,0
25.696,1,1,2,2025,8,25,0,3,0,0,25.696,3.284513741449073,1,0,0,0,1,0,0,1,0,0,0
3002.6499999999996,2,2,5,2025,1,26,6,1,1,0,1501.3249999999998,8.007583494777812,1,0,0,0,0,1,0,0,0,0,1
1872.934,2,2,2,2025,11,3,0,4,0,1,936.467,7.53579524339482,0,0,1,0,0,0,1,1,0,0,0
337.688,2,2,2,2025,1,14,1,1,0,0,168.844,5.825079329612381,0,1,0,0,0,0,1,1,0,0,0
1065.2160000000001,5,2,0,2025,9,26,4,3,0,0,213.0432,6.971871210841436,0,1,0,0,0,0,1,0,1,0,0
526.344,1,1,5,2025,7,22,1,3,0,0,526.344,6.267853087014966,1,0,0,1,0,0,0,0,0,0,1
12.176,1,1,5,2025,6,8,6,2,1,0,12.176,2.5783969928753394,1,0,0,1,0,0,0,0,0,0,1
169.253,3,2,4,2025,6,9,0,2,0,0,56.41766666666666,5.137285566019745,0,0,1,1,0,0,0,0,0,0,1
44.75,1,1,6,2025,12,26,4,4,0,1,44.75,3.8231917917215306,1,0,0,1,0,0,0,0,0,0,1
10.272,1,1,7,2025,5,12,0,2,0,0,10.272,2.422321774596379,0,0,1,0,1,0,0,0,0,0,1
246.38,2,1,7,2025,11,5,2,4,0,1,123.19,5.510925615946864,1,0,0,0,0,0,1,0,0,0,1
551.55,3,2,4,2025,12,4,3,4,0,1,183.85,6.314543927034791,1,0,0,1,0,0,0,0,0,0,1
5.76,1,1,2,2025,4,30,2,2,0,0,5.76,1.9110228900548727,1,0,0,0,1,0,0,1,0,0,0
354.77,4,3,3,2025,11,16,6,4,1,1,88.6925,5.874284454644814,1,0,0,0,0,0,1,1,0,0,0
197.29999999999998,3,2,5,2025,6,8,6,2,1,0,65.76666666666667,5.28978103552575,1,0,0,0,0,0,1,0,0,0,1
59.913,1,1,6,2025,11,19,2,4,0,1,59.913,4.109446616631728,1,0,0,0,1,0,0,0,0,0,1
34.65,1,1,3,2025,12,2,1,4,0,1,34.65,3.573749146860305,1,0,0,0,0,1,0,1,0,0,0
24.619999999999997,2,1,5,2025,9,22,0,3,0,0,12.309999999999999,3.243373296468588,0,1,0,1,0,0,0,0,0,0,1
225.54600000000002,2,2,4,2025,4,30,2,2,0,0,112.77300000000001,5.422948014810729,0,0,1,0,0,1,0,0,0,0,1
361.044,3,2,5,2025,7,20,6,3,1,0,120.348,5.891765751400864,0,1,0,0,1,0,0,0,0,0,1
38.016,1,1,4,2025,5,19,0,2,0,0,38.016,3.6639718184077514,0,1,0,1,0,0,0,0,0,0,1
1520.15,7,3,1,2025,8,21,3,3,0,0,217.16428571428574,7.327221906726115,1,0,0,0,0,0,1,1,0,0,0
1515.186,2,2,2,2025,6,8,6,2,1,0,757.593,7.3239532499692315,0,0,1,0,0,0,1,1,0,0,0
5.682,1,1,6,2025,11,6,3,4,0,1,5.682,1.899417343934565,0,0,1,0,0,0,1,0,0,0,1
166.44,1,1,5,2025,9,12,4,3,0,0,166.44,5.120625078137744,1,0,0,0,0,0,1,0,0,1,0
701.96,1,1,5,2025,11,25,1,4,0,1,701.96,6.555299991187588,0,1,0,0,0,1,0,0,0,1,0
91.193,2,2,3,2025,12,10,2,4,0,1,45.5965,4.523884205771441,1,0,0,0,1,0,0,1,0,0,0
3629.9360000000006,5,2,4,2025,11,28,4,4,0,1,725.9872000000001,8.197245745260648,0,0,1,0,1,0,0,0,0,0,1
303.544,3,1,5,2025,5,15,3,2,0,0,101.18133333333333,5.718815575889932,1,0,0,0,0,0,1,0,0,0,1
166.692,3,2,5,2025,10,26,6,4,1,0,55.564,5.122128963457529,1,0,0,0,1,0,0,0,0,0,1
43.5,1,1,2,2025,11,3,0,4,0,1,43.5,3.7954891891721947,1,0,0,0,0,0,1,0,0,1,0
283.92,1,1,5,2025,11,20,3,4,0,1,283.92,5.6522084391101535,1,0,0,0,0,0,1,0,0,0,1
279.004,3,2,3,2025,7,3,3,3,0,0,93.00133333333333,5.634803888781495,0,0,1,0,1,0,0,0,0,1,0
239.12,1,1,2,2025,8,20,2,3,0,0,239.12,5.481138798383642,1,0,0,0,0,0,1,0,0,1,0
1358.484,2,2,2,2025,8,17,6,3,1,0,679.242,7.214860494970537,0,1,0,0,1,0,0,1,0,0,0
159.99,1,1,1,2025,11,5,2,4,0,1,159.99,5.081342251254203,0,1,0,0,0,0,1,1,0,0,0
36.44,1,1,4,2025,10,22,2,4,0,0,36.44,3.622739651609391,0,0,1,1,0,0,0,0,0,0,1
1915.6239999999998,7,3,4,2025,12,2,1,4,0,1,273.6605714285714,7.558320584005944,0,1,0,0,0,0,1,0,0,0,1
54.368,1,1,4,2025,5,28,2,2,0,0,54.368,4.014001809539562,1,0,0,1,0,0,0,0,0,0,1
17.48,1,1,4,2025,6,1,6,2,1,0,17.48,2.916689066213538,0,1,0,0,1,0,0,0,0,1,0
204.95,1,1,5,2025,6,30,0,2,0,0,204.95,5.32763342088209,1,0,0,0,0,0,1,0,0,0,1
90.57,1,1,4,2025,7,29,1,3,0,0,90.57,4.517103707119641,1,0,0,0,0,0,1,0,0,0,1
974.988,1,1,5,2025,12,14,6,4,1,1,974.988,6.88345029125554,1,0,0,1,0,0,0,0,0,0,1
38.88,1,1,5,2025,1,3,4,1,0,0,38.88,3.6858749450936377,1,0,0,0,0,0,1,0,0,0,1
35.96,1,1,6,2025,8,20,2,3,0,0,35.96,3.6098362467734835,0,0,1,0,0,1,0,0,0,0,1
52.44,1,1,5,2025,11,16,6,4,1,1,52.44,3.97855952922839,0,0,1,0,1,0,0,0,0,0,1
30.336,2,2,5,2025,10,20,0,4,0,0,15.168,3.4447675963635302,0,1,0,0,0,1,0,0,0,0,1
115.96,1,1,4,2025,7,29,1,3,0,0,115.96,4.761831996001468,1,0,0,0,0,0,1,0,0,0,1
35.2,1,1,2,2025,10,9,3,4,0,0,35.2,3.5890591188317256,1,0,0,0,0,0,1,1,0,0,0
168.1,1,1,5,2025,11,2,6,4,1,1,168.1,5.130490255904535,1,0,0,0,0,0,1,0,0,0,1
35.184,1,1,2,2025,11,11,1,4,0,1,35.184,3.588617032175542,1,0,0,1,0,0,0,1,0,0,0
43.8,1,1,4,2025,11,17,0,4,0,1,43.8,3.8022081394209395,1,0,0,0,1,0,0,0,0,1,0
959.1999999999999,5,2,4,2025,9,15,0,3,0,0,191.83999999999997,6.86714159609684,1,0,0,0,0,0,1,0,0,0,1
370.782,1,1,0,2025,11,12,2,4,0,1,370.782,5.918307660990054,0,1,0,0,1,0,0,0,1,0,0
66.284,1,1,4,2025,12,17,2,4,0,1,66.284,4.208922466929536,1,0,0,1,0,0,0,0,0,1,0
814.526,3,3,2,2025,5,27,1,2,0,0,271.50866666666667,6.703833303833648,1,0,0,0,0,0,1,1,0,0,0
719.095,2,1,5,2025,10,9,3,4,0,0,359.5475,6.579383147750643,0,1,0,1,0,0,0,0,0,0,1
8.559,1,1,7,2025,10,21,1,4,0,0,8.559,2.2574831190816256,1,0,0,0,0,0,1,0,0,0,1
107.55199999999999,2,2,4,2025,9,4,3,3,0,0,53.775999999999996,4.6872293208436515,1,0,0,0,0,1,0,0,0,0,1
1069.132,5,2,1,2025,3,25,1,1,0,0,213.8264,6.975537284333161,1,0,0,0,0,0,1,1,0,0,0
1801.632,1,1,3,2025,8,15,4,3,0,0,1801.632,7.497003098100546,0,1,0,0,1,0,0,0,0,1,0
38.196,3,2,2,2025,12,9,1,4,0,1,12.732,3.668574700773572,0,1,0,1,0,0,0,1,0,0,0
2457.141,8,3,4,2025,9,9,1,3,0,0,307.142625,7.8071606521910795,0,1,0,0,1,0,0,0,0,0,1
15.28,1,1,3,2025,11,14,4,4,0,1,15.28,2.789937360574394,0,0,1,1,0,0,0,1,0,0,0
20.7,1,1,4,2025,2,11,1,1,0,0,20.7,3.077312260546414,0,1,0,0,1,0,0,0,0,0,1
110.43299999999999,2,2,5,2025,5,28,2,2,0,0,55.216499999999996,4.713423513428312,0,1,0,1,0,0,0,0,0,1,0
119.94,1,1,0,2025,11,16,6,4,1,1,119.94,4.795294554845067,1,0,0,0,1,0,0,0,1,0,0
2017.3200000000002,3,2,0,2025,8,12,1,3,0,0,672.44,7.61002076118661,0,1,0,0,1,0,0,0,1,0,0
14.976,1,1,4,2025,3,6,3,1,0,0,14.976,2.771087596113514,0,0,1,0,0,0,1,0,0,0,1
30.56,1,1,3,2025,11,6,3,4,0,1,30.56,3.4518904959776733,1,0,0,1,0,0,0,0,0,1,0
296.022,4,3,5,2025,3,18,1,1,0,0,74.0055,5.693806210133425,1,0,0,1,0,0,0,0,0,0,1
230.376,1,1,3,2025,11,13,3,4,0,1,230.376,5.444044092872437,0,0,1,1,0,0,0,1,0,0,0
114.684,3,2,2,2025,3,4,1,1,0,0,38.228,4.750862335959256,0,0,1,1,0,0,0,0,0,1,0
663.936,1,1,0,2025,11,30,6,4,1,1,663.936,6.499690795422927,0,0,1,0,1,0,0,0,1,0,0
170.872,2,2,0,2025,3,30,6,1,1,0,85.436,5.146750013723049,1,0,0,0,0,0,1,0,1,0,0
1633.188,1,1,7,2025,10,19,6,4,1,0,1633.188,7.39890132388118,0,0,1,0,0,1,0,0,0,0,1
668.7439999999999,5,2,1,2025,6,11,2,2,0,0,133.7488,6.50689554981796,0,0,1,0,0,0,1,1,0,0,0
195.64,1,1,0,2025,5,19,0,2,0,0,195.64,5.281374645817724,1,0,0,0,0,1,0,0,1,0,0
3.52,1,1,6,2025,1,20,0,1,0,0,3.52,1.5085119938441398,1,0,0,0,1,0,0,0,0,0,1
20.664,1,1,2,2025,9,30,1,3,0,0,20.664,3.0756518967298647,0,1,0,0,1,0,0,1,0,0,0
377.52799999999996,2,2,1,2025,3,26,2,1,0,0,188.76399999999998,5.936290046363326,1,0,0,0,1,0,0,1,0,0,0
42.616,1,1,5,2025,9,3,2,3,0,0,42.616,3.7754240555141223,1,0,0,1,0,0,0,0,0,1,0
265.072,2,2,5,2025,11,4,1,4,0,1,132.536,5.583766948847102,0,1,0,0,1,0,0,0,0,0,1
1889.99,1,1,6,2025,12,7,6,4,1,1,1889.99,7.544855780437177,0,1,0,1,0,0,0,0,0,0,1
17.48,1,1,6,2025,7,21,0,3,0,0,17.48,2.916689066213538,1,0,0,0,1,0,0,0,0,0,1
25.11,1,1,5,2025,4,2,2,2,0,0,25.11,3.2623183827110376,1,0,0,0,0,0,1,0,0,0,1
13.48,1,1,0,2025,12,23,1,4,0,1,13.48,2.6727683869575705,1,0,0,0,0,0,1,0,1,0,0
124.404,1,1,4,2025,7,21,0,3,0,0,124.404,4.831540525616727,1,0,0,1,0,0,0,0,0,0,1
332.8,4,1,2,2025,1,7,1,1,0,0,83.2,5.810542011227735,1,0,0,0,0,0,1,0,0,1,0
19.002000000000002,2,1,7,2025,7,6,6,3,1,0,9.501000000000001,2.9958322685543246,0,1,0,0,1,0,0,0,0,0,1
663.87,6,3,3,2025,9,8,0,3,0,0,110.645,6.499591532823639,0,1,0,1,0,0,0,1,0,0,0
871.4,1,1,4,2025,6,25,2,2,0,0,871.4,6.771248034327474,1,0,0,0,0,0,1,0,0,1,0
9.324,1,1,5,2025,11,13,3,4,0,1,9.324,2.3344712818563673,0,0,1,1,0,0,0,0,0,1,0
765.625,1,1,5,2025,9,8,0,3,0,0,765.625,6.641997763946148,1,0,0,1,0,0,0,0,0,1,0
6.54,1,1,2,2025,12,11,3,4,0,1,6.54,2.020222182019865,0,1,0,0,1,0,0,1,0,0,0
133.89600000000002,3,2,5,2025,9,23,1,3,0,0,44.632000000000005,4.90450411118032,1,0,0,1,0,0,0,0,0,0,1
535.264,6,3,3,2025,9,28,6,3,1,0,89.21066666666667,6.284626577127546,0,0,1,0,0,0,1,1,0,0,0
11.56,1,1,3,2025,11,12,2,4,0,1,11.56,2.5305171610400525,1,0,0,0,0,0,1,0,0,1,0
51.41,2,2,3,2025,12,5,4,4,0,1,25.705,3.959097412814075,1,0,0,0,1,0,0,1,0,0,0
198.272,1,1,4,2025,4,14,0,2,0,0,198.272,5.294670725627839,0,1,0,0,0,1,0,0,0,0,1
5.184,1,1,5,2025,6,29,6,2,1,0,5.184,1.8219653112851208,0,1,0,1,0,0,0,0,0,0,1
311.96000000000004,2,2,4,2025,7,3,3,3,0,0,155.98000000000002,5.746075386846453,1,0,0,0,0,1,0,0,0,0,1
637.1800000000001,4,1,4,2025,1,19,6,1,1,0,159.29500000000002,6.458620375214579,1,0,0,0,1,0,0,0,0,0,1
12.128,1,1,4,2025,1,29,2,1,0,0,12.128,2.5747473537877896,1,0,0,1,0,0,0,0,0,0,1
6.48,1,1,4,2025,7,21,0,3,0,0,6.48,2.012232791986386,0,0,1,0,1,0,0,0,0,0,1
76.521,2,1,7,2025,11,24,0,4,0,1,38.2605,4.350548867396109,0,1,0,0,0,1,0,0,0,0,1
159.56,1,1,3,2025,5,2,4,2,0,0,159.56,5.078667704488082,0,1,0,0,0,0,1,0,0,1,0
429.592,2,1,7,2025,11,10,0,4,0,1,214.796,6.065161006030319,1,0,0,0,0,0,1,0,0,0,1
69.98,1,1,3,2025,4,24,3,2,0,0,69.98,4.2623981472183505,0,1,0,0,1,0,0,1,0,0,0
1065.8400000000001,3,2,2,2025,7,15,1,3,0,0,355.28000000000003,6.972456286918013,0,1,0,0,0,1,0,1,0,0,0
195.136,1,1,5,2025,4,17,3,2,0,0,195.136,5.278808296159811,0,1,0,1,0,0,0,0,0,0,1
4.608,1,1,6,2025,3,17,0,1,0,0,4.608,1.724194149732289,0,0,1,0,0,1,0,0,0,0,1
47.94,1,1,4,2025,9,7,6,3,1,0,47.94,3.8905950580145254,1,0,0,0,0,0,1,0,0,0,1
283.46,2,2,6,2025,7,3,3,3,0,0,141.73,5.650592646142082,0,0,1,0,1,0,0,0,0,0,1
11.646,1,1,6,2025,9,30,1,3,0,0,11.646,2.5373409596364214,0,0,1,1,0,0,0,0,0,0,1
562.6519999999999,3,3,3,2025,9,7,6,3,1,0,187.55066666666664,6.334437039785496,1,0,0,0,0,0,1,1,0,0,0
935.74,4,3,5,2025,7,29,1,3,0,0,233.935,6.842405762409984,1,0,0,1,0,0,0,0,0,0,1
40.032,1,1,0,2025,6,10,1,2,0,0,40.032,3.714352250086967,1,0,0,0,1,0,0,0,1,0,0
31.349999999999998,2,2,4,2025,6,6,4,2,0,0,15.674999999999999,3.4766140209469096,0,0,1,0,0,0,1,0,0,0,1
97.236,2,2,3,2025,12,8,0,4,0,1,48.618,4.587372746957511,1,0,0,0,1,0,0,1,0,0,0
513.496,4,3,4,2025,4,23,2,2,0,0,128.374,6.243187780705496,0,0,1,0,0,1,0,0,0,0,1
228.572,2,2,6,2025,9,23,1,3,0,0,114.286,5.436216705789245,1,0,0,0,0,0,1,0,0,0,1
5.936,1,1,5,2025,6,16,0,2,0,0,5.936,1.9367252394782408,0,1,0,1,0,0,0,0,0,0,1
62.352,1,1,4,2025,11,12,2,4,0,1,62.352,4.148706476908111,0,1,0,0,0,0,1,0,0,0,1
598.3100000000001,2,2,6,2025,5,27,1,2,0,0,299.15500000000003,6.395778993458751,0,0,1,0,0,1,0,0,0,0,1
314.532,1,1,2,2025,8,22,4,3,0,0,314.532,5.754260103145416,0,0,1,0,1,0,0,1,0,0,0
409.548,5,2,3,2025,11,18,1,4,0,1,81.9096,6.017492852629109,1,0,0,0,0,0,1,1,0,0,0
148.16000000000003,5,2,4,2025,9,24,2,3,0,0,29.632000000000005,5.0050195553106205,0,0,1,0,0,1,0,0,0,0,1
11.088,1,1,6,2025,12,9,1,4,0,1,11.088,2.4922132249704383,1,0,0,0,1,0,0,0,0,0,1
90.6,2,2,4,2025,3,11,1,1,0,0,45.3,4.517431271680085,0,0,1,0,1,0,0,0,0,0,1
1407.2048,3,2,5,2025,5,6,1,2,0,0,469.06826666666666,7.250070980685956,0,1,0,1,0,0,0,0,0,0,1
369.97900000000004,2,2,4,2025,11,25,1,4,0,1,184.98950000000002,5.916145457231797,1,0,0,0,0,0,1,0,0,0,1
481.59,6,3,3,2025,5,14,2,2,0,0,80.265,6.179167431882172,0,1,0,0,1,0,0,1,0,0,0
37.608,1,1,1,2025,6,22,6,2,1,0,37.608,3.653459508882676,1,0,0,0,0,1,0,1,0,0,0
1488.424,1,1,5,2025,8,27,2,3,0,0,1488.424,7.306144747018076,0,1,0,0,1,0,0,0,0,0,1
428.70399999999995,2,1,4,2025,2,25,1,1,0,0,214.35199999999998,6.0630965995577295,1,0,0,0,0,1,0,0,0,0,1
2399.96,1,1,0,2025,7,24,3,3,0,0,2399.96,7.783623936357364,0,1,0,0,0,0,1,0,1,0,0
229.544,1,1,4,2025,8,31,6,3,1,0,229.544,5.440441733590578,1,0,0,0,0,1,0,0,0,1,0
7.58,1,1,6,2025,9,1,0,3,0,0,7.58,2.149433913499871,0,0,1,0,0,0,1,0,0,0,1
14.76,1,1,5,2025,12,10,2,4,0,1,14.76,2.757475084429733,0,1,0,0,0,1,0,0,0,0,1
536.36,2,2,7,2025,6,20,4,2,0,0,268.18,6.286668260958609,1,0,0,0,0,1,0,0,0,0,1
82.38,1,1,4,2025,12,7,6,4,1,1,82.38,4.423408472452651,1,0,0,0,0,1,0,0,0,0,1
212.992,2,2,4,2025,11,14,4,4,0,1,106.496,5.365938631145513,1,0,0,1,0,0,0,0,0,0,1
14.016,1,1,3,2025,11,12,2,4,0,1,14.016,2.7091162992842075,0,1,0,0,0,0,1,1,0,0,0
580.8599999999999,2,1,4,2025,4,8,1,2,0,0,290.42999999999995,6.366229868966508,0,1,0,1,0,0,0,0,0,0,1
163.96,1,1,5,2025,4,30,2,2,0,0,163.96,5.10570302026865,0,0,1,0,0,0,1,0,0,0,1
681.9100000000001,3,2,6,2025,10,6,0,4,0,0,227.30333333333337,6.52636307929225,0,0,1,0,1,0,0,0,0,0,1
305.312,1,1,6,2025,11,19,2,4,0,1,305.312,5.724604190348499,0,1,0,1,0,0,0,0,0,0,1
40.74,1,1,4,2025,4,16,2,2,0,0,40.74,3.7314599016490546,0,0,1,0,0,0,1,0,0,0,1
448.81800000000004,3,2,3,2025,8,27,2,3,0,0,149.60600000000002,6.108843056510207,0,0,1,0,1,0,0,1,0,0,0
104.75,1,1,5,2025,10,1,2,4,0,0,104.75,4.661077817926388,0,0,1,0,0,0,1,0,0,0,1
209.979,1,1,2,2025,5,11,6,2,1,0,209.979,5.351758602456668,0,1,0,0,0,0,1,1,0,0,0
1.744,1,1,2,2025,9,28,6,3,1,0,1.744,1.0094167098636389,1,0,0,1,0,0,0,0,0,1,0
233.058,1,1,7,2025,11,19,2,4,0,1,233.058,5.455568947892544,1,0,0,1,0,0,0,0,0,0,1
25.68,1,1,6,2025,3,23,6,1,1,0,25.68,3.283914221047423,1,0,0,0,1,0,0,0,0,0,1
22.0,1,1,6,2025,11,13,3,4,0,1,22.0,3.1354942159291497,1,0,0,0,0,0,1,0,0,0,1
392.21999999999997,3,2,2,2025,12,10,2,4,0,1,130.73999999999998,5.974369251679344,0,1,0,0,0,0,1,0,0,1,0
99.2,1,1,2,2025,9,29,0,3,0,0,99.2,4.607168188650764,1,0,0,0,0,0,1,1,0,0,0
987.1880000000001,4,3,5,2025,3,11,1,1,0,0,246.79700000000003,6.895872963047087,0,0,1,0,1,0,0,0,0,0,1
2737.672,5,2,4,2025,3,26,2,1,0,0,547.5344,7.915228410358057,0,1,0,1,0,0,0,0,0,0,1
20.736,1,1,6,2025,4,15,1,2,0,0,20.736,3.0789698721240466,0,0,1,1,0,0,0,0,0,0,1
47.12,1,1,5,2025,11,9,6,4,1,1,47.12,3.873697891106478,1,0,0,0,0,0,1,0,0,0,1
23.16,1,1,4,2025,5,5,0,2,0,0,23.16,3.184698373066614,1,0,0,0,0,0,1,0,0,0,1
1820.208,5,3,0,2025,9,11,3,3,0,0,364.0416,7.507255296159084,1,0,0,0,0,0,1,0,1,0,0
1298.896,5,2,5,2025,7,18,4,3,0,0,259.7792,7.170039540249458,1,0,0,0,0,0,1,0,0,0,1
11.364,1,1,7,2025,4,11,4,2,0,0,11.364,2.51478902426987,0,0,1,1,0,0,0,0,0,0,1
99.87,1,1,3,2025,8,3,6,3,1,0,99.87,4.613832559066744,1,0,0,0,0,0,1,0,0,1,0
299.96,2,2,4,2025,3,20,3,1,0,0,149.98,5.70697736555272,1,0,0,0,1,0,0,0,0,0,1
43.372,1,1,5,2025,4,30,2,2,0,0,43.372,3.792608639876413,0,0,1,1,0,0,0,0,0,0,1
94.78399999999999,2,1,4,2025,12,9,1,4,0,1,47.391999999999996,4.5620956564145425,0,1,0,0,1,0,0,0,0,0,1
54.336,1,1,3,2025,11,2,6,4,1,1,54.336,4.013423691298284,0,1,0,1,0,0,0,1,0,0,0
5.628,2,1,6,2025,4,21,0,2,0,0,2.814,1.8913030995643165,1,0,0,1,0,0,0,0,0,0,1
159.96,1,1,5,2025,9,9,1,3,0,0,159.96,5.081155886911374,0,1,0,0,0,0,1,0,0,0,1
24.678,2,1,2,2025,10,20,0,4,0,0,12.339,3.2456345941688918,0,1,0,0,0,0,1,0,0,1,0
49.12,1,1,5,2025,6,9,0,2,0,0,49.12,3.9144201300278674,1,0,0,0,0,1,0,0,0,0,1
12.294,1,1,6,2025,9,21,6,3,1,0,12.294,2.58731280561939,1,0,0,0,0,1,0,0,0,0,1
299.9,1,1,4,2025,3,13,3,1,0,0,299.9,5.706777983635999,1,0,0,0,1,0,0,0,0,0,1
303.372,2,2,2,2025,12,2,1,4,0,1,151.686,5.718250637525447,1,0,0,1,0,0,0,0,0,1,0
88.074,1,1,1,2025,9,4,3,3,0,0,88.074,4.489467484934355,0,1,0,0,0,0,1,1,0,0,0
484.32300000000004,4,3,5,2025,12,25,3,4,0,1,121.08075000000001,6.184814648653069,1,0,0,0,1,0,0,0,0,0,1
1435.96,7,3,3,2025,3,28,4,1,0,0,205.13714285714286,7.27028504992264,0,1,0,0,0,0,1,1,0,0,0
279.9,1,1,4,2025,1,28,1,1,0,0,279.9,5.637998734110198,1,0,0,1,0,0,0,0,0,0,1
133.12,1,1,5,2025,5,19,0,2,0,0,133.12,4.898734921598028,1,0,0,0,0,0,1,0,0,0,1
307.74,3,2,5,2025,10,6,0,4,0,0,102.58,5.732499498753695,0,0,1,0,0,0,1,0,0,0,1
639.83,3,1,7,2025,7,1,1,3,0,0,213.27666666666667,6.462764211137693,0,0,1,1,0,0,0,0,0,0,1
760.98,1,1,4,2025,1,12,6,1,1,0,760.98,6.635920308623035,0,1,0,1,0,0,0,0,0,0,1
71.976,1,1,2,2025,11,30,6,4,1,1,71.976,4.290130619969345,0,0,1,0,0,1,0,0,0,1,0
348.56,1,1,2,2025,10,13,0,4,0,0,348.56,5.856675220759343,1,0,0,0,0,1,0,1,0,0,0
32.4,1,1,5,2025,9,19,4,3,0,0,32.4,3.5085558999826545,1,0,0,0,1,0,0,0,0,0,1
10.68,1,1,2,2025,12,6,5,4,1,1,10.68,2.4578779774000807,0,1,0,0,0,0,1,0,0,1,0
98.446,3,1,7,2025,12,3,2,4,0,1,32.815333333333335,4.5996147832743945,1,0,0,0,0,1,0,0,0,0,1
161.568,1,1,5,2025,9,7,6,3,1,0,161.568,5.091096375777642,1,0,0,0,0,0,1,0,0,0,1
205.922,3,2,4,2025,5,22,3,2,0,0,68.64066666666666,5.332341910659839,1,0,0,1,0,0,0,0,0,0,1
10.368,1,1,6,2025,4,30,2,2,0,0,10.368,2.4308023907947995,1,0,0,0,1,0,0,0,0,0,1
49.56,1,1,3,2025,5,22,3,2,0,0,49.56,3.923160749838602,1,0,0,0,0,0,1,1,0,0,0
193.266,2,1,6,2025,6,24,1,2,0,0,96.633,5.26922835393806,0,1,0,1,0,0,0,0,0,0,1
122.97,1,1,0,2025,6,11,2,2,0,0,122.97,4.8200396008500555,1,0,0,0,0,0,1,0,1,0,0
97.264,1,1,4,2025,4,21,0,2,0,0,97.264,4.587657734236793,1,0,0,1,0,0,0,0,0,1,0
219.075,1,1,4,2025,11,19,2,4,0,1,219.075,5.39396839734697,1,0,0,1,0,0,0,0,0,0,1
239.24,1,1,0,2025,7,6,6,3,1,0,239.24,5.481638423675075,1,0,0,0,0,1,0,0,1,0,0
67.824,2,2,5,2025,5,15,3,2,0,0,33.912,4.231552521319047,1,0,0,1,0,0,0,0,0,0,1
67.9,1,1,4,2025,9,11,3,3,0,0,67.9,4.232656178019613,1,0,0,0,0,1,0,0,0,0,1
239.666,1,1,4,2025,9,3,2,3,0,0,239.666,5.483410080137777,1,0,0,0,0,0,1,0,0,1,0
2.064,1,1,5,2025,11,13,3,4,0,1,2.064,1.1197212518783448,1,0,0,0,0,1,0,0,0,1,0
190.04999999999998,5,2,0,2025,11,6,3,4,0,1,38.01,5.252535173892909,0,0,1,0,0,0,1,0,1,0,0
5.715,1,1,4,2025,3,30,6,1,1,0,5.715,1.904343829975201,1,0,0,0,1,0,0,0,0,0,1
87.994,3,1,4,2025,5,14,2,2,0,0,29.331333333333333,4.488568951729261,1,0,0,0,1,0,0,0,0,0,1
1.624,1,1,4,2025,6,8,6,2,1,0,1.624,0.9646998710818426,0,1,0,1,0,0,0,0,0,0,1
1475.054,5,3,1,2025,11,10,0,4,0,1,295.0108,7.297127589857043,0,1,0,0,0,0,1,1,0,0,0
226.64,2,2,4,2025,11,17,0,4,0,1,113.32,5.4277654337349235,1,0,0,0,1,0,0,0,0,0,1
173.72,2,2,6,2025,8,7,3,3,0,0,86.86,5.16318469255654,1,0,0,0,0,0,1,0,0,0,1
9.664,1,1,7,2025,11,4,1,4,0,1,9.664,2.3668735828764076,0,0,1,0,0,1,0,0,0,0,1
61.486,3,1,6,2025,4,16,2,2,0,0,20.49533333333333,4.1349425316506085,1,0,0,1,0,0,0,0,0,0,1
71.372,1,1,2,2025,7,16,2,3,0,0,71.372,4.28181948425685,1,0,0,0,1,0,0,0,0,1,0
56.7,1,1,4,2025,9,14,6,3,1,0,56.7,4.055257173514054,1,0,0,0,0,0,1,0,0,1,0
146.82,1,1,0,2025,11,16,6,4,1,1,146.82,4.995995317356741,1,0,0,0,1,0,0,0,1,0,0
162.16,2,1,3,2025,5,12,0,2,0,0,81.08,5.094731314449358,0,1,0,1,0,0,0,0,0,1,0
97.91799999999999,2,2,0,2025,7,21,0,3,0,0,48.958999999999996,4.5942912240905525,1,0,0,0,0,0,1,0,1,0,0
77.75999999999999,2,2,5,2025,1,12,6,1,1,0,38.879999999999995,4.366405253770925,0,0,1,0,1,0,0,0,0,1,0
1814.6799999999998,5,2,3,2025,12,29,0,4,0,1,362.936,7.504215332180432,1,0,0,0,0,1,0,0,0,1,0
38.864,1,1,5,2025,11,18,1,4,0,1,38.864,3.6854736609791034,0,1,0,0,1,0,0,0,0,0,1
732.93,2,2,2,2025,3,31,0,1,0,0,366.465,6.598413656219302,0,0,1,0,0,1,0,0,0,1,0
17.48,1,1,6,2025,9,9,1,3,0,0,17.48,2.916689066213538,1,0,0,1,0,0,0,0,0,0,1
29.7,1,1,7,2025,3,31,0,1,0,0,29.7,3.4242626545931514,0,1,0,0,0,0,1,0,0,0,1
466.81399999999996,3,2,5,2025,7,21,0,3,0,0,155.60466666666665,6.148070781021633,0,0,1,0,1,0,0,0,0,0,1
63.686,1,1,6,2025,12,11,3,4,0,1,63.686,4.169544794785036,1,0,0,0,1,0,0,0,0,0,1
524.0180000000001,3,2,5,2025,9,11,3,3,0,0,174.67266666666671,6.2634325477181685,1,0,0,1,0,0,0,0,0,0,1
82.256,2,1,6,2025,11,20,3,4,0,1,41.128,4.421920198335558,1,0,0,0,1,0,0,0,0,0,1
2610.73,6,3,4,2025,7,14,0,3,0,0,435.12166666666667,7.867768115987522,1,0,0,0,1,0,0,0,0,0,1
1.188,1,1,3,2025,12,28,6,4,1,1,1.188,0.7829878845597348,0,1,0,0,0,0,1,0,0,1,0
2.896,1,1,3,2025,8,27,2,3,0,0,2.896,1.3599503857802886,0,1,0,0,0,1,0,1,0,0,0
2437.672,7,2,3,2025,10,2,3,4,0,0,348.23885714285717,7.79920890782768,0,0,1,0,0,1,0,1,0,0,0
1152.8700000000001,5,2,5,2025,12,23,1,4,0,1,230.574,7.050876789075924,0,1,0,0,0,1,0,0,0,1,0
29.16,1,1,4,2025,2,17,0,1,0,0,29.16,3.4065165431397553,1,0,0,0,0,1,0,0,0,1,0
2911.7839999999997,3,3,6,2025,9,15,0,3,0,0,970.5946666666665,7.976864603849707,1,0,0,0,0,0,1,0,0,0,1
255.248,2,2,4,2025,9,2,1,3,0,0,127.624,5.546145725544111,1,0,0,0,0,0,1,0,0,0,1
1158.882,6,2,2,2025,11,2,6,4,1,1,193.14700000000002,7.056073554788228,0,0,1,0,0,0,1,0,0,1,0
1048.35,1,1,5,2025,4,29,1,2,0,0,1048.35,6.95592620384343,0,1,0,0,1,0,0,0,0,1,0
159.73,3,2,3,2025,2,2,6,1,1,0,53.24333333333333,5.079725938581049,0,1,0,0,1,0,0,1,0,0,0
725.0790000000001,3,2,2,2025,11,13,3,4,0,1,241.693,6.587658824331824,0,1,0,0,1,0,0,1,0,0,0
807.898,3,3,5,2025,7,18,4,3,0,0,269.2993333333333,6.695672827527341,1,0,0,0,1,0,0,0,0,0,1
1079.316,1,1,3,2025,11,30,6,4,1,1,1079.316,6.985008869913993,1,0,0,0,1,0,0,1,0,0,0
173.4,2,1,5,2025,7,31,3,3,0,0,86.7,5.161351511474879,0,1,0,1,0,0,0,0,0,0,1
449.91,1,1,4,2025,1,28,1,1,0,0,449.91,6.111267763047603,0,0,1,0,1,0,0,0,0,0,1
24.0,1,1,6,2025,7,3,3,3,0,0,24.0,3.2188758248682006,1,0,0,0,0,1,0,0,0,0,1
14.82,1,1,2,2025,9,4,3,3,0,0,14.82,2.761274962339508,1,0,0,0,1,0,0,0,0,1,0
68.742,1,1,5,2025,3,28,4,1,0,0,68.742,4.244802718782959,0,1,0,0,0,1,0,0,0,0,1
1196.316,3,2,6,2025,5,20,1,2,0,0,398.772,7.0878376640344944,1,0,0,0,0,0,1,0,0,0,1
2012.3020000000001,2,2,6,2025,7,26,5,3,1,0,1006.1510000000001,7.60753143922574,0,1,0,0,0,0,1,0,0,0,1
4619.33,4,2,5,2025,1,13,0,1,0,0,1154.8325,8.438221410096315,0,1,0,1,0,0,0,0,0,1,0
215.544,1,1,7,2025,12,8,0,4,0,1,215.544,5.377793760049815,1,0,0,0,1,0,0,0,0,0,1
1827.51,7,2,3,2025,12,9,1,4,0,1,261.0728571428571,7.511256706538113,1,0,0,0,0,1,0,0,0,1,0
8167.419999999999,2,2,0,2025,11,4,1,4,0,1,4083.7099999999996,9.008030778698828,0,1,0,0,0,1,0,0,1,0,0
145.764,1,1,6,2025,10,8,2,4,0,0,145.764,4.988825854498598,1,0,0,0,1,0,0,0,0,0,1
2.808,1,1,6,2025,1,7,1,1,0,0,2.808,1.337104116929119,1,0,0,0,0,1,0,0,0,0,1
18.368,1,1,4,2025,11,3,0,4,0,1,18.368,2.963622219635757,0,1,0,0,0,0,1,0,0,0,1
171.43,2,2,2,2025,7,23,2,3,0,0,85.715,5.14999135701204,1,0,0,1,0,0,0,0,0,1,0
56.86,2,1,2,2025,9,7,6,3,1,0,28.43,4.058026299547989,1,0,0,0,1,0,0,1,0,0,0
113.41,2,1,4,2025,8,28,3,3,0,0,56.705,4.739788487712852,0,0,1,1,0,0,0,0,0,0,1
1344.838,6,3,2,2025,7,7,0,3,0,0,224.13966666666667,7.20477214634905,1,0,0,0,1,0,0,1,0,0,0
